{"version":74,"hash":{"type":"Buffer","data":"UhyzOdv+acQxEM7q0q0pLs2jTVxWfPlj80hg07nfFSXCGtjtAJM5G0FbiNJOX8GYGBromYdpxSQdXdobodTRYRyOfzPjM0fme++G8n1tk5DnOpITVi7d4dWi7oIAWkBKPwXP7Hng9QJt/PkXLDHCrI9e4RkFr230yxTKFpmD2po="},"indexValueMap":{"Aa1FBwMnvPJNn2X/NsuApGRx7vhvfyykuOcg6ig7D2s=":{"valueMac":{"type":"Buffer","data":"LUTrrU6iLapPpTHlGFq0Z6io+iAWYWBcdvPvfsR+o1Y="}},"BWBAozMfZ8fZ45PhZ+qVWZmGU1C+txt2C+fvVS9oSYM=":{"valueMac":{"type":"Buffer","data":"sPQIsyrOyeP4K62PQZkIohSI4DcESKbZM6JO2IHTSkA="}},"BZIsepQ3DYhXSuY/r8O2SLZtCFGCcxbANmkoIlmj9CQ=":{"valueMac":{"type":"Buffer","data":"fy7ishTg0CdXYtzJXyBBnti2wrFIrphmHXvlSR22jbE="}},"Bth3g6OokBBQ3gklejI6HlBmvlIF0HG4YCL7KmzrE1Q=":{"valueMac":{"type":"Buffer","data":"5qy1QcLO9dFgypP7JvVn11Sm2KraDBPdKknwPMMGj+o="}},"CQmMgmIdpjgjM0CVF2kZILU5KOrljCSl/BMRq4XQeeA=":{"valueMac":{"type":"Buffer","data":"5wAqxXGnZhIxuNwbKUka0DjX6cOFsRgR1JjM+9c92YU="}},"EDFX6LXA5fi6e6/5AFtkKOSRS0pG1TVfasLwtULrOj0=":{"valueMac":{"type":"Buffer","data":"UOncDy1iMXrQuEg/+ohXdxOPZQuYfFsHummWLYe04Bw="}},"EG5LfAF52BOJOn7dMMtTS6qHYfMVRxt9AHp47IjGjjs=":{"valueMac":{"type":"Buffer","data":"L6YCVM4NpunC/conVb48NcfHqIVlw6Chgstw81NhsBA="}},"HBB3VB5TyyJZGG9Jk9XYhE2hS7n4A3raGgfh7g9ocJU=":{"valueMac":{"type":"Buffer","data":"odO0QZqQU+szk/nKIp9YkD2YxKNpcCxq6c+tcvVRZ+Y="}},"HYyTkBv0+piHlSiaqHz3NR2zt66k9GEWgC0JM71mads=":{"valueMac":{"type":"Buffer","data":"9bzQlgu2uv3nxBofmQB3fTfXeOJBxoU5qiTtlFYieMM="}},"JUAibRdTgg+jpCKD/kzWrqqUsHd9eJKdU/fWCtuDGDo=":{"valueMac":{"type":"Buffer","data":"0myB8b3NK2d+hiF06WuW/twqD5Bg/4sRr3uHxhv3ysQ="}},"JdlXCvHDSD3Pf2r2NfXxOLgTiSwNrXXNyAMbVKeowo0=":{"valueMac":{"type":"Buffer","data":"vsb4aNkv7+GexYgs4KHlAgt9Kcpyn77lOUp+vAwSPGk="}},"K+uu8AQcrMLC3Y3cnwQaJ56yneLA6gjjRIIxZm1PL2A=":{"valueMac":{"type":"Buffer","data":"NuD4K53H11XFZUO1AAuRgKGUyMY1GH5iWyRTP17iqbU="}},"Lphe4lyE1NK+vLkIbZwH30+2pxli0BFQGFbUiuEdjb4=":{"valueMac":{"type":"Buffer","data":"K92z/l3prPx5iewo+LgXsEtmolL1H2zo98nZZvQfQsA="}},"L4Xamlw98efvi5rnvQKn6ia8nqKASRLG4POYVO5mKPU=":{"valueMac":{"type":"Buffer","data":"RiA9w3oCcu2kOAyXwlaz5stMBSX+7T295vzPM721Hfo="}},"L714IMeu/rRL/X99yU8xaJR18Rjb0Y7X8hzPknPBy4Q=":{"valueMac":{"type":"Buffer","data":"BtTwLQ2/FGhwEicq5hI8cf+yxKzDj+yVaTp173WhjLw="}},"MGD+SpZWVFPmu5ouwpkGtO+k8pdW4kK+h6HBCZ5CO14=":{"valueMac":{"type":"Buffer","data":"Es1Co4pdYeR+/ZEKYJAK0awHJOA6LMFCznMeCinjA5g="}},"Ml2qEsJotmrduW1WcL9jpNCnY2fVQmb5wye0ijKI8is=":{"valueMac":{"type":"Buffer","data":"nk0f7A8MomfNcGhORRVMu9M1tRfeqbfI4xHLozj5Pvc="}},"OBOGPsVWwuWPfHrfDKgN5YVAgHybq0yHizxCTj6YQ3M=":{"valueMac":{"type":"Buffer","data":"THeQB83ZoBr4LIf89i5lR2/GH4jeVRubGrDNY4Bv6Lo="}},"OYqDEw5vIDZ+C12bT7H3q43i0WT/WvIXEUBfKVhMDFc=":{"valueMac":{"type":"Buffer","data":"BUWfMCsM47bv0u4vqHteV8kOuKqyVlqMtf0/6h7k0xM="}},"RV/MEjiMigj9fiy00HjXjVJt+SL4AIxaO/7B/ycTW48=":{"valueMac":{"type":"Buffer","data":"h5/wTE3JNeKINi0+5Yewnm46M7BfiZHOqmyCHhlpdos="}},"RpgHlT/YyYqWUUUStIfdsfQXw1VV61rQfeKeXjsP/GU=":{"valueMac":{"type":"Buffer","data":"3Sa7JziNmm6GMjl5diK2lIOuhspEmh8hQ+KG9AatQOQ="}},"TXYFN2cp+lgcQfyDfbYkTKiDzFo57e43tTuBErLJ3Ds=":{"valueMac":{"type":"Buffer","data":"2iiNZm9zqvyKnKmZbQ7XpuPwfzznJdlwN05VpiheIgg="}},"UZARzc+R87dljwarYMOA+aDxRU8hhzcjdKVXcjBL4Vo=":{"valueMac":{"type":"Buffer","data":"18kDaxlKsO+Dvmn0WthxQJ2WgmfCWzud//dzIeiWZgo="}},"Vt5q01ho7MvYebzgE02rTi5s5R8Hfg7KEknTWBxznnY=":{"valueMac":{"type":"Buffer","data":"nquqhNfjvvRqdYQ/cySokEOHXrNU+ar2AjmsoTs0WgU="}},"Wd2aUBjD/NoPyxRSnJ1TR0VxRq+JMeZ83CzONl9RB5E=":{"valueMac":{"type":"Buffer","data":"tgOno7SXJ9042vBUdgW0OiXDlQOYWmTekKwN9K4WMNk="}},"XPyNFfGejDVstgLReTXzPAiQ3RzzvK8ZmBkOm99Z3HY=":{"valueMac":{"type":"Buffer","data":"y/i/LmOfchcEK0vEWM0bt9h7BrOsEZkcwECrD/5YWFU="}},"XdrLoc66ijRlvkGITRVMacYEu+b+TwIEWO72K7vcfCc=":{"valueMac":{"type":"Buffer","data":"doiUT+msQqLxBPDyEXwxfajnvXyYR/8hp4GVV7LWIV8="}},"Xxv/2CbURmWuD+2NNElRuzuzC0z0oLC1buhG7HNpQYQ=":{"valueMac":{"type":"Buffer","data":"jGutLoM9dJK4vlBGcabAsIEutbBVC/D/oXCDI/1Dy6Q="}},"Yb7QMeTPwGLXM0nsSD+T5arAGJy0P4bOWuo0zd8RYa4=":{"valueMac":{"type":"Buffer","data":"Stx2INfeOYjsw74BuboV0FHmgUtVbBkmSghD9TBwWmE="}},"Y6fHNug552BaM8+kdnlJdCubF3kaGWfuTKDF05d1Sw8=":{"valueMac":{"type":"Buffer","data":"85BD2+MQKkweAt9IfYos1YfX33i8HRzq8I7WJX/MKGc="}},"ZF0/V448b+6AUOOILr9tbZGq0RWQWnILXRI00RMa530=":{"valueMac":{"type":"Buffer","data":"cBugQFahcE9Vym5iXeq+LOWd78kUgTJPUNCCPN6unec="}},"ZolfhWeeYnS3H8z7e2dJ407NjtiK+qTxrwH1EmDCzRo=":{"valueMac":{"type":"Buffer","data":"vQkTrE3YiFP6cBWZ9jZZDbWIf4bmJlfMB4DCEWy56So="}},"Z9mnn1MZnnhJh2VVFhgH/3RpD4xaDS4ZqMd1b8KLuDQ=":{"valueMac":{"type":"Buffer","data":"oX8m1Gg8JkrH0DB/0I33BCUL//9Uwh9eMz0uRxDu55E="}},"bEfevQUr3GoDHJvpXKuCoeE4h06uduvrsPgDn/Qp+28=":{"valueMac":{"type":"Buffer","data":"ye2i3R+MwYXIuOOW3KZ/VqcKBVmcR8ikfOW8lTUpQyI="}},"buJgn5nLabCcPtcaQTuKmhyUuPsGuQRphQwXO9F6rkc=":{"valueMac":{"type":"Buffer","data":"9VXBlRNoVhZvJEJh5NjJjvCYInCjsMXoieEAe+IqRSs="}},"cwMlcIvL2im185zGZ47rRwnKeMI/wrBVANxVyksc28o=":{"valueMac":{"type":"Buffer","data":"SNsFcmrcRWlKOYCO+Duoh+5JIKVMAxuSm+hdJZK0YHo="}},"eDMkbeVZDtBJ4rFyajNcOtm3skWPyFVSQiZpQZrMVtk=":{"valueMac":{"type":"Buffer","data":"TPI6ZdMy3uM8GaODwNgTOnNWAxdVBbfV7trF0h8QwAw="}},"eo+Q3qcOBfaYffngwRyjDig1+SbuobmqKjIcZj71ODY=":{"valueMac":{"type":"Buffer","data":"NWVoP4spAAF0qHx4nf0X/hmPLn1gtMKxbBnuME+bKFk="}},"eujifauQ1j2e9V5v4gAgVzavTcdr/D8EQNwnE/qoA00=":{"valueMac":{"type":"Buffer","data":"1FBLB94I2rjfZRj9RNwdt/qZ6OO4P0b+BPP5AAgdCS0="}},"gLr6jsipWCruFqR2kn1E256AuSNoT3MaAZ5UE4AhFf4=":{"valueMac":{"type":"Buffer","data":"kAixcHErPB/8qOZiAwC4ZK5g0nfcxCHAT0gi3SlZa/s="}},"hU4PcraoK8ltagE5IKH0vEjEdUPZakVC3UBjiRH4Z4k=":{"valueMac":{"type":"Buffer","data":"KVDLGuczPcYv8zE7eq/MouFtzu1BpzgY02eIPzklOho="}},"hoZTaaYrQSKXAd0mUzBHf2Llak0kk49ghRucDY9QhB8=":{"valueMac":{"type":"Buffer","data":"Qza4FfBh9+PyisAwLghDaZ2CmrHr8Xfw60tMohJFr+E="}},"joaC74ZPjSjol3vPJ8RQVGxLVUTxkQGcOYphJP0NJvA=":{"valueMac":{"type":"Buffer","data":"t17eGYKAbpoGw/N4dzSXBVzvX+devXS3sJAJf5uoeEU="}},"j0kp10i3bdevN3Q4AkmvF5XzRI9hkGCpHe+zFx8oWxY=":{"valueMac":{"type":"Buffer","data":"rEIY+Eob50MLyqlONdbI5vHs0KmOzhuxs8c4aRiRl9E="}},"j29WV5YJ4Yg5hfKlxDUPolCEJoghqROByocIvn+4Nps=":{"valueMac":{"type":"Buffer","data":"BvDXycGTmUZhXBzcLzpV/ZVSyrDEigOgRu3PCGfecB8="}},"kYsAnR3O7Sw49NRzfNkNXAWm7q9Ef9nfKAhlR5v473Y=":{"valueMac":{"type":"Buffer","data":"8ERDIvLonzwD17O72tzdJEhhtN4XilXZB6kA4PVdixM="}},"ll0kMRL/S2881zBE+5ubm1TdSs1RFHFGcxbZowhWymI=":{"valueMac":{"type":"Buffer","data":"Lh5oQwcDzerCcAXIG5E4nmNbZAfYRD95Ly4EGCJdxCs="}},"mPoGy+RVVkKlpGZywKLKfilEVbFAaSsf9Nqf1AgDXxs=":{"valueMac":{"type":"Buffer","data":"RW39B+Zl6KagYAZsVHNzEwgySgdJq7oiKDqERiS05uw="}},"mQsZwX2vPtA7iO7iOZ9P4vOqD2+0wauu9cBXGS4zAZo=":{"valueMac":{"type":"Buffer","data":"KH4o/f9Git48ZxeAGuBtKGQnZEA0O2OOkIVAnxmlteg="}},"mXZQfmex/d15IrTgfKCnMN/0Cch7TWG6W6g9XDtsV/Q=":{"valueMac":{"type":"Buffer","data":"Abw3ls0nHHB8cBK5BumbpolgEs3b3EGRu8jIK/FSxZ8="}},"oopG5ba6b4g8qpBL4YPn93aYb5hIgbC9nNhtyoQETUQ=":{"valueMac":{"type":"Buffer","data":"nEu4X9JYG1XdpZ9SvZPQJ6Avv+bdV/lrJCfQOHAu0mE="}},"o3g/tCfTpAGZW3fIKoCqFV/wdt3hOdp9WNelJ302W9I=":{"valueMac":{"type":"Buffer","data":"jZSfPJ330+FdVGjDSnI1BHJ7+S3BiNK08KwCkyp1w4o="}},"phCDjjyyfEHx/5IaKpMy8+NmfnSie2NKaGhvl55NoU4=":{"valueMac":{"type":"Buffer","data":"X3nBWzUE+RitZyT6gzSekUVpyRICSdausT3rgqTiBCw="}},"phdRUg5FWK3FBmLS2i7wUz2Bc5jz4t/K5dKBZM+YFjA=":{"valueMac":{"type":"Buffer","data":"TUTWYqfZ3Nzjxqb3qOZKPP5dGzIJLSXcpkOib+5zmNc="}},"piQChdw+c4U5zRHGXHCnGU5UQeto3Nxo2fyLK4GXnt4=":{"valueMac":{"type":"Buffer","data":"n7k4EWr9Uf6vXpVIkvaOiYelMygmjRSlCtvuYxaRuWQ="}},"pzPs984ZAPuk2Mai5BePLCs48y9SLv/0d5vgbK3mjkE=":{"valueMac":{"type":"Buffer","data":"my5l8eD4MeuXz9XFh3yAtFt0IrJ8FWXO1DvdLL2aROo="}},"q4cTC/S4McI+Tvq82eNuS6lsM9vnCDXlqGznwsPCJYM=":{"valueMac":{"type":"Buffer","data":"Un8W6otWSE/eaZ0vb7FHqs78g0ffbVCHmgB433anbQA="}},"tAPlCT/69tdc5eIpt8w4RGMyLR/KFmcuJ5WgqUDVnIM=":{"valueMac":{"type":"Buffer","data":"ki7YMOpDjPQOJRdpqHN2s9KzlOkDn1H9zEi+vAiXdAw="}},"tG2CS9GOjj0eqxHbHDoDgyw6cxsqGV5SEH0YyVmC120=":{"valueMac":{"type":"Buffer","data":"DWpKD6zGlYlC2inPeovDQq7Sbv3Tg33gU4jWmsa61mQ="}},"uJzlkgTTYnhu7g0MKSCTOMOorzUawDTObCOeaEr9dlA=":{"valueMac":{"type":"Buffer","data":"4q3lq1rQsZiMiZSl328HBMLZy2XP5au0s4tRJKUm+QE="}},"u1f4GMKXvuovd9IxrG1LF+8vV3NMgsV5hHUU/1/4b1I=":{"valueMac":{"type":"Buffer","data":"6AnaUG71v3HQV0s/8zPZHgfiVS6hSuKQ8XpalHn72xo="}},"vRyecD2OsLpi5wkdd6ZtX337QhNTdFmq1stNdn9JKRs=":{"valueMac":{"type":"Buffer","data":"X5amHJ3ewKEgmg/DqF/o1iZ/dJwstz6quJYI8ux16QE="}},"vco4zgecEPc+J8u/MZwXHHT4MdR1ol0taB44+UEMXJw=":{"valueMac":{"type":"Buffer","data":"nyGeGxSkxgRc3x+weep8Ub1/zeryMr8Sw/JIpu3Dhtk="}},"wIA4bvGfzm77S/e+HTCBYOmkscATtPXQUZW5It7Zi8M=":{"valueMac":{"type":"Buffer","data":"CifKmqc7JJzmcMoxtQj22CyHLwAxchVTpQ353Ob7OWI="}},"wzqprpajFNc2+oen1O4tSY78BP28t/N0UZ4k+fmRy4c=":{"valueMac":{"type":"Buffer","data":"l06VWDK6Vi772aAym7gFFGAAPRJMcW6ZYuVfSeldtPc="}},"yO2Dpz8vcTmjkjkSXomyRsSXx3BAcI/kA5kn8DvE87w=":{"valueMac":{"type":"Buffer","data":"Hsu5Kmme63BW7tC86T08fCNHEidEU8ntdka67LkDl50="}},"yxGxETU9igefa+5cdR1H0EhdoExhxfKOoInjHXwubMY=":{"valueMac":{"type":"Buffer","data":"DM5K4z8stBQl107S+xxWBJg38otAyLAStUHxK+6ov6w="}},"0ATiaywUcpTyTrOsDgY0jM1dJFsGpzKa2dh61LcKcxc=":{"valueMac":{"type":"Buffer","data":"sPdl7BtTGr7+i32mYNdBM1g/ElJ9LjWxq859av+3B80="}},"0EfIhaqvM93T8cozNhYl0gN75ZcNyNWuJTAbG9tHLHo=":{"valueMac":{"type":"Buffer","data":"RxPQbyLHECJll9RBBkC3BlQ8UK6s+KliUCSAIp9MV6w="}},"1o+jXQAf/W6NO9ZH/27xD81wd2L4ONMmcE17Jkxlty8=":{"valueMac":{"type":"Buffer","data":"hwmHTv87cLhL94sPdhnvPD2fx7r0/QgcMIC5pthMBFE="}},"3ZpZmvfUzInUDBivq+66Y2CA9qp8TcY+Ngsvsupp1Jc=":{"valueMac":{"type":"Buffer","data":"+jek9pL6JpS7fI4PeKzjok/raBdOLzDG2y4BJYSYKag="}},"51JqqCDm9nP7x7TV4ZbcTFWOtmqyWINyxJazkqOgrdU=":{"valueMac":{"type":"Buffer","data":"TuYzhTGEeHnHq2s8OzBC6+L2pPTxPM8X+/XGe1ZU9rw="}},"6CgrpaYe7aaEqL7ZUl47LFTxbFVeJEOYbkNdZMn8Kvw=":{"valueMac":{"type":"Buffer","data":"oKvwKWIa3WRm0hYGvK5I7RbAgY4h8S4/5afjqqoRsNI="}},"6MLYZIJrHwZNqNPcBxEVop++zmOMr1olfn6OmbytG58=":{"valueMac":{"type":"Buffer","data":"eqGf1tG76JeBM/DyXzyR/qOqpYXOVWlwqeU2AF7E2MM="}},"6b6t/1Z/Av1aCiwFbP5i2MmkMPQgaod0mrCdEGBRmIA=":{"valueMac":{"type":"Buffer","data":"7sLFmWJXWCVJYTqyKKzU3iEG1HousS/15Thb18DnTxo="}},"673y+8MY5pG0BnxZ9fM5U9j+p0riUGmofEXf5s5yu6k=":{"valueMac":{"type":"Buffer","data":"/wTHqiFSd2fJg7ugfaVkZ1YtuHeq33VvLzZmNRVYI5Q="}},"7E4QWyXMtXungPByCEbKld3qp8TJc330+AlnbW3p1mI=":{"valueMac":{"type":"Buffer","data":"eP2hrxKFv/e8IN0uK5OxK4Iimdlxa58ieymGMxOFxEk="}},"8NlQtOMI92WsuLX38J/xAxqfYIiRfqNQHvob5v3rpsE=":{"valueMac":{"type":"Buffer","data":"gp9xfMlmIizJ1jrQeaZ45g7ZigAVXlFg1ZsDZz1HEG0="}},"84iJGmjYWp9i1l6WrUFLMtHlFxqppGRnlt39DfAD0D4=":{"valueMac":{"type":"Buffer","data":"LxDgyj1YlVxsVvbG6ADHIO55M6E94anxaGucRb74s9k="}},"+KsqAOQT3RoObROJjvcLqDailxOSBCocfaJsjEydy0Y=":{"valueMac":{"type":"Buffer","data":"gqdBY18iRDKCTRwImO3OzWphGAPIqEi10uYbQ1EwlOA="}},"/rvMemLIbWXsFw7BAoyZwdxpyG/92lZjMxGDG5PHyeo=":{"valueMac":{"type":"Buffer","data":"wE4WvkHQ3hKOYixQNgp6yiXJwUMFYMvrBhYYIXeKx8I="}},"pnbfCtJFf5MZmRE3dzjd+ISQ45YkyY89Y2ImS6nyqUM=":{"valueMac":{"type":"Buffer","data":"gnEVhEjJDc4f1E7suG4dr6tDxLuadKeAoiJ/NBif9do="}},"0BKk7n6mn1DneVeC/nDYPSdbKNkaZoo6TweGZ+SpOIE=":{"valueMac":{"type":"Buffer","data":"PotqsPL8m5Z0Gy+tHBRl3eUD9/ny/X/xk30owSROja0="}},"8r3LACYX5BEGoWLbJd/chg1+3sJFtjqiwniFL3cD/gU=":{"valueMac":{"type":"Buffer","data":"e7Suk378plE9016VCz07h2N2AxcPmN8y85I+uQe6LM4="}},"KfY/cD5oTkMO12XOYCtkX3wbE86I9CHAi1d8oXNyZc4=":{"valueMac":{"type":"Buffer","data":"dnTNn4NOs3qu8GN0sI8FoFMVmq4S/qwPuxiLdkIl0VE="}},"oQu2nkX1n8GqJMe80MhA7OEkl4X5lwsl2lNWmrhzQBg=":{"valueMac":{"type":"Buffer","data":"RNAKEEcA9VpWW5WN1kVHKFXzWEei0XQ5ECpFCuA7F+s="}},"XDp9U/nBzXbfXpuheToK2FA1Z3uNzZBY/4PVtu5PGCA=":{"valueMac":{"type":"Buffer","data":"U7GNoeY+zrzsLamjdhbfh+BsE+etJw4AQCoLv66LIV8="}},"J9+eoNN6cRidE8W5RUwUVBavbuSoNFGnaq57mXU9gSw=":{"valueMac":{"type":"Buffer","data":"OpXK9ydXj/05fMC4hloY4rN3FQ4H0jedND3C/SYhhmg="}},"WhDNB1YCWQ7SLBSFk5tpmWTrOye8p1gczkE7g5lLZUs=":{"valueMac":{"type":"Buffer","data":"j4LxiCELsN8FfGfniBDrBSZSl2/klI3rF8aiZyb4ROY="}},"R/kLpvbiuWGVRAfY3CqrkM4KZZ+kj+z/hXxZ7vv60yI=":{"valueMac":{"type":"Buffer","data":"JOt6RumMgcS8lpTaJbGxJbNNeQ0QSeT5ABPgvq2iIws="}},"X2lttAfMtsL++/eD6YwftinA8s0IOsYhrolowq2xojU=":{"valueMac":{"type":"Buffer","data":"n8zDVE30a4QRk6S3djaiFtGcbbv2S45jxnUXja0h22A="}},"QnHFCpTvC1MUYKPeVH2NK2eTVMtGBvxZTpJZ+7vh550=":{"valueMac":{"type":"Buffer","data":"lcrHU2SOBCsV1goEivbdhVL6BbSLuFGDOSKSwCVZhLM="}},"yboq1VaWykoqFWz5rxW4EEBw9RgfqQvRkKgi9gpvKJg=":{"valueMac":{"type":"Buffer","data":"gvPsF0va6vs7MdMN7hpPxT1eoWFLRDFUAmq5Hj+Ai5o="}},"d6ujlQrsnOnmkvr9y1ccrkN60XyNrDd9xvF37HN54pY=":{"valueMac":{"type":"Buffer","data":"oqk+iJzkMZD35kj7If0/RYOUxl50wqQFF5K/aVFvrhM="}},"e42yJD+ZSJd09IigUaLejGjxeVAVjJIjW6MZL/lUc4g=":{"valueMac":{"type":"Buffer","data":"fLXp9pTLJdGr18NWBf8bgRgBDZl6ZYG3t3Ffv+NIfdE="}},"GS+FjSrhKQbUY8weCYXbVQtzlbYuRLAHj619MxwjBag=":{"valueMac":{"type":"Buffer","data":"jK08Cp5HOjr+/yYLZSFxi39V4DFgKaFSP76KtNHxlFo="}},"DqnLr2pY3UQkPhwvqpUQJEDcgJBiEn8PevY/YCjBxbU=":{"valueMac":{"type":"Buffer","data":"H79SYFgSVSKP204H0M3i9WLhQsLuzRxyvLRVnBQY+Qw="}},"cOKjhYAfGKARZptVcasicxI3isCYQEgNex4WskrC9dI=":{"valueMac":{"type":"Buffer","data":"Xde2K7Gc3VdxeosrHkMH/8rOKehbVyo6KQmfNieHay0="}},"ojpmA+66q16kaQ1xu5tJMY21Ybiv7p4y+ojAHFOleIc=":{"valueMac":{"type":"Buffer","data":"gOWg4O4M8N0SpREYX7i73e6QLNfcrjIoP/Zo5l89FYo="}},"sc99Lh/DC8Roi4RoR8ndVDBMQz1BaS8Fnno9IjHPHhA=":{"valueMac":{"type":"Buffer","data":"WaEj0a+hg7peqpkR6jCgQ6tZLnTWlG2kMiAFKaPgUKM="}},"3v9Iel5CB6yPB8A2ND8ToFtOh6yGPiVwihi0DWlrFHk=":{"valueMac":{"type":"Buffer","data":"l+hKXfliHTnZMQyHErIVm57l5wIlJo51JdqTzPLg7G8="}},"iYE71TUmo9rl65ITG82ZojX0YPfwaLDQNI1EAskA4l4=":{"valueMac":{"type":"Buffer","data":"KnSuMJg42Uf85rzAC0hLOJmwYh5LnDz2EELZOgb1eQ0="}},"LCX4g8TASFsQ2ZGpk1fszUzeB1FL6vjtS2B2wGzzPqI=":{"valueMac":{"type":"Buffer","data":"4RVLegdhryVHUB5u/DP+hAoyqHWAx242ljGh8I2wgIM="}}}}