{"version":6,"hash":{"type":"Buffer","data":"btrT/C3teJ/kZzVKPbYh5e/BJumPN32ffHSeBjOM1+3gN0QUsBwkPsgwl19vCU7lxGkUWytrf0PcuQLsdvsqv4rxOxJOqikOgKXJrMuoXWna6XaLjlKvNpyCFwjUMOZFpow/5lMcB/b0JjPhm9+VPnv5I2mRjKgaSIN4eG6usIc="},"indexValueMap":{"TBhXtbwyEix4gnpnz+DBUZqtyRJd0uRyjcMyh6oWMqM=":{"valueMac":{"type":"Buffer","data":"KsKKgBBhluyX0efYwwDoZAYTHuidV/dnhOtYLllBfRk="}},"rI0BVM4IzV2Zp2lcYC5Cbvo9tLrey6VIjManSeomW+Y=":{"valueMac":{"type":"Buffer","data":"OyKIJChVdDSy2BgNsL7wRc6dVS+IPK48hokkMbJ4VFI="}},"rZrvWw9UsThPzSQYAvQqQtqilAmjplz9NuOqRhzQAFY=":{"valueMac":{"type":"Buffer","data":"bdTwyz6bcQTwLhdGWe6kZUTu8nl/6a4SkN5SdDlROg0="}},"ofyLfJ/C/aazviPG8N4JvtPuIuiMZa5BMCkM0YhH9bE=":{"valueMac":{"type":"Buffer","data":"TzlZ6UkBvAvEYyYeVHaV/bIe8KrSjZETgYDqH/rupNo="}},"1w1Whq7+E1/hVvePNxVX0S8bG+pFo48m0XHS02hEe1s=":{"valueMac":{"type":"Buffer","data":"sRHnVKdPVSJdWez70zAr81ijouhuskaUYZ9oCbTsOsg="}}}}