{"version":18,"hash":{"type":"Buffer","data":"j03MVwVGnIf7tyihP9Jkb0tbKV54hTFGyqIQg+reOesXmJ01I/CuIOlIPIWUyV4wxntbNHk06IlBTaXGfGTYD7iz0Gnf7UWPrcTGsELlKheqYZnFRq0zgyBbIrPtZaxJx2KzXMt2RbPfA/AQsqY9t1jwt98lyjGxNFdxPvFAoe4="},"indexValueMap":{"DyKQpjiE81qsHzeeSfpQk4VGsYWXbMf97vz8zYs4yzY=":{"valueMac":{"type":"Buffer","data":"55CNSb05DF8ppAGEbWuNV1EszT00rRy8KIEetNg22g4="}},"Mcg6kJ0sKydDYMCEQHJwkVYc6EbS94olD1ksYlvm5a0=":{"valueMac":{"type":"Buffer","data":"9uV4GSrGTDZijcYfner/fbJu49SPE90Ik0XFSIMtxOo="}},"Mlw0xseekTRY/M0pVgBeHa/pc8GjJtTjH8CIv+Y9nvM=":{"valueMac":{"type":"Buffer","data":"rwlMa9tqY6Mm87TQ9vjl4yxqX6njqmz/aVdG8PYiMog="}},"StHrLBsYr/Fk01SjCbzGIcFZXXbyHfJApcNIVoGRE/I=":{"valueMac":{"type":"Buffer","data":"bPzW5cZdh7D6Rwl7D+/mGoVXKnIeRS609LieU4KfL0k="}},"TDdfisijqxkGmn5z+JhG5WYvDrdWizAdaYeoQtXUChk=":{"valueMac":{"type":"Buffer","data":"Ja+8FsygBa41AENFVtjoJMjE1rjmnkIeZQ8unkV+TXc="}},"dv2N03EVhehG5G8lnk79Ow3WImG8+4THpFePJ4a7yjE=":{"valueMac":{"type":"Buffer","data":"Ozg9iqTu7KKmMDFRukMALjPZVAqjv0KDhDPvCyeykIk="}},"n+it7ZVfAnFd5tn7fWNi3r4c0lkhU0SftCVnBw+BCYk=":{"valueMac":{"type":"Buffer","data":"FQYPispI4VGv5cFQMMeeOI/nEhL65bayg0Bz5aYuZAw="}},"pxNLgeHPOYWeXrFpmOvxScptsv6M9+qjPNmI8u4Lvg8=":{"valueMac":{"type":"Buffer","data":"ie8JzutzqPk4lHsMKBDWIrBcJM6noPatSLCXEaUqW10="}},"qnw2UqgRxXg/KYO9caJFTp8f0MiCW8CiDZmxl2PoTA8=":{"valueMac":{"type":"Buffer","data":"82unl6kqrCbUjtqpqsh/Pj+2FhHW6vtXMjB/XRq7gaI="}},"vPjRgF3bPkBHmUGpGylu3hsZRPoDKf/zH5FHQjIK5eo=":{"valueMac":{"type":"Buffer","data":"K6msUM/mcYtkOPVRT5rOmG9VJJvNhFJasK7LrtFYnD8="}},"5YokQBQtdOtKxLKYWMrt8cuHKD4PbMa6n4Jwi+3NTXY=":{"valueMac":{"type":"Buffer","data":"wTSkYIMry75N3pKHgkcESlUUQ5NZsbEjymyuSLk9fpk="}},"A50x60JId4av7zCVGf7HcE2JrY54EPCZPYI01NZ7T6s=":{"valueMac":{"type":"Buffer","data":"lPg/9SXLkNNH39JrQDv/sGcmffGB6h1CuTWjo0vv1BA="}},"ZxoAx6PNZ17XJ0oCvo2cDzS1LuHjhbgWszaaWB2Ll48=":{"valueMac":{"type":"Buffer","data":"yGXQoenSt6AcCWi/v5mijMhr9T65EbT0IiLddKY/ACE="}}}}