{"version":4,"hash":{"type":"Buffer","data":"UNxSppo4792y4UoXi/0wom33dXbonQnrdpBixEO3eg6RrmJL7nujcJvvazCX0l72DcQJ/oNIrG2DIHlyjIGFbquye8H64YARaJH8ka/aGTXmx74qMY89M1iR5BcE8T8mPMkvwL08BZbT6Y4w2a0km5ui0S2OQ/wfBDQ7hgmUo9g="},"indexValueMap":{"eciDEwx5XszWsecFu8LOC5CA2xx7lAdaiSJSrJkzMT0=":{"valueMac":{"type":"Buffer","data":"TGk9iQzRzSpxdzD58vx7UiDQZa4vWXBa4UwgDZDQnss="}},"t7P15yxdtFP/VZ/GOTatnd3FT3KaS0qHWLx2G+SzEwQ=":{"valueMac":{"type":"Buffer","data":"ylSsbzUFZgN40idDGsLTOXiNMofpq0QeZUDd1YKr0FQ="}},"rHjLeF7LW8XFvr+GVB60Rcn9NWly5BbQlieMze1nQ/A=":{"valueMac":{"type":"Buffer","data":"0BczSRgSlfOQcv1Pg9D2xKe8/U9VWbzpZABtIAL/bUg="}}}}