{"noiseKey":{"private":{"type":"Buffer","data":"IOZ9khbChodpf6xx/FYmhVLA1Cr6wf2UR69fMN7V6VI="},"public":{"type":"Buffer","data":"yxbc60joYBepM7GQbatZ3vZMsNcMfkr3HG4poe354FE="}},"pairingEphemeralKeyPair":{"private":{"type":"Buffer","data":"aCdJO87ZaD8s++8lMaN1za9d7aAmUoCtNdzTLhQyrUg="},"public":{"type":"Buffer","data":"Xf8JWrAjYHDirL+jNThsRRfbumb1UwK/L90WWfA+5Ds="}},"signedIdentityKey":{"private":{"type":"Buffer","data":"qJbJj8XsUPlIHiBEp7swqqlXS5gckWG0LhsvB0a45Hs="},"public":{"type":"Buffer","data":"FNH7YcZRnTuv5PkfUw21w8+1tIAcvsG1CKfYTfqUpjM="}},"signedPreKey":{"keyPair":{"private":{"type":"Buffer","data":"0M5pRWya1wkIj09KVzr7FDaz8uLnaT4shETYDfWVN14="},"public":{"type":"Buffer","data":"9+nVTedminuAzf9ZASUc1r4B20hxaIAgW/8Cz8C5QCE="}},"signature":{"type":"Buffer","data":"V68xBg9tYMaz/nCK04E4GM1+Tf4TRC6srRuOzReSYw1Fd5wYt6Nls9WQJ3n0gQgGZzO8Hwgn7wHJHvIjGSDLgA=="},"keyId":1},"registrationId":205,"advSecretKey":"iGlDr4sFkZgP5llHiQV3sZQWJevmD56Tl9pGNv21AIA=","processedHistoryMessages":[{"key":{"remoteJid":"6289683789020@s.whatsapp.net","fromMe":true,"id":"4F990BF9C8160794D50A21A3FEF2F038"},"messageTimestamp":1733667526},{"key":{"remoteJid":"6289683789020@s.whatsapp.net","fromMe":true,"id":"17097DEA4EC386DE73EA6B2114304B26"},"messageTimestamp":1733667527},{"key":{"remoteJid":"6289683789020@s.whatsapp.net","fromMe":true,"id":"A88CED96B624B21592B1DE81E51F91FE"},"messageTimestamp":1733667620},{"key":{"remoteJid":"6289683789020@s.whatsapp.net","fromMe":true,"id":"A584BCEA343C53CD08982A5674A57282"},"messageTimestamp":1733667652},{"key":{"remoteJid":"6289683789020@s.whatsapp.net","fromMe":true,"id":"AEDF8683DF135D70086B79E206F4035E"},"messageTimestamp":1733667653},{"key":{"remoteJid":"6289683789020@s.whatsapp.net","fromMe":true,"id":"04E7AF7C3223F32F86D83918C263098C"},"messageTimestamp":1733667673},{"key":{"remoteJid":"6289683789020@s.whatsapp.net","fromMe":true,"id":"2B7B09ACD6CED600C2C43EE6DDE36603"},"messageTimestamp":1733667677}],"nextPreKeyId":173,"firstUnuploadedPreKeyId":173,"accountSyncCounter":1,"accountSettings":{"unarchiveChats":false},"deviceId":"WChjvB2PSWC46GJEvNSKoQ","phoneId":"ffcb805f-9ed9-4e19-ac74-38b0c0bea58e","identityId":{"type":"Buffer","data":"BCul6QLa6EkOXL1KGcTQJWcaYaU="},"registered":true,"backupToken":{"type":"Buffer","data":"zNznwKfQJK+yxYh5kftX2KZSQgA="},"registration":{},"pairingCode":"8AWE48L3","me":{"id":"6289683789020:17@s.whatsapp.net","lid":"264729436115158:17@lid","name":"kontol Zen mirip kuda lum"},"account":{"details":"COuTp5EGEL7V1roGGAEgACgA","accountSignatureKey":"ro96wtjTWU2gzIloKIfiD2W8PAvc0kH0rGRkwFhczFs=","accountSignature":"TWtPLh6l4nBnX7K/0k03bNLSMVy5qzpnVs9nlagW7gb72WbxiIO+lhdlr8ALfA2wnDaCoYZatl+MZub3LCy4Dg==","deviceSignature":"OQcOR0uiKdJ1iY+prAmZUm1EEyTPwcDLrpRWf8H1m64ok5Te66UzVrLuT/cc4lFRGuJ0bc+tHQDp4WF9oyGZiA=="},"signalIdentities":[{"identifier":{"name":"6289683789020:17@s.whatsapp.net","deviceId":0},"identifierKey":{"type":"Buffer","data":"Ba6PesLY01lNoMyJaCiH4g9lvDwL3NJB9KxkZMBYXMxb"}}],"platform":"android","routingInfo":{"type":"Buffer","data":"CAIIEg=="},"lastAccountSyncTimestamp":1734042947,"myAppStateKeyId":"AAAAABay","lastPropHash":"iEaZ1"}