[{"senderKeyId":161829690,"senderChainKey":{"iteration":5,"seed":"IOZ/JojRlYSvbL4HpbAVfp+Xbxcpg2MlcIlD8Q8LAWw="},"senderSigningKey":{"public":"BZDSjhiAN3xX5VxXhf0hTvQTGrQQ8T5565OpG5FsfHMZ"},"senderMessageKeys":[{},{}]},{"senderKeyId":161829690,"senderChainKey":{"iteration":1,"seed":"tF4neldzP8Fluccd7PMGsipf3EqocJNIvDaIe2N2F3U="},"senderSigningKey":{"public":"BZDSjhiAN3xX5VxXhf0hTvQTGrQQ8T5565OpG5FsfHMZ"},"senderMessageKeys":[]},{"senderKeyId":161829690,"senderChainKey":{"iteration":3,"seed":"ggKSFgqtOjxg2g1o1xvJLHwnb8HOI3xwplpJvUzJyIM="},"senderSigningKey":{"public":"BZDSjhiAN3xX5VxXhf0hTvQTGrQQ8T5565OpG5FsfHMZ"},"senderMessageKeys":[]}]