[{"senderKeyId":802026460,"senderChainKey":{"iteration":9,"seed":"97U/aTjauottTLnwHlREpSbqoL3ttGOBr6sPcdLMQ44="},"senderSigningKey":{"public":"Bek3qK906IRvVl4pNmxNykvrkHXHST7JbSGtQioFQZRD"},"senderMessageKeys":[]},{"senderKeyId":1845549008,"senderChainKey":{"iteration":2,"seed":"K+GSNiP6KN0DzWZNrFXD+I+pq4sbl4VAJL1sP/VZRTI="},"senderSigningKey":{"public":"BV3pR1TDo8J/YCHikMKx5nsxYRGLYoMLmwf5Rj1Sm6Vx"},"senderMessageKeys":[]},{"senderKeyId":1458896234,"senderChainKey":{"iteration":2,"seed":"huEhlfMr3LLYt7iQum+/gwAl4Z6XaN1FtVEgzAjGlbg="},"senderSigningKey":{"public":"BTCuNn1l1//r284lIrsd4MPxZq2lu8ReJ8epVBxUpVYU"},"senderMessageKeys":[]},{"senderKeyId":1289874532,"senderChainKey":{"iteration":31,"seed":"+SDTcCuQZCvsvUZPI/9/X59QACFxDgzvBapd+eg/nYA="},"senderSigningKey":{"public":"BXT0okYW0Yb00XoUxKTVna/lXvQzN3P/yjdIDvrd4Gpu"},"senderMessageKeys":[]}]