[{"senderKeyId":1628727556,"senderChainKey":{"iteration":61,"seed":"UENvna/jR2RrNbS8pRPbEU4q16K9N0uayTBgFcr9V0o="},"senderSigningKey":{"public":"BUc6UBpeShMt7Ua0WRJart70Ytsgn2WQEnhbezoOn/1a"},"senderMessageKeys":[{},{},{},{},{},{},{},{},{},{},{},{},{},{},{},{},{},{},{},{},{},{},{},{},{},{},{},{},{},{},{},{},{},{},{}]},{"senderKeyId":1628727556,"senderChainKey":{"iteration":33,"seed":"ORQ3O3s5prm/muo9K06Z5Qc+LbAZRIW125EwWhy3uEc="},"senderSigningKey":{"public":"BUc6UBpeShMt7Ua0WRJart70Ytsgn2WQEnhbezoOn/1a"},"senderMessageKeys":[]},{"senderKeyId":1628727556,"senderChainKey":{"iteration":37,"seed":"NF3CVMFHBECKDNllTD4/o6NM2ONlxca73RMyF8hFADg="},"senderSigningKey":{"public":"BUc6UBpeShMt7Ua0WRJart70Ytsgn2WQEnhbezoOn/1a"},"senderMessageKeys":[]},{"senderKeyId":1628727556,"senderChainKey":{"iteration":53,"seed":"ggAp3b46FxEdKLxzMMOz8Kon/lL6iXcI/KwKxYxRLmI="},"senderSigningKey":{"public":"BUc6UBpeShMt7Ua0WRJart70Ytsgn2WQEnhbezoOn/1a"},"senderMessageKeys":[]},{"senderKeyId":1628727556,"senderChainKey":{"iteration":59,"seed":"psLCcz2iNU1C1PJT1TibVNd2Mp0qwXsf0fb+ktKwyD8="},"senderSigningKey":{"public":"BUc6UBpeShMt7Ua0WRJart70Ytsgn2WQEnhbezoOn/1a"},"senderMessageKeys":[]}]