[{"senderKeyId":2031213574,"senderChainKey":{"iteration":173,"seed":"hOsE8ju1UpeAmV1Mrjdldas6uITZC/VndZklCLLbKio="},"senderSigningKey":{"public":"Be1/YgYhXSdRahskqH5AeggiCJOhaZgWdeR4Nlrpvz1r"},"senderMessageKeys":[{},{},{},{},{},{},{},{},{},{},{},{},{},{},{},{},{},{},{},{},{},{},{},{},{},{},{},{},{},{},{},{}]},{"senderKeyId":2031213574,"senderChainKey":{"iteration":133,"seed":"FWupPXt+BPDLc1L83EOfUXHfek9K4U3bMO2ChRiRaKM="},"senderSigningKey":{"public":"Be1/YgYhXSdRahskqH5AeggiCJOhaZgWdeR4Nlrpvz1r"},"senderMessageKeys":[]},{"senderKeyId":2031213574,"senderChainKey":{"iteration":161,"seed":"o3XFd7lvpKxT8CVX2med7/MSmWEPBLXSJcDiy24gjsw="},"senderSigningKey":{"public":"Be1/YgYhXSdRahskqH5AeggiCJOhaZgWdeR4Nlrpvz1r"},"senderMessageKeys":[]},{"senderKeyId":505332420,"senderChainKey":{"iteration":33,"seed":"mEa2Gu+0IuvZPITXPWqTlppmx+qe6yFkj8m2PfKUoM0="},"senderSigningKey":{"public":"Begw3SkGoLvD6gXw1cUoaM79mo/Olq8WgmxCPbuggZsV"},"senderMessageKeys":[{},{},{},{},{},{},{},{},{},{},{},{},{},{},{},{},{}]},{"senderKeyId":1260534188,"senderChainKey":{"iteration":3,"seed":"W/Hwr3G9hoXTUtvPOieu60B4wLKo5DWwYy0rTXTR190="},"senderSigningKey":{"public":"BSdr2P7UpeebhwQAuB113WoB1VZm3vE1xHTVxGW0rkpA"},"senderMessageKeys":[{}]}]