[{"senderKeyId":916051683,"senderChainKey":{"iteration":220,"seed":"4Qm4VdJiMx2bugMDz+fkjj7XFV7FZhUhqgKwircB07E="},"senderSigningKey":{"public":"BYMrMHpJIg5b/CAI3rdWVTIomvtCVPHsuMK+0o2k2Rw/"},"senderMessageKeys":[]},{"senderKeyId":1401723382,"senderChainKey":{"iteration":32,"seed":"kAGZPLso9kh6LIYbX12fw3EMQYtEwixSfa7LGF9Ijvc="},"senderSigningKey":{"public":"BSzu87ZswKJTpajZhv98SMa0V1nHPpGpnMvvoY8FfsoO"},"senderMessageKeys":[]},{"senderKeyId":203418157,"senderChainKey":{"iteration":21,"seed":"BanL5H86ot1ZhDftlDFejiVuwEgKLEKay8bNpwXGgB8="},"senderSigningKey":{"public":"BRSWI+WbTknuzZqibO38ps+yEzALZuxnBtyxso1L06Fw"},"senderMessageKeys":[]},{"senderKeyId":515331844,"senderChainKey":{"iteration":59,"seed":"ju7gxexKKvsa3vpwNUNzw1Ib30iX29tbx8IQ8gC3gXc="},"senderSigningKey":{"public":"BXwGePNOEK1RkVE0kisxMcaO68mUiJ9V6ozCPeGxq8h+"},"senderMessageKeys":[]}]