[{"senderKeyId":1881022221,"senderChainKey":{"iteration":209,"seed":"0FFF30UwgCVUEnLQLPAAf/UlFaT3jCxfrt7UzHpUwSo="},"senderSigningKey":{"public":"BZ3K3N63euIT4IDyJbwWN8LQ85ZP6li16jI8hzdTangO","private":"aBIlO0gHMPPiadbqmSPB0wLmofbjazIsQzdCc6VD71I="},"senderMessageKeys":[{},{},{},{},{},{},{},{},{},{},{},{},{},{},{},{},{},{},{},{},{},{},{},{},{},{},{},{},{},{},{},{},{},{},{},{},{},{},{},{},{},{},{},{},{},{},{},{},{},{},{},{},{},{},{},{},{},{},{},{},{},{},{},{},{},{},{},{},{},{},{},{},{},{},{},{},{},{},{},{},{},{},{},{},{},{},{},{},{},{},{},{},{},{},{},{},{},{},{},{},{},{},{},{}]}]