[{"senderKeyId":1779386382,"senderChainKey":{"iteration":39,"seed":"oS8MI07JtfbFVWWSTIj5CXhpOZwWumeyEmJX4FiMG/Q="},"senderSigningKey":{"public":"BRD2zNdf0U/HU55mn6cy7Fyn+e/rMPXzAK/HauKwSV5+"},"senderMessageKeys":[{},{},{},{},{},{},{},{},{},{},{},{},{},{},{},{},{},{},{}]},{"senderKeyId":1779386382,"senderChainKey":{"iteration":17,"seed":"ZC5cs9MqNwN7WYofIPET4m+gabErYltNRL6QlSQbTwE="},"senderSigningKey":{"public":"BRD2zNdf0U/HU55mn6cy7Fyn+e/rMPXzAK/HauKwSV5+"},"senderMessageKeys":[]},{"senderKeyId":1779386382,"senderChainKey":{"iteration":19,"seed":"OkMvbkz0OQSpEvla3jIvHlt/ExN+03qG9X3mfbT1dTk="},"senderSigningKey":{"public":"BRD2zNdf0U/HU55mn6cy7Fyn+e/rMPXzAK/HauKwSV5+"},"senderMessageKeys":[]}]