[{"senderKeyId":737149932,"senderChainKey":{"iteration":2,"seed":"o+wRoG9MYVNTDwsByDW063/3QVdoB5yTgGHQKCI0e1w="},"senderSigningKey":{"public":"BXWxeCSbSLvjQi12sbFD+c0dGMk9PjTw5syK9VS6SR8D"},"senderMessageKeys":[]},{"senderKeyId":990242437,"senderChainKey":{"iteration":65,"seed":"YnkffiGAsGU7DcwUejpw+hwCXqdRsRcThecKRjnbf9Q="},"senderSigningKey":{"public":"BeAINtrFg4xW4UiimZwmmmJgbnVMfu+irQGXAMV1BrJu"},"senderMessageKeys":[]},{"senderKeyId":990242437,"senderChainKey":{"iteration":9,"seed":"nna/85w76j3ee4/RDFLLQWyFInFYwPKAbo2VDQ+SNzg="},"senderSigningKey":{"public":"BeAINtrFg4xW4UiimZwmmmJgbnVMfu+irQGXAMV1BrJu"},"senderMessageKeys":[]},{"senderKeyId":990242437,"senderChainKey":{"iteration":24,"seed":"KW3r5mjowvVrk9MoJri50bPBQbh3ovKZZPjRJdyBQ3k="},"senderSigningKey":{"public":"BeAINtrFg4xW4UiimZwmmmJgbnVMfu+irQGXAMV1BrJu"},"senderMessageKeys":[]},{"senderKeyId":1175638905,"senderChainKey":{"iteration":45,"seed":"Y+um0o9ZnEPGoxbHh4OihmdO4yrzE42aoQZchXAKTaY="},"senderSigningKey":{"public":"BWMGrOZTc3+zOmZcKPxG+WY5bmjO+rcjBRzqtKGmKc5Y"},"senderMessageKeys":[]}]