[{"senderKeyId":165178201,"senderChainKey":{"iteration":23,"seed":"c2Pasmhz3zKgHdhW6CG3na+SGE6W4MtcmRxIZ/8N4Ic="},"senderSigningKey":{"public":"BWlfg6viGxC31ptIImzFwgymQMT0yqDQzcuEft0K+KRV"},"senderMessageKeys":[{},{},{},{},{},{},{},{},{},{},{},{},{},{},{},{},{}]},{"senderKeyId":165178201,"senderChainKey":{"iteration":7,"seed":"6Sku4Zzcu+lKJipwoABHtTLEj05jOnQgoiGx2m1gwCA="},"senderSigningKey":{"public":"BWlfg6viGxC31ptIImzFwgymQMT0yqDQzcuEft0K+KRV"},"senderMessageKeys":[]},{"senderKeyId":165178201,"senderChainKey":{"iteration":13,"seed":"VmiEV8HoxkjOLhxKerYo9/y7L/1gHS07k5iMDDiy1kQ="},"senderSigningKey":{"public":"BWlfg6viGxC31ptIImzFwgymQMT0yqDQzcuEft0K+KRV"},"senderMessageKeys":[]},{"senderKeyId":165178201,"senderChainKey":{"iteration":17,"seed":"8bbDvq7+Ti76VnAci9Uzihk6X+9dpWOuKZcAcjRFu9U="},"senderSigningKey":{"public":"BWlfg6viGxC31ptIImzFwgymQMT0yqDQzcuEft0K+KRV"},"senderMessageKeys":[]},{"senderKeyId":165178201,"senderChainKey":{"iteration":21,"seed":"Wayarsg+ZNf4gesorEHZmsXTl6dcx8SnF0C7P4Qvl9U="},"senderSigningKey":{"public":"BWlfg6viGxC31ptIImzFwgymQMT0yqDQzcuEft0K+KRV"},"senderMessageKeys":[]}]