[{"senderKeyId":870962448,"senderChainKey":{"iteration":18,"seed":"L7IyPvhsD048/6Ewpt5cFnBneAO5DMB9hHjwvIsCSxs="},"senderSigningKey":{"public":"BcI/Px33hRrjTqwdg0ULUFEeNMw8MZjdh/6eL9PSTac6"},"senderMessageKeys":[]},{"senderKeyId":870962448,"senderChainKey":{"iteration":18,"seed":"L7IyPvhsD048/6Ewpt5cFnBneAO5DMB9hHjwvIsCSxs="},"senderSigningKey":{"public":"BcI/Px33hRrjTqwdg0ULUFEeNMw8MZjdh/6eL9PSTac6"},"senderMessageKeys":[]},{"senderKeyId":633612456,"senderChainKey":{"iteration":2,"seed":"7Gb0HDeAhqibrW38R6wDqXLx9FI/iJhJ5lzJiKpgU7I="},"senderSigningKey":{"public":"BTfmTiJuSxYQ+HhkfpoqrIEOzEILsaXh/rjuWrU1sPJ3"},"senderMessageKeys":[]},{"senderKeyId":1037069943,"senderChainKey":{"iteration":3,"seed":"M4mdEiap/vx4OkJpxvGXfvsRMCjugXoU65k8mpGkj3M="},"senderSigningKey":{"public":"BajIX/Nu1aJQKWKXq9K49DaqDD0WbX7/odLgRW6je9V9"},"senderMessageKeys":[]},{"senderKeyId":2068311768,"senderChainKey":{"iteration":15,"seed":"18YDZ/bAJF29cR1Lxu1Czlrvc1j9DM+oKbGE2JOSH18="},"senderSigningKey":{"public":"Ban1+Y9wi6bzwONwNznChpA1lhxf8rthq/KPxQlEv/sF"},"senderMessageKeys":[]}]