[{"senderKeyId":1799230033,"senderChainKey":{"iteration":69,"seed":"HoHAWIffliDnuXz9VDpkXjBzbowI/XTFv6Mi5oqiNtk="},"senderSigningKey":{"public":"BcVObSTeTtVSWAXMRYGFGzf67yFt8I0jouyO6yCEr9MT"},"senderMessageKeys":[{},{},{},{},{},{},{},{},{},{},{},{},{},{},{},{},{},{},{},{},{},{},{},{},{},{},{},{},{},{},{},{},{},{},{},{},{},{},{},{},{},{},{},{},{},{},{},{}]},{"senderKeyId":1799230033,"senderChainKey":{"iteration":15,"seed":"Uihzn2Y2ZnY6rsjJ/Ou8+2heB0AddcFaiYrGqJiui/c="},"senderSigningKey":{"public":"BcVObSTeTtVSWAXMRYGFGzf67yFt8I0jouyO6yCEr9MT"},"senderMessageKeys":[]},{"senderKeyId":1799230033,"senderChainKey":{"iteration":19,"seed":"qm7A3TRlpVqn3L4vKGqEPADTBA9wXnv0sPmXkapBx1Y="},"senderSigningKey":{"public":"BcVObSTeTtVSWAXMRYGFGzf67yFt8I0jouyO6yCEr9MT"},"senderMessageKeys":[]},{"senderKeyId":1799230033,"senderChainKey":{"iteration":27,"seed":"E7GFlFBgz6alTiWO2wSC1mn2XXwsGB8d7aHGv6S0niY="},"senderSigningKey":{"public":"BcVObSTeTtVSWAXMRYGFGzf67yFt8I0jouyO6yCEr9MT"},"senderMessageKeys":[]},{"senderKeyId":1799230033,"senderChainKey":{"iteration":31,"seed":"p//F9vbYhzF+hWbr1iN2etNlTx49CIrU7uC1EjGJirs="},"senderSigningKey":{"public":"BcVObSTeTtVSWAXMRYGFGzf67yFt8I0jouyO6yCEr9MT"},"senderMessageKeys":[]}]