[{"senderKeyId":712476064,"senderChainKey":{"iteration":133,"seed":"OR/nk1iqEK1i4LweWiO2FQlwiLKAQ3hhMYC+hFc8EFc="},"senderSigningKey":{"public":"BSwgfwcGFdhxRjsGCfP/NXyVTlSIY0bp41AsjPlkKcAV"},"senderMessageKeys":[]},{"senderKeyId":712476064,"senderChainKey":{"iteration":54,"seed":"bsAWCiD64VWWxjmTu8S2ruCJLiI3TyDJe+RnD4UncTU="},"senderSigningKey":{"public":"BSwgfwcGFdhxRjsGCfP/NXyVTlSIY0bp41AsjPlkKcAV"},"senderMessageKeys":[]},{"senderKeyId":712476064,"senderChainKey":{"iteration":103,"seed":"P9FWwbmfaM5n1RT+CEWAP1TKZYMuEGWBKE/zOAw0oyo="},"senderSigningKey":{"public":"BSwgfwcGFdhxRjsGCfP/NXyVTlSIY0bp41AsjPlkKcAV"},"senderMessageKeys":[]},{"senderKeyId":338713727,"senderChainKey":{"iteration":10,"seed":"E8wfLkk0Vehb+fRO0pq6k8vfJzxysGz8eEtKU5AJA7Y="},"senderSigningKey":{"public":"BdacWN7ywqWKtDgOwVxDM7FuDS0oPeNAxkniwJgytS0d"},"senderMessageKeys":[]},{"senderKeyId":529231873,"senderChainKey":{"iteration":2,"seed":"U0HgjN3aSYyDGAlVV31D6dAuOVZzlLiGpFFAO+QPc0c="},"senderSigningKey":{"public":"BfJH+YmvHh4xL7lIUtw1/qpmJs4LB35mve2Npc2AfY8Q"},"senderMessageKeys":[]}]