[{"senderKeyId":584228495,"senderChainKey":{"iteration":333,"seed":"ijPKKTP78ECOa0evfqwBp4Ozerh4qG0z1Wm7z1vmVAg="},"senderSigningKey":{"public":"Ba9wlymP7Dtah2SFszEmuo8JEmd+tHseZkt5AKi1b0U+","private":"2A8ZPV38jBEtG1QehgK73Z7aTyZjWwNVzmjrnT1ItlE="},"senderMessageKeys":[{},{},{},{},{},{},{},{},{},{},{},{},{},{},{},{},{},{},{},{},{},{},{},{},{},{},{},{},{},{},{},{},{},{},{},{},{},{},{},{},{},{},{},{},{},{},{},{},{},{},{},{},{},{},{},{},{},{},{},{},{},{},{},{},{},{},{},{},{},{},{},{},{},{},{},{},{},{},{},{},{},{},{},{},{},{},{},{},{},{},{},{},{},{},{},{},{},{},{},{},{},{},{},{},{},{},{},{},{},{},{},{},{},{},{},{},{},{},{},{},{},{},{},{},{},{},{},{},{},{},{},{},{},{},{},{},{},{},{},{},{},{},{},{},{},{},{},{},{},{},{},{},{},{},{},{},{},{},{},{},{},{},{},{},{},{}]}]