[{"senderKeyId":885447730,"senderChainKey":{"iteration":227,"seed":"UUzwWzW90kTCWAdWpkX/wGGNXrDAeJ5qOH2HocGCmgU="},"senderSigningKey":{"public":"BegI8/jtWzEt2uSc5ZsIS/MAQnImVy28516AS20L0SNv","private":"oBA4VR8FiNv9csdW2QuLUzgrfZFciLAP15vdSKjBFV0="},"senderMessageKeys":[{},{},{},{},{},{},{},{},{},{},{},{},{},{},{},{},{},{},{},{},{},{},{},{},{},{},{},{},{},{},{},{},{},{},{},{},{},{},{},{},{},{},{},{},{},{},{},{},{},{},{},{},{},{},{},{},{},{},{},{},{},{},{},{},{},{},{},{},{},{},{},{},{},{},{},{},{},{},{},{},{},{},{},{},{},{},{},{},{},{},{},{},{},{},{},{},{},{},{},{},{},{},{},{},{},{},{},{},{},{},{},{},{}]}]