[{"senderKeyId":505330101,"senderChainKey":{"iteration":73,"seed":"LEr3dgRZ5Ls258PaOLT31L8c+FEBmD55N5/hFJRdpGE="},"senderSigningKey":{"public":"BdNlSmliltO0YB0HryRDotSWnRLAgL1mhti5AipGL4Nx"},"senderMessageKeys":[{},{},{},{},{},{},{},{},{},{},{},{},{},{},{},{},{},{},{},{},{},{},{},{},{},{},{},{},{},{},{},{},{},{},{},{},{},{},{},{},{},{},{},{},{},{},{},{},{},{},{},{},{},{},{},{},{},{},{},{}]},{"senderKeyId":505330101,"senderChainKey":{"iteration":41,"seed":"w67Qty0ZCJBfzdD+TlJOL4abNT53QPV1BDLDzORCigE="},"senderSigningKey":{"public":"BdNlSmliltO0YB0HryRDotSWnRLAgL1mhti5AipGL4Nx"},"senderMessageKeys":[]},{"senderKeyId":505330101,"senderChainKey":{"iteration":65,"seed":"cV60jdI4zv/VQOaGLaDLEf1Gz9bNelxV7e+Q4qbEl0I="},"senderSigningKey":{"public":"BdNlSmliltO0YB0HryRDotSWnRLAgL1mhti5AipGL4Nx"},"senderMessageKeys":[]},{"senderKeyId":505330101,"senderChainKey":{"iteration":71,"seed":"KUMW0AsUmkMc+owAgpQDkUEpj03W/7mZnGoS07Y3p7g="},"senderSigningKey":{"public":"BdNlSmliltO0YB0HryRDotSWnRLAgL1mhti5AipGL4Nx"},"senderMessageKeys":[]}]