{"_sessions":{"Bf+2lDLUN6SCLdVRJ//7WjTN7a+iVw5S+FDcJRf4bNB3":{"registrationId":1198242666,"currentRatchet":{"ephemeralKeyPair":{"pubKey":"BXAbdV6lDnWTftq42d4FlQ3DP62HyyRYpRGiK6oJaPJE","privKey":"iNqi7RvUdv4uiLwxxwIUIUxhzCt9+EibWcQ98v8FllY="},"lastRemoteEphemeralKey":"BTPi5nRg3lOtokttT16ZUL2AbdWc4+EFZrNHurpbMztD","previousCounter":0,"rootKey":"RF5gZM0cFHAEl3Uua9M1b+hXca1rRaT8WKniKScdio4="},"indexInfo":{"baseKey":"Bf+2lDLUN6SCLdVRJ//7WjTN7a+iVw5S+FDcJRf4bNB3","baseKeyType":1,"closed":-1,"used":1733667715170,"created":1733667715170,"remoteIdentityKey":"BXPzc64NRm6kSbXA8JEv9B5VPKj/cD6x/2V3LmhSt5Bf"},"_chains":{"BXAbdV6lDnWTftq42d4FlQ3DP62HyyRYpRGiK6oJaPJE":{"chainKey":{"counter":21,"key":"6QoC70N0xxSnAZLq4t1Dop/mY1wr0Irptu8aD0NOATk="},"chainType":1,"messageKeys":{}}},"pendingPreKey":{"signedKeyId":0,"baseKey":"Bf+2lDLUN6SCLdVRJ//7WjTN7a+iVw5S+FDcJRf4bNB3","preKeyId":16341439}}},"version":"v1"}