{"_sessions":{"Bcyhl7ZcJhAiqAtV+uVwW8mYc+ADwU4UMMn9zPdsGbVl":{"registrationId":1352155504,"currentRatchet":{"ephemeralKeyPair":{"pubKey":"BVFaO1O89cyWpH2Z1n88iZfUoWaVDj5bSjKP9QgNeWwR","privKey":"4MU85pKsv1BRF7Qkev0bMqcZYGnYswzR14Xfq/jTgXs="},"lastRemoteEphemeralKey":"BdHaDVTNS1A5/NVvOfMis6jo4BftOQvieWvMpkRtHyFt","previousCounter":0,"rootKey":"hCvrsnEqrOioCAVLFpjDQirMU3vBCmozbTqf04h2STc="},"indexInfo":{"baseKey":"Bcyhl7ZcJhAiqAtV+uVwW8mYc+ADwU4UMMn9zPdsGbVl","baseKeyType":1,"closed":-1,"used":1733667577567,"created":1733667577567,"remoteIdentityKey":"BchOw3c87TP0dRR/uOaXpr3A2YtrsGdh4qAVqNniYN5J"},"_chains":{"BVFaO1O89cyWpH2Z1n88iZfUoWaVDj5bSjKP9QgNeWwR":{"chainKey":{"counter":4,"key":"SLm7h46HRMDJnIc7iQsC4bN37rQML8kyS+gAe7T8W8c="},"chainType":1,"messageKeys":{}}},"pendingPreKey":{"signedKeyId":0,"baseKey":"Bcyhl7ZcJhAiqAtV+uVwW8mYc+ADwU4UMMn9zPdsGbVl"}}},"version":"v1"}