{"_sessions":{"BSeYOHQqRaCLR/PkpvJmHUGYFfeCceb6Ey/x3tmu4TFM":{"registrationId":47,"currentRatchet":{"ephemeralKeyPair":{"pubKey":"BaPSeslRZqQOGiaCe4sHd/kiTDyKhvlpmcOOmJ4Gs3NV","privKey":"YGG3rBgq0WFH0dKxv130nbOwIMSJ2Lp2TPBrXuvk5Ek="},"lastRemoteEphemeralKey":"BRW9v3C850bD6i7zq/uS1jhgsX/mVNLYXZ89tDMu9zMT","previousCounter":0,"rootKey":"3NX6wnM9pDQL4Z13bHV9M7+ut7Uy8mW1XnfFYA5KPGQ="},"indexInfo":{"baseKey":"BSeYOHQqRaCLR/PkpvJmHUGYFfeCceb6Ey/x3tmu4TFM","baseKeyType":1,"closed":-1,"used":1734011803661,"created":1734011803661,"remoteIdentityKey":"BQMt18hAjYAKboKGkAK9bPud0RtDfuKbIDKpUceTg58j"},"_chains":{"BaPSeslRZqQOGiaCe4sHd/kiTDyKhvlpmcOOmJ4Gs3NV":{"chainKey":{"counter":11,"key":"ZzaU1/AS8bkS4ZWKd/DundspoK0LI4mzb/KhWGy72Fk="},"chainType":1,"messageKeys":{}}},"pendingPreKey":{"signedKeyId":1,"baseKey":"BSeYOHQqRaCLR/PkpvJmHUGYFfeCceb6Ey/x3tmu4TFM"}}},"version":"v1"}