{"_sessions":{"BcV/321uU9WkuOUn2WTbAb7AHkZo2K0dWtmceBAxQs85":{"registrationId":2084297407,"currentRatchet":{"ephemeralKeyPair":{"pubKey":"BRC6g0DJY6XOWf7SYmLjz8M8XMCh/RM66sOVbggapd4G","privKey":"QJmbn2P7y0JBORDAlUCEu5dfINXp11CeCyLEPiLFL0U="},"lastRemoteEphemeralKey":"BW94Xz47pQB+6oGMdXeg8DEYHm7GqyAkAaMmpPf4CBxs","previousCounter":0,"rootKey":"QRMpeQn7+jRygz/6HvQN7z3saE/CRGu/BwG0VtpFk0o="},"indexInfo":{"baseKey":"BcV/321uU9WkuOUn2WTbAb7AHkZo2K0dWtmceBAxQs85","baseKeyType":1,"closed":-1,"used":1734011803749,"created":1734011803749,"remoteIdentityKey":"Bfgu0YRZvaVikwVfIyM7VnDZHvw90+X5XLuwpO1xtmF/"},"_chains":{"BRC6g0DJY6XOWf7SYmLjz8M8XMCh/RM66sOVbggapd4G":{"chainKey":{"counter":11,"key":"B5vZstnCjVyWil4dGQpHSBuVh7IpXll0jzfcq33ZGfA="},"chainType":1,"messageKeys":{}}},"pendingPreKey":{"signedKeyId":5,"baseKey":"BcV/321uU9WkuOUn2WTbAb7AHkZo2K0dWtmceBAxQs85"}}},"version":"v1"}