{"_sessions":{"BZNXc4lLfJTAO/yqfWWVsSo9CI4k2yR4dKT6Ei/pN/oD":{"registrationId":6,"currentRatchet":{"ephemeralKeyPair":{"pubKey":"Bbg03HotSW2AbXJNrNqViteZk9kYEodHpaybcxfIGjYc","privKey":"uJMwcUvB0/Y63F8jSBo4YRedCTZfgKeFu5FBMvStv1s="},"lastRemoteEphemeralKey":"BXBSRBsW39Y1dlFoW4IE/Hntt82FGp0Eru+ePJNN1S4/","previousCounter":0,"rootKey":"vI2UXAEoOHz1ne2x9w4LhH/OBkrQbQdwHU0snsYwGYg="},"indexInfo":{"baseKey":"BZNXc4lLfJTAO/yqfWWVsSo9CI4k2yR4dKT6Ei/pN/oD","baseKeyType":1,"closed":-1,"used":1734011791779,"created":1734011791779,"remoteIdentityKey":"BfFIKAkd9+I7apNBK1eQskkC1r/oaOVyOBePhVhfROxa"},"_chains":{"Bbg03HotSW2AbXJNrNqViteZk9kYEodHpaybcxfIGjYc":{"chainKey":{"counter":3,"key":"U5GrKdYBwqlIwepneiM6IS1qbE8v05XJShTK8PLkv3k="},"chainType":1,"messageKeys":{}}},"pendingPreKey":{"signedKeyId":1,"baseKey":"BZNXc4lLfJTAO/yqfWWVsSo9CI4k2yR4dKT6Ei/pN/oD"}}},"version":"v1"}