{"_sessions":{"BXyi3oRjVKZEQKJ47RlZvTeL5qK9SBI7odvQy4B2UXFt":{"registrationId":1881717683,"currentRatchet":{"ephemeralKeyPair":{"pubKey":"BbTT4NDgM9F2cy5b3LKizggzfwACyCOg0FXkEJXKY3VR","privKey":"UJX1BAV5uWBAX8Foqy75ryNaGQMbFYB4XlBXdZmkHX8="},"lastRemoteEphemeralKey":"BfRY7mgellmMAgbf8F1qIl8l3wqd4uaRCL981pIpaLBL","previousCounter":0,"rootKey":"IN2XKXmHyfkARWRBQFM14yWk6noodBk9WFMcHpIMvNY="},"indexInfo":{"baseKey":"BXyi3oRjVKZEQKJ47RlZvTeL5qK9SBI7odvQy4B2UXFt","baseKeyType":1,"closed":1734066413570,"used":1733667715091,"created":1733667715091,"remoteIdentityKey":"BVhM604avBxtl70jqxM3/Mk6mKZbie0vQFEpjXBeduVl"},"_chains":{"BbTT4NDgM9F2cy5b3LKizggzfwACyCOg0FXkEJXKY3VR":{"chainKey":{"counter":20,"key":"+qxoIUVUUqwOzv7nYbT235Si7bygwbpZe+hzXDtO2zs="},"chainType":1,"messageKeys":{}}},"pendingPreKey":{"signedKeyId":0,"baseKey":"BXyi3oRjVKZEQKJ47RlZvTeL5qK9SBI7odvQy4B2UXFt","preKeyId":6145892}},"BURq6BCKpbuXa6pqN6TbvVmT99cBpooAZs6Ie54sucEd":{"registrationId":1881717683,"currentRatchet":{"ephemeralKeyPair":{"pubKey":"BT84B7jKzFDkjxDPMExmFRz7oZ5XZjozCugydbHvZFUL","privKey":"yJSs8CfpuY0KWtRDgkXig9WTeoWGgud1HA5Cu7WKzHM="},"lastRemoteEphemeralKey":"BcuXMFpZRr6TDLICga+Hne+56Ui3ppg4fl0yOkaDAiVP","previousCounter":0,"rootKey":"2wFUSWZmA0jRr+sjlfG/yceNN4OxlYltHPgqCyaYtuc="},"indexInfo":{"baseKey":"BURq6BCKpbuXa6pqN6TbvVmT99cBpooAZs6Ie54sucEd","baseKeyType":2,"closed":-1,"used":1734093161487,"created":1734066413575,"remoteIdentityKey":"BVhM604avBxtl70jqxM3/Mk6mKZbie0vQFEpjXBeduVl"},"_chains":{"BaVq9YNlFFoKzMhUoXYnUH5ei5d8pdn5jaJr0g7ZT5oU":{"chainKey":{"counter":0},"chainType":2,"messageKeys":{}},"BcuXMFpZRr6TDLICga+Hne+56Ui3ppg4fl0yOkaDAiVP":{"chainKey":{"counter":0,"key":"im9FfpKgF6eLNCh+2rPUJo+OQEQkf3QyqjmIB8kRY58="},"chainType":2,"messageKeys":{}},"BT84B7jKzFDkjxDPMExmFRz7oZ5XZjozCugydbHvZFUL":{"chainKey":{"counter":-1,"key":"9ja7Y72ZtVRQ1Yrqbqf+U43oWGJAFjX6YcKDh+UW2mI="},"chainType":1,"messageKeys":{}}}}},"version":"v1"}