{"_sessions":{"BSX3soZwKwNTla+j4EFgb6uLjfGtDdbx++Be361WLbJi":{"registrationId":76,"currentRatchet":{"ephemeralKeyPair":{"pubKey":"BclBe5/hJw1jf9mntfcvMM+uJxeXjQ3bcdHpPmnU0qVP","privKey":"SEIoFPw7wk5eAB620p8je0lGN14dL4pJ8xjsN1iYZlU="},"lastRemoteEphemeralKey":"BaxOndfx4uqo1L1f8T3EK+RLgOLi2MG8Wr5NDzSxZuMk","previousCounter":0,"rootKey":"iTWIGEZYvxN795nOnBQNp4IJaLnHrAum6sB6TLrXlyQ="},"indexInfo":{"baseKey":"BSX3soZwKwNTla+j4EFgb6uLjfGtDdbx++Be361WLbJi","baseKeyType":1,"closed":-1,"used":1734011791887,"created":1734011791887,"remoteIdentityKey":"BW+3HgA3sWX7fPO5D9GASZxV4ioblvmxXQYLCOuyNENT"},"_chains":{"BclBe5/hJw1jf9mntfcvMM+uJxeXjQ3bcdHpPmnU0qVP":{"chainKey":{"counter":3,"key":"MyrIK8U3vTZuJfW/XqA9xqQUPAQM08TvIrJgzXvgpCw="},"chainType":1,"messageKeys":{}}},"pendingPreKey":{"signedKeyId":1,"baseKey":"BSX3soZwKwNTla+j4EFgb6uLjfGtDdbx++Be361WLbJi"}}},"version":"v1"}