{"_sessions":{"BQT96snDSHPGv6i9mPR9DYF5pyuWhY9UyM4AM4l309VR":{"registrationId":1375578234,"currentRatchet":{"ephemeralKeyPair":{"pubKey":"BbbuzkHk94ljEQZ/fnTfgl8FcJ1Pehd9mXBT7gG4nJd3","privKey":"SLXByJwdO+i1mfiUfHlq8A18FkJpnfzyNYZzhgw7MGc="},"lastRemoteEphemeralKey":"BY/9n4i8nmmO5jE3J2nqAWNYds/rDa+TQQiQ7mo02FIM","previousCounter":0,"rootKey":"MahgZriwhHDOAVCsvRl2tdzvxg+dHDE/7U9iKd2kyDk="},"indexInfo":{"baseKey":"BQT96snDSHPGv6i9mPR9DYF5pyuWhY9UyM4AM4l309VR","baseKeyType":1,"closed":-1,"used":1733667577690,"created":1733667577690,"remoteIdentityKey":"BeD1AXrn60IhGGQvO0piDXzoa7nPDIdeWgcOFAHeY9wk"},"_chains":{"BbbuzkHk94ljEQZ/fnTfgl8FcJ1Pehd9mXBT7gG4nJd3":{"chainKey":{"counter":4,"key":"oT7KtvtwEQAf+6UHyJCZl7XM8NX42cFcEu5BmM377UM="},"chainType":1,"messageKeys":{}}},"pendingPreKey":{"signedKeyId":22,"baseKey":"BQT96snDSHPGv6i9mPR9DYF5pyuWhY9UyM4AM4l309VR","preKeyId":13807251}}},"version":"v1"}