{"_sessions":{"BZHpCOLw1AMMjo5QZ/lK6JuBFrV7HCDODWzOjv6iCEYM":{"registrationId":803237909,"currentRatchet":{"ephemeralKeyPair":{"pubKey":"Ba0rjlXEJcq6+x+DAKoOJqaRPHOV8H8T9WnbcHzqJlUW","privKey":"mJTY0N0vJWROVUnxFzq5VNkVxJw5FFGdkOnvx5ucDHw="},"lastRemoteEphemeralKey":"BVtlplLsabV+ReYQ0NfVJPddhMrXpw3wRMEt3GKmN+YV","previousCounter":0,"rootKey":"2R1sHUVVGrzxLHZHFxDlq8AlKwngCfIz/P2oVIgg/pA="},"indexInfo":{"baseKey":"BZHpCOLw1AMMjo5QZ/lK6JuBFrV7HCDODWzOjv6iCEYM","baseKeyType":1,"closed":1734065318538,"used":1733667715394,"created":1733667715394,"remoteIdentityKey":"BSmIVZd+mwBIUug4H1SccXWa6FXE4uBsL6DKnsLEQV19"},"_chains":{"Ba0rjlXEJcq6+x+DAKoOJqaRPHOV8H8T9WnbcHzqJlUW":{"chainKey":{"counter":19,"key":"4U6zBCK1zFtIArtoiFywGV0U2592K+t8ZhmISY0efQA="},"chainType":1,"messageKeys":{}}},"pendingPreKey":{"signedKeyId":10,"baseKey":"BZHpCOLw1AMMjo5QZ/lK6JuBFrV7HCDODWzOjv6iCEYM"}},"BYalnD3ysluxdFndG3de4f05Gmn1zc388cl0TwiMHAJ4":{"registrationId":803237909,"currentRatchet":{"ephemeralKeyPair":{"pubKey":"BX0ZPzvgY0wiB7g36HwQxjp7oynpdf329WKfDH4y/NE+","privKey":"+Ne7EzLQGna3yYpOvZtifE2gQdQE6F1eQ++UL21kRUQ="},"lastRemoteEphemeralKey":"Bdd4+xjvYGiWNrPPMPm1n+RF1XrMKOUcbaDU8I0J0P0D","previousCounter":0,"rootKey":"ILWmgVqCd6WEM2CLQQDoW9UpySu1wOOJnlYaoD4NUug="},"indexInfo":{"baseKey":"BYalnD3ysluxdFndG3de4f05Gmn1zc388cl0TwiMHAJ4","baseKeyType":1,"closed":1734065386104,"used":1734065318525,"created":1734065318525,"remoteIdentityKey":"BSmIVZd+mwBIUug4H1SccXWa6FXE4uBsL6DKnsLEQV19"},"_chains":{"BX0ZPzvgY0wiB7g36HwQxjp7oynpdf329WKfDH4y/NE+":{"chainKey":{"counter":-1,"key":"7PM7KaakwjekKgXPnb7EKhYOUHfc1TMPEsb5i39qmyk="},"chainType":1,"messageKeys":{}}},"pendingPreKey":{"signedKeyId":11,"baseKey":"BYalnD3ysluxdFndG3de4f05Gmn1zc388cl0TwiMHAJ4"}},"BQSm8UgHQ5pGCEepjeXgJ3NSEoJzB7IaZKruQbZT3g0F":{"registrationId":803237909,"currentRatchet":{"ephemeralKeyPair":{"pubKey":"BQNv22Qd1fLVZMpkMlgMncj+smoS9nxxHXl7zSV/R4c7","privKey":"wGtuRbrX4PPFs4aiqcwuWPlFiraCez1eB3MSlU3F+XQ="},"lastRemoteEphemeralKey":"Bdd4+xjvYGiWNrPPMPm1n+RF1XrMKOUcbaDU8I0J0P0D","previousCounter":0,"rootKey":"czgjXNVZVw2JRU9jHJl8Eo4MlPAZXqBo028GrBQhsjk="},"indexInfo":{"baseKey":"BQSm8UgHQ5pGCEepjeXgJ3NSEoJzB7IaZKruQbZT3g0F","baseKeyType":1,"closed":-1,"used":1734065386097,"created":1734065386097,"remoteIdentityKey":"BSmIVZd+mwBIUug4H1SccXWa6FXE4uBsL6DKnsLEQV19"},"_chains":{"BQNv22Qd1fLVZMpkMlgMncj+smoS9nxxHXl7zSV/R4c7":{"chainKey":{"counter":1,"key":"0zYrkf2/CwYpOHXnxMqPGlv7SMlpBvKMhF//VC8Hf78="},"chainType":1,"messageKeys":{}}},"pendingPreKey":{"signedKeyId":11,"baseKey":"BQSm8UgHQ5pGCEepjeXgJ3NSEoJzB7IaZKruQbZT3g0F"}}},"version":"v1"}