{"_sessions":{"BcW/FIn4a4KUu2BQqNGr92w3es3vvAn39RpQpt1t/Bw1":{"registrationId":152,"currentRatchet":{"ephemeralKeyPair":{"pubKey":"BVX7uNFI5SrjwlY3Ps55UjNnWV2BHmOJjRw+FiyC3dVW","privKey":"QOnanO+SVyoJjZRq+/+xzf3gdpfInH7FnbHLNAz4YGU="},"lastRemoteEphemeralKey":"BSnkUM2Ip0ejsO7JaWbIfnLVEV5rRRx/ttAM0WolMskE","previousCounter":0,"rootKey":"DMTchnaCq4THfPvII2ywNuqbintEKRT72IljomdPGGE="},"indexInfo":{"baseKey":"BcW/FIn4a4KUu2BQqNGr92w3es3vvAn39RpQpt1t/Bw1","baseKeyType":1,"closed":-1,"used":1733667577161,"created":1733667577161,"remoteIdentityKey":"BUIW3rNgKdPL1XFfrPpEu66Vd4aUG4prlmG/nMb4KuMe"},"_chains":{"BVX7uNFI5SrjwlY3Ps55UjNnWV2BHmOJjRw+FiyC3dVW":{"chainKey":{"counter":3,"key":"bbqh5KYnQ6AvBodi8WB99zaQjexnYb4fdr9+HQHmnSw="},"chainType":1,"messageKeys":{}}},"pendingPreKey":{"signedKeyId":1,"baseKey":"BcW/FIn4a4KUu2BQqNGr92w3es3vvAn39RpQpt1t/Bw1"}}},"version":"v1"}