{"_sessions":{"BTZtilg5SNvQy2jw1ySpamWdMD1hg8WlmXp7KOTZKfMz":{"registrationId":1558276114,"currentRatchet":{"ephemeralKeyPair":{"pubKey":"BaOTGVRPMRotdqWoSvGJIfAl1yVJsL4x5YGP4jY2pbhJ","privKey":"YO9p0a+4QPOpeoBcdAutdDTOLAN2Zsm2GLvwKCW6pFE="},"lastRemoteEphemeralKey":"BXUyJVR47FDGWFhyBnpipQwrpjBj0cpHr6dnp90kKs9Q","previousCounter":0,"rootKey":"Ja4TxFAH7BmN+UACguHsOhFA/WnVZd49uSew2nq8wPc="},"indexInfo":{"baseKey":"BTZtilg5SNvQy2jw1ySpamWdMD1hg8WlmXp7KOTZKfMz","baseKeyType":1,"closed":1733772568846,"used":1733673824260,"created":1733667577758,"remoteIdentityKey":"BYQb3vmnDCcletDsoLSLNziOotWwN1U4n4id2tamkDZ4"},"_chains":{"BZ2wtFjOT8nU+Ye5e9HuEtCFfwRT/oKk6mWe07GBdzk9":{"chainKey":{"counter":0},"chainType":2,"messageKeys":{}},"BT2GEQlY6vpZJlm1EjkKFjj2WOwJA71ja0xtJcHAx+AV":{"chainKey":{"counter":0},"chainType":2,"messageKeys":{}},"BehHmy8VRrBH6UcK+hSSDmqElN+cmTJrjh1+7QvahWl6":{"chainKey":{"counter":1},"chainType":2,"messageKeys":{}},"Bf4beLak5T0tNL7HohUrSNFjWwpt+ODz6DVlCDddcslO":{"chainKey":{"counter":0},"chainType":2,"messageKeys":{}},"BRx4IVyRaOzAqnxsMh6pHFBzw1/2PvEIr+mohD82zcsi":{"chainKey":{"counter":0},"chainType":2,"messageKeys":{}},"BTtUOu4RlGMH+SF3qNsQ2wkbMMIkeyR9O0aJl983trI2":{"chainKey":{"counter":0},"chainType":2,"messageKeys":{}},"BeWoyeaqepNAOMVD7FKHUDkRWwN2JPuQM2oXXy1XsHsr":{"chainKey":{"counter":0},"chainType":2,"messageKeys":{}},"Ba+nYFnZNMkgrinxkJBZd+M5c4Y3JWsbEYZ3phHQNXtu":{"chainKey":{"counter":0},"chainType":2,"messageKeys":{}},"BXujl3zKDiUgtxfg5Cr6GuwjrdVfDHTDtoKsEGHBbSxB":{"chainKey":{"counter":0},"chainType":2,"messageKeys":{}},"BTJYZ95KajutrqSxV0zxT6RcMYcR8Yc/4tFSr+rVUDk6":{"chainKey":{"counter":0},"chainType":2,"messageKeys":{}},"BZVnL7kPEGLiXbjt2TeVzVvRaqx9StNixo6F8fBnF053":{"chainKey":{"counter":0},"chainType":2,"messageKeys":{}},"BbUcKv+yXpvq/PD8P5peXDmjYYZfsj0udp7A19aAr95D":{"chainKey":{"counter":0},"chainType":2,"messageKeys":{}},"BR989QG3Gj19VuaqDBuQA+2M9pxOsLIVfbWIJ6lqKTkW":{"chainKey":{"counter":0},"chainType":2,"messageKeys":{}},"BfqTmVYb2d/MsnFLRBMdtbK0clUgiUa2QQH+/uTkbVl9":{"chainKey":{"counter":0},"chainType":2,"messageKeys":{}},"BaWJEW1c4N62z5s1NOJ0F8wf9mAW82kZSCcKcrwBZBtt":{"chainKey":{"counter":1},"chainType":2,"messageKeys":{}},"BWSmOBRe61NjsFIb0S7CsTVBTE7fGLx6kf0y09HDv61I":{"chainKey":{"counter":0},"chainType":2,"messageKeys":{}},"BeVB55ZhEB8hBiO35/S0RHJf9ZwCDf0uqDiCJxwSmqRu":{"chainKey":{"counter":0},"chainType":2,"messageKeys":{}},"BYmK1EHKaYYcyvnBOpsVs5zdW7psUN1D/C2yCRvC2VEf":{"chainKey":{"counter":0},"chainType":2,"messageKeys":{}},"BVZOpaRtr4QAJtjDaoJfaczzX0WbyLCoWLJLKD/hy7wl":{"chainKey":{"counter":0},"chainType":2,"messageKeys":{}},"BSwjGEm6J1Yb8mvLFvcU8NkO9cC7Bl+NJXgMaRb2hdQa":{"chainKey":{"counter":0},"chainType":2,"messageKeys":{}},"BT6BNWCb+s7/bhNDiP84fHb7C7EIUKBl0NTSuVIYD4QA":{"chainKey":{"counter":0},"chainType":2,"messageKeys":{}},"BS/UFYoI++FSQ6EIfREWjU4bUc/gukXDlSK8E+XlU2Vr":{"chainKey":{"counter":0},"chainType":2,"messageKeys":{}},"BdIoheAzjC7tcBJLRjaEuJKx1SF1PTboZNBB66VyDjlC":{"chainKey":{"counter":0},"chainType":2,"messageKeys":{}},"BQUSmaQCKPSLWrDJQhtJq34XiH+/i5FHMhoq99BHUgUI":{"chainKey":{"counter":1},"chainType":2,"messageKeys":{}},"BQtQho9vDsRrL6MI9bAgYvBCtHLR4KBRjGIgNLs11LMQ":{"chainKey":{"counter":0},"chainType":2,"messageKeys":{}},"BXUyJVR47FDGWFhyBnpipQwrpjBj0cpHr6dnp90kKs9Q":{"chainKey":{"counter":0,"key":"3TpOj9/wo66282kweY0IhBJZe1HZsbTdHEWP4SW2nfs="},"chainType":2,"messageKeys":{}},"BaOTGVRPMRotdqWoSvGJIfAl1yVJsL4x5YGP4jY2pbhJ":{"chainKey":{"counter":1,"key":"UdVSLK++14n+yEyN3AUbyjWmeNZww4ZsqLAEq7F+atM="},"chainType":1,"messageKeys":{}}}},"BSVWqqa6FG8g+FVaMrQ2k6rx5McKbveo6POdURbogI19":{"registrationId":1558276114,"currentRatchet":{"ephemeralKeyPair":{"pubKey":"BcsLNcqQus7vuDaoGptTtWp+to72Iy0EpfLteYdvLTxj","privKey":"aK+SvBsADIQGRU3DIg/sOip9XncWDChM9+UPpIBzE0w="},"lastRemoteEphemeralKey":"BRktVYTczyUC3tZ2DGo9EOM68z1lBLCgFJ61L2s2ZBRv","previousCounter":4,"rootKey":"pPEco09dwbI/l7PIk/REtSX//A5gXoLdfi9zaqzkrJU="},"indexInfo":{"baseKey":"BSVWqqa6FG8g+FVaMrQ2k6rx5McKbveo6POdURbogI19","baseKeyType":2,"closed":1734011701569,"used":1733774932641,"created":1733772568849,"remoteIdentityKey":"BYQb3vmnDCcletDsoLSLNziOotWwN1U4n4id2tamkDZ4"},"_chains":{"BZRJBNSeMjWSKcZLF0Szeoo0o9N/2lQthZyo490qTcQZ":{"chainKey":{"counter":1},"chainType":2,"messageKeys":{}},"BR1mYqe7HO2va6Ftqw50dlSA+MPnFMbENibq3ymsKZdf":{"chainKey":{"counter":0},"chainType":2,"messageKeys":{}},"BQ8QpAnNvS1AQTp5Ty06xnyFql6qrlBxfUqCOApR42VG":{"chainKey":{"counter":0},"chainType":2,"messageKeys":{}},"BQgiQY8mtIwls6FOyXfOuvnUoyuvVDfeL9aGbJMRxPsk":{"chainKey":{"counter":0},"chainType":2,"messageKeys":{}},"BRktVYTczyUC3tZ2DGo9EOM68z1lBLCgFJ61L2s2ZBRv":{"chainKey":{"counter":0,"key":"a/+uyWoSW/2c/4SkUflchE193M6w91VVkSn5Sv3Xeh0="},"chainType":2,"messageKeys":{}},"BcsLNcqQus7vuDaoGptTtWp+to72Iy0EpfLteYdvLTxj":{"chainKey":{"counter":0,"key":"ROWEvD4/g2sSWyMpalhmLaFiSozmuGqS2w8GTG451PI="},"chainType":1,"messageKeys":{}}}},"BVHRm5l4oEOnwheyMLqFa34nxNtyvLVT9P2iycR/0m1Q":{"registrationId":1558276114,"currentRatchet":{"ephemeralKeyPair":{"pubKey":"BSdLFh90zok3hYNfk3d1ahdtwx+12FRXMLOnhUAJWxVz","privKey":"CL+BRWJG4IHOk5LFo6Ud/yE2C2SonoIGuy1pP9tDYnc="},"lastRemoteEphemeralKey":"BaymZK3mQ4rvDVdKYxoKkgaEJNTG2Vj/jnp5zQJIocBU","previousCounter":1,"rootKey":"6JwCP00roeuo5Cq4caW7o6eIZN37T9Xurw2nNsnF95w="},"indexInfo":{"baseKey":"BVHRm5l4oEOnwheyMLqFa34nxNtyvLVT9P2iycR/0m1Q","baseKeyType":1,"closed":-1,"used":1734095227649,"created":1734011701461,"remoteIdentityKey":"BYQb3vmnDCcletDsoLSLNziOotWwN1U4n4id2tamkDZ4"},"_chains":{"Bcpyj6Y4YQf09mpa8FMqbZ9+dVRDMy7s7qXi3CKbCwtd":{"chainKey":{"counter":0},"chainType":2,"messageKeys":{}},"BWwE22AOWcs9CSNwiwjCpFUCjmP2ce/BQkiLRpOfxkl9":{"chainKey":{"counter":0},"chainType":2,"messageKeys":{}},"BTTDmXeQl6hKhg2uBkcE+afgHmwWShELvcBbTvEYC1Qw":{"chainKey":{"counter":1},"chainType":2,"messageKeys":{}},"BevGN7iLw1cH7vHkyh4sxUyrcZHa9jm0+p9beJ7a9uRU":{"chainKey":{"counter":0},"chainType":2,"messageKeys":{}},"BSFYD9CrxaprIIW5iYlrX38wetKpF1c1xrL2WsMloqUY":{"chainKey":{"counter":0},"chainType":2,"messageKeys":{}},"BWQtds6Hs5dcuG7+X3iIYR//9IfiEcV0SUhQVQ6UTw4f":{"chainKey":{"counter":0},"chainType":2,"messageKeys":{}},"Ba+i97r17EOXP31gQCjf3TYag4CM9Hdkyus5qHCM5ws3":{"chainKey":{"counter":0},"chainType":2,"messageKeys":{}},"BfOgPZlCUwpPUvRNnr4rV0ABk3ZFIt5EVTWUgvKvpwkY":{"chainKey":{"counter":0},"chainType":2,"messageKeys":{}},"BarIf6+26oScnRpLgyEmReNnbQ2aTD3a5wZs32p4MZYu":{"chainKey":{"counter":0},"chainType":2,"messageKeys":{}},"BXLp5GEZxraxbJOu8Npnbtlxi93QGiQ0VvMSOwNYLE0j":{"chainKey":{"counter":0},"chainType":2,"messageKeys":{}},"BVeLr3ckAR36sxA9Kkdc6c2hgjU+1EgGfa9QaWTtBJFK":{"chainKey":{"counter":0},"chainType":2,"messageKeys":{}},"BaymZK3mQ4rvDVdKYxoKkgaEJNTG2Vj/jnp5zQJIocBU":{"chainKey":{"counter":0,"key":"z0c51lTqTWXxwfSxnHaZ9FZQ5Q/tb2egKZh/59RxDZA="},"chainType":2,"messageKeys":{}},"BSdLFh90zok3hYNfk3d1ahdtwx+12FRXMLOnhUAJWxVz":{"chainKey":{"counter":1,"key":"heFxIuOnI5eYZQz28sT+6rLM5LoBYGNAIawHpySEh6I="},"chainType":1,"messageKeys":{}}}}},"version":"v1"}