{"_sessions":{"BWaop4yFLVxbu+u4SxqxHOLrj/ZYcA1jkdhJQFfstExJ":{"registrationId":14,"currentRatchet":{"ephemeralKeyPair":{"pubKey":"Bfu79y16dem4+dLPhV/KhRFBX3QzgL7ZDBZy2TJlhLpV","privKey":"OKY+98Ij0t8X7zKEPltLl7LKW9SVy3T0U+aU14aosFY="},"lastRemoteEphemeralKey":"BTh8dMSxYEzHXbl2XdO8z5fEQwhsEmxrrMD3W7GEhNFg","previousCounter":0,"rootKey":"C+LtG7uD0CgV565/YdkDU5LDDy0J4Sa95U7jBauEKrw="},"indexInfo":{"baseKey":"BWaop4yFLVxbu+u4SxqxHOLrj/ZYcA1jkdhJQFfstExJ","baseKeyType":1,"closed":-1,"used":1733772952667,"created":1733772952667,"remoteIdentityKey":"BfPJuEztEAWUb2l14HHJYL85tdDyO3kGKbVuxbudo+ph"},"_chains":{"Bfu79y16dem4+dLPhV/KhRFBX3QzgL7ZDBZy2TJlhLpV":{"chainKey":{"counter":5,"key":"8v5pfFS3Kv5fwipfbRZFxi8vZhhuF6spCeo5Y/wvvG0="},"chainType":1,"messageKeys":{}}},"pendingPreKey":{"signedKeyId":1,"baseKey":"BWaop4yFLVxbu+u4SxqxHOLrj/ZYcA1jkdhJQFfstExJ"}}},"version":"v1"}