{"_sessions":{"BWMg43UBwj26T5ntDrrxNJ+fX5qsQSbX5j5sP3Lp7M1w":{"registrationId":1235113839,"currentRatchet":{"ephemeralKeyPair":{"pubKey":"BawCHkQJhHgUtFTHfyeYpF00VCEiIrbEAkPdpSF2nfQs","privKey":"mEBL14eRp5Qc/VEBxGQJq1De+DLTQ3IwKbIb2VLk4ng="},"lastRemoteEphemeralKey":"BXS4dnJAez+q67/ktfvFu/XJlM6UfqWI+6pXr4JEDiZo","previousCounter":0,"rootKey":"M9lXFgQE3x77yFfFpLzhgLoZ5VzEfPBvZspAbWp3qw8="},"indexInfo":{"baseKey":"BWMg43UBwj26T5ntDrrxNJ+fX5qsQSbX5j5sP3Lp7M1w","baseKeyType":1,"closed":-1,"used":1734011798654,"created":1734011798654,"remoteIdentityKey":"BR9npYGCFTC4N76raii5tHOtiCi8d1Tms/sMtVVtUPUi"},"_chains":{"BawCHkQJhHgUtFTHfyeYpF00VCEiIrbEAkPdpSF2nfQs":{"chainKey":{"counter":0,"key":"l2sy0fYvvANSwAveKhzaqDJOYc9DTv4egE3kVk7S64A="},"chainType":1,"messageKeys":{}}},"pendingPreKey":{"signedKeyId":1,"baseKey":"BWMg43UBwj26T5ntDrrxNJ+fX5qsQSbX5j5sP3Lp7M1w","preKeyId":88265}}},"version":"v1"}