{"_sessions":{"BeSk4qTdcreE5SALcptd/xVU3nF2W6wrW1QkfXlYNM9v":{"registrationId":925081547,"currentRatchet":{"ephemeralKeyPair":{"pubKey":"BXVrQOoaAj3AMF7xIkyO2aetoYkQ4ZS9dbA0/RGmKbRD","privKey":"4DyjhyGzCRcPb52H0gPvkAEJeTbvpS2h9XQr38vJ5k0="},"lastRemoteEphemeralKey":"BWG2YEgx9Namfth2elr22HvE3E5pWhvQY8NCYmqLloAr","previousCounter":0,"rootKey":"H/792gO0NvsP+/maOLhJ3upP/KaTR2x4DTHKLxYIKa0="},"indexInfo":{"baseKey":"BeSk4qTdcreE5SALcptd/xVU3nF2W6wrW1QkfXlYNM9v","baseKeyType":1,"closed":1733773002568,"used":1733667577592,"created":1733667577592,"remoteIdentityKey":"BXMbIAt6hxzWYmujGHuShokQz0/Ofh0J+1L+94a/rCQQ"},"_chains":{"BXVrQOoaAj3AMF7xIkyO2aetoYkQ4ZS9dbA0/RGmKbRD":{"chainKey":{"counter":5,"key":"PhTB2E0KNslL0uxz44JA4Rl0lQi2Inoob1OKVE6cC8A="},"chainType":1,"messageKeys":{}}},"pendingPreKey":{"signedKeyId":2,"baseKey":"BeSk4qTdcreE5SALcptd/xVU3nF2W6wrW1QkfXlYNM9v","preKeyId":1945360}},"BVGTEUscmtGBgH18L1uHQiPugL5OqeNAURP94Vr+ATtJ":{"registrationId":925081547,"currentRatchet":{"ephemeralKeyPair":{"pubKey":"BRrBo86te9yv21OJisnImyIF14L0A75hN2n6rTxSCrZO","privKey":"iC4lm6B1FNzNvt+YT4rFvifqurjVmMFGfoaEzGfOtVo="},"lastRemoteEphemeralKey":"BWG2YEgx9Namfth2elr22HvE3E5pWhvQY8NCYmqLloAr","previousCounter":0,"rootKey":"bAo5R9HTiB3f6RBLRTnndNP3ICeB/VJNF0XfVuI5Ncg="},"indexInfo":{"baseKey":"BVGTEUscmtGBgH18L1uHQiPugL5OqeNAURP94Vr+ATtJ","baseKeyType":1,"closed":1734048165004,"used":1733773002559,"created":1733773002559,"remoteIdentityKey":"BXMbIAt6hxzWYmujGHuShokQz0/Ofh0J+1L+94a/rCQQ"},"_chains":{"BRrBo86te9yv21OJisnImyIF14L0A75hN2n6rTxSCrZO":{"chainKey":{"counter":11,"key":"gCHt2vadhGY9hV1aOumxF0HzW7UaNMI+TypGIiIpm5M="},"chainType":1,"messageKeys":{}}},"pendingPreKey":{"signedKeyId":2,"baseKey":"BVGTEUscmtGBgH18L1uHQiPugL5OqeNAURP94Vr+ATtJ","preKeyId":1945213}},"BfG1TEhZnG5NKnU8IaFu64bwA2Ow1bMZRcm287cCGfRD":{"registrationId":925081547,"currentRatchet":{"ephemeralKeyPair":{"pubKey":"BfhkgIilmpTbcrkXmSrf1xDxiydMU4ibA7NyFqq9E68A","privKey":"6NwIRSGCSS7o4M4sb8Ct5LPWzHXvzhtBqJSCe+feJ3Q="},"lastRemoteEphemeralKey":"BVcZs+1thEUdgLjMcvZYqzykq+pDUYqMtKkcCZBUCZtO","previousCounter":0,"rootKey":"K+b6asrjUqSs2BM2wugdvHWeYnV8ayxPsnmNuViLSZI="},"indexInfo":{"baseKey":"BfG1TEhZnG5NKnU8IaFu64bwA2Ow1bMZRcm287cCGfRD","baseKeyType":2,"closed":-1,"used":1734081432159,"created":1734048165063,"remoteIdentityKey":"BXMbIAt6hxzWYmujGHuShokQz0/Ofh0J+1L+94a/rCQQ"},"_chains":{"Ba0iajQR9n6Iqrz5NCze6+TlCq+wLCx2/UIOCpAX/JJz":{"chainKey":{"counter":0},"chainType":2,"messageKeys":{}},"BdfPF559ok5y0xig0kvdJtKO0vfJ4DW14f2eaYoDJE0D":{"chainKey":{"counter":1},"chainType":2,"messageKeys":{}},"BVcZs+1thEUdgLjMcvZYqzykq+pDUYqMtKkcCZBUCZtO":{"chainKey":{"counter":0,"key":"62exzrYJ4LW64R5VTvn74f1SahX6LehdQfkdTtEh1hY="},"chainType":2,"messageKeys":{}},"BfhkgIilmpTbcrkXmSrf1xDxiydMU4ibA7NyFqq9E68A":{"chainKey":{"counter":0,"key":"plsokxR11Wb+xtUM9RhVgBYYjFIXkeIy/Z06FaZCwvM="},"chainType":1,"messageKeys":{}}}}},"version":"v1"}