{"_sessions":{"BX/kdgj1F/3DTF0A5VwIROByzD2Q/snVkkimkot4As4K":{"registrationId":969215037,"currentRatchet":{"ephemeralKeyPair":{"pubKey":"BdVJ/ejeqWl3azGYp/GzdoqzOmoMJqIRM6Hoyj0J8u5A","privKey":"oPS2trTSvrzClroUceFyl7zevScJ+m+7Wj720+YF6nQ="},"lastRemoteEphemeralKey":"BVLcaEXFz8ghKB+5PC+su1cU07X9x5Rw0l+lSOkLhHNV","previousCounter":0,"rootKey":"oiOFHEbVCBkZkDsaQ50BB2TN3UuHGn15Vs8HFccPuAE="},"indexInfo":{"baseKey":"BX/kdgj1F/3DTF0A5VwIROByzD2Q/snVkkimkot4As4K","baseKeyType":1,"closed":1734017057872,"used":1733667577486,"created":1733667577486,"remoteIdentityKey":"BVmwjCvluSBgqzyXicd5F2WiEQRBFLAXGxXP/hK/YmkW"},"_chains":{"BdVJ/ejeqWl3azGYp/GzdoqzOmoMJqIRM6Hoyj0J8u5A":{"chainKey":{"counter":14,"key":"ANjl0PL/kSbnxFf0Dxb65PtCpSasRtyiT/m81dEXfNg="},"chainType":1,"messageKeys":{}}},"pendingPreKey":{"signedKeyId":1,"baseKey":"BX/kdgj1F/3DTF0A5VwIROByzD2Q/snVkkimkot4As4K","preKeyId":4571815}},"BduUZlh8EhvG2FNsDPS88cdlwO/O6Wh1YLbRPSOe8F4c":{"registrationId":2061444550,"currentRatchet":{"ephemeralKeyPair":{"pubKey":"BTszQDjGNfHqJAQpRMnWbxlJCyx6VtAiikrAez5YOphw","privKey":"OPm9Z8uVJzCKZ+n57LvzaeaoFu4m0e1gVlCN3FZQaFU="},"lastRemoteEphemeralKey":"BRHRybYut90mU+HyB7w+Lkh44emb3AbfpwnxcHrubjcq","previousCounter":0,"rootKey":"12zqkw6Fi94FsmVKTaVVtDcNnUiP8pElF7lIRp40Me8="},"indexInfo":{"baseKey":"BduUZlh8EhvG2FNsDPS88cdlwO/O6Wh1YLbRPSOe8F4c","baseKeyType":1,"closed":1734017058397,"used":1734017057782,"created":1734017057782,"remoteIdentityKey":"BahHyBk0lFs1sVKp1xLUNewHZlcyonCxJzJg7eVtI/IX"},"_chains":{"BTszQDjGNfHqJAQpRMnWbxlJCyx6VtAiikrAez5YOphw":{"chainKey":{"counter":-1,"key":"NwjKCaV1KouYln/osQ2cHsLSVA4Vwyd3dACKW0lgH5s="},"chainType":1,"messageKeys":{}}},"pendingPreKey":{"signedKeyId":0,"baseKey":"BduUZlh8EhvG2FNsDPS88cdlwO/O6Wh1YLbRPSOe8F4c","preKeyId":4172186}},"BTHH1IuWdOTbR8fOHiNTFqVcT6JhzJFBVeTjgvAuuYBc":{"registrationId":2061444550,"currentRatchet":{"ephemeralKeyPair":{"pubKey":"BZC+E3q3tX4lqXXBT+aSpoicowJHvslgz8aKapoAWJka","privKey":"aILe49/j8BvcI7pYPMP2k6pc2q4xAxtBg19Aprx963I="},"lastRemoteEphemeralKey":"BRHRybYut90mU+HyB7w+Lkh44emb3AbfpwnxcHrubjcq","previousCounter":0,"rootKey":"Nw2PkntVcmfr7CcscIteYxGZrV4GEKK887M2F/v5UsA="},"indexInfo":{"baseKey":"BTHH1IuWdOTbR8fOHiNTFqVcT6JhzJFBVeTjgvAuuYBc","baseKeyType":1,"closed":1734017060262,"used":1734017058378,"created":1734017058378,"remoteIdentityKey":"BahHyBk0lFs1sVKp1xLUNewHZlcyonCxJzJg7eVtI/IX"},"_chains":{"BZC+E3q3tX4lqXXBT+aSpoicowJHvslgz8aKapoAWJka":{"chainKey":{"counter":-1,"key":"DVFgHVs4Bcpo5/HH1HBb158NlTUYhLVBaNGDxLmUZxI="},"chainType":1,"messageKeys":{}}},"pendingPreKey":{"signedKeyId":0,"baseKey":"BTHH1IuWdOTbR8fOHiNTFqVcT6JhzJFBVeTjgvAuuYBc","preKeyId":4172789}},"BUryJNlhR20qIssn4AOe+rDrSayCylVolLNvowrDjSl2":{"registrationId":2061444550,"currentRatchet":{"ephemeralKeyPair":{"pubKey":"Bbw/28brRJHB3uGJoRIAB3zFn64gQYHxZ2QmCQuB0WIa","privKey":"gCLDAnL2ID0XUFiZzA/kSA48I6giFhFQBT5AkmYynEU="},"lastRemoteEphemeralKey":"BRHRybYut90mU+HyB7w+Lkh44emb3AbfpwnxcHrubjcq","previousCounter":0,"rootKey":"tohGrEnyuTiYmhjlwn8C1tzmUZWseYAYptTWDS751Zs="},"indexInfo":{"baseKey":"BUryJNlhR20qIssn4AOe+rDrSayCylVolLNvowrDjSl2","baseKeyType":1,"closed":1734017060863,"used":1734017060257,"created":1734017060257,"remoteIdentityKey":"BahHyBk0lFs1sVKp1xLUNewHZlcyonCxJzJg7eVtI/IX"},"_chains":{"Bbw/28brRJHB3uGJoRIAB3zFn64gQYHxZ2QmCQuB0WIa":{"chainKey":{"counter":-1,"key":"KbYnVMsHoe6LHt8ZC3r0HnCjgwXC+qjrDvpNGp08DHw="},"chainType":1,"messageKeys":{}}},"pendingPreKey":{"signedKeyId":0,"baseKey":"BUryJNlhR20qIssn4AOe+rDrSayCylVolLNvowrDjSl2","preKeyId":4172158}},"BTOtoyy6lltXqMp4rAZAJiREGCRIpiBv2xhxV/CequsT":{"registrationId":2061444550,"currentRatchet":{"ephemeralKeyPair":{"pubKey":"BZX3mg3hZ7BEu3Y7ezog/m47bnrDTCzDh5axuN/scuVc","privKey":"gA6s7DjcoDAB4DNMSrk6arX9CKGS+3/WrvfPaWrbI28="},"lastRemoteEphemeralKey":"BRHRybYut90mU+HyB7w+Lkh44emb3AbfpwnxcHrubjcq","previousCounter":0,"rootKey":"8MalXFp//OuiVup5xm5JEYe6FNBDXjbCyFEQNvdAg4k="},"indexInfo":{"baseKey":"BTOtoyy6lltXqMp4rAZAJiREGCRIpiBv2xhxV/CequsT","baseKeyType":1,"closed":1734017068970,"used":1734017060859,"created":1734017060859,"remoteIdentityKey":"BahHyBk0lFs1sVKp1xLUNewHZlcyonCxJzJg7eVtI/IX"},"_chains":{"BZX3mg3hZ7BEu3Y7ezog/m47bnrDTCzDh5axuN/scuVc":{"chainKey":{"counter":-1,"key":"x5X9G8JAmo094B+C+sHUpvXBQMh98u7JLt6SUPJ1YII="},"chainType":1,"messageKeys":{}}},"pendingPreKey":{"signedKeyId":0,"baseKey":"BTOtoyy6lltXqMp4rAZAJiREGCRIpiBv2xhxV/CequsT","preKeyId":4172573}},"BQL2gDTO7jqGed9FwoTfHK5MRAUJavNvtN2FAiHYj31Z":{"registrationId":2061444550,"currentRatchet":{"ephemeralKeyPair":{"pubKey":"BbOdZHuoW8iSUnCHD2WXaOrffsKs9JjwMyT290rWwHEK","privKey":"wP/EBDY2OxgqFX9b4MALtGsWZsERbfNRS8GJTswceVk="},"lastRemoteEphemeralKey":"BRHRybYut90mU+HyB7w+Lkh44emb3AbfpwnxcHrubjcq","previousCounter":0,"rootKey":"b1+vVCp8odZ4lzdm5qErMIDR/RLm5cY8fNLmf4B0Nws="},"indexInfo":{"baseKey":"BQL2gDTO7jqGed9FwoTfHK5MRAUJavNvtN2FAiHYj31Z","baseKeyType":1,"closed":1734017103388,"used":1734017068963,"created":1734017068963,"remoteIdentityKey":"BahHyBk0lFs1sVKp1xLUNewHZlcyonCxJzJg7eVtI/IX"},"_chains":{"BbOdZHuoW8iSUnCHD2WXaOrffsKs9JjwMyT290rWwHEK":{"chainKey":{"counter":-1,"key":"oUbN3TJIrlcM3HHlWono7DltEfvUCDBHcET3N7AhpsI="},"chainType":1,"messageKeys":{}}},"pendingPreKey":{"signedKeyId":0,"baseKey":"BQL2gDTO7jqGed9FwoTfHK5MRAUJavNvtN2FAiHYj31Z","preKeyId":4172596}},"BdEaaip1bOStAdLHqfBXXPY59x8AVVKzUzj8KFu1TfFI":{"registrationId":2061444550,"currentRatchet":{"ephemeralKeyPair":{"pubKey":"BZLzwxnwCZDtvOk0GiBij4hv+sLpZNlEveupRsKcufpM","privKey":"EPFPM+5fxnhJldNPH3FF0Y9uckhZW+0jCm3HlY0c4GE="},"lastRemoteEphemeralKey":"BVAu/m3C05GN5CbxD2ISInvT4c22LpDpSYmyIas++MAk","previousCounter":10,"rootKey":"yo9DCFOu2qsHb42THmjXQ5FknncoFm1o9/zHTV2pTtU="},"indexInfo":{"baseKey":"BdEaaip1bOStAdLHqfBXXPY59x8AVVKzUzj8KFu1TfFI","baseKeyType":1,"closed":-1,"used":1734086151666,"created":1734017103380,"remoteIdentityKey":"BahHyBk0lFs1sVKp1xLUNewHZlcyonCxJzJg7eVtI/IX"},"_chains":{"BVAu/m3C05GN5CbxD2ISInvT4c22LpDpSYmyIas++MAk":{"chainKey":{"counter":0,"key":"+GkpVVfDgd1qv8wxiVAn2coVYvEG5u/S4Pbw4TLk8cg="},"chainType":2,"messageKeys":{}},"BZLzwxnwCZDtvOk0GiBij4hv+sLpZNlEveupRsKcufpM":{"chainKey":{"counter":0,"key":"BEAGg+ipCfFxQMUJKGPuKi7wyPWkPh0i1LsKAUhJbuQ="},"chainType":1,"messageKeys":{}}}}},"version":"v1"}