{"_sessions":{"BSs52rYCLpVENXnUZvK/KxMXuJoGzwiQQxTANRVvZzs3":{"registrationId":872197899,"currentRatchet":{"ephemeralKeyPair":{"pubKey":"BfFQIxBX0hOerGkA2Tm15lQdF+UHUEgkrW7vVlUOqyNK","privKey":"QIDmCbj157gCrwC9xpialmGI3kbBNB98TxZ0iQxCAnk="},"lastRemoteEphemeralKey":"BVQDJ4idvjhMkt7D2JvviCr4NDLwF71oTphv1mfYH4Zc","previousCounter":0,"rootKey":"TVAa2XxroyJfmWcryn6tSOufjInWCpfAtjHK1XFELCA="},"indexInfo":{"baseKey":"BSs52rYCLpVENXnUZvK/KxMXuJoGzwiQQxTANRVvZzs3","baseKeyType":1,"closed":-1,"used":1733667715164,"created":1733667715164,"remoteIdentityKey":"BY1whjGMTOum79pSjVWt0zdUKM0Cj24haBgChq7+Z+dE"},"_chains":{"BfFQIxBX0hOerGkA2Tm15lQdF+UHUEgkrW7vVlUOqyNK":{"chainKey":{"counter":9,"key":"AdZrSuEvuQ6zSXQ1Zz83JzcaBfnK2XG04x0E3j266qg="},"chainType":1,"messageKeys":{}}},"pendingPreKey":{"signedKeyId":0,"baseKey":"BSs52rYCLpVENXnUZvK/KxMXuJoGzwiQQxTANRVvZzs3"}}},"version":"v1"}