{"_sessions":{"BSkl7f+Kk5JCe1TcrXqNVwQdrT1QNdcLDBQme6wx1hVf":{"registrationId":77,"currentRatchet":{"ephemeralKeyPair":{"pubKey":"BRFpPMKZytZzpDl1vxy5RJPcD1st0AJ4tgePRhFrUD85","privKey":"AFcaXouVLogUQWgDqRtu2mdojTSppXSG1HPAM3xH5lk="},"lastRemoteEphemeralKey":"BZQQTys+E5cbIeaPR4IB4lb+E90DQdHP2Qos567LkVVs","previousCounter":0,"rootKey":"mBjUKZZiadmlhuVstrxovoybYjvVeVyXh7F8AgI7ULk="},"indexInfo":{"baseKey":"BSkl7f+Kk5JCe1TcrXqNVwQdrT1QNdcLDBQme6wx1hVf","baseKeyType":1,"closed":-1,"used":1734061073739,"created":1734061073739,"remoteIdentityKey":"BSVxPwot0KOEpoF3QJz5eotCIzCGbzWoHAgRMp7l7XF6"},"_chains":{"BRFpPMKZytZzpDl1vxy5RJPcD1st0AJ4tgePRhFrUD85":{"chainKey":{"counter":1,"key":"20ZSDlD3qSZdthdkRww0fy0XL4KnvEUbFF/uK0COLy8="},"chainType":1,"messageKeys":{}}},"pendingPreKey":{"signedKeyId":1,"baseKey":"BSkl7f+Kk5JCe1TcrXqNVwQdrT1QNdcLDBQme6wx1hVf","preKeyId":21}}},"version":"v1"}