{"_sessions":{"BRUocWFagwQXOW1tfqIyjhLcmwOBhGxHyj3H5PEBedkf":{"registrationId":1112398473,"currentRatchet":{"ephemeralKeyPair":{"pubKey":"BT+cotigeQQx/j9YY70HqaFtYiVuMYEwXvGdezpaN7Mi","privKey":"IBdHcLFxI81Rq19wyTGo/hZYIWZ4BRVn/CIO4cQX5ks="},"lastRemoteEphemeralKey":"Be6/+9JmbM2QdNC8GSyD2BXwTTjCjDv+/ZKRukSpMSJI","previousCounter":0,"rootKey":"M08VHCAoB+jd/pr7quYlTOLYBYLL/p5b99LKMMWF1VM="},"indexInfo":{"baseKey":"BRUocWFagwQXOW1tfqIyjhLcmwOBhGxHyj3H5PEBedkf","baseKeyType":1,"closed":1734011806344,"used":1733667577693,"created":1733667577693,"remoteIdentityKey":"BdAi98/zEGyngTKl8K75ywsjSnbpBu9BXfYdNjg6pw0d"},"_chains":{"BT+cotigeQQx/j9YY70HqaFtYiVuMYEwXvGdezpaN7Mi":{"chainKey":{"counter":12,"key":"R6795RSfPae5CBoJmkhalg10iKuqgPkHAbiyP5orO4k="},"chainType":1,"messageKeys":{}}},"pendingPreKey":{"signedKeyId":0,"baseKey":"BRUocWFagwQXOW1tfqIyjhLcmwOBhGxHyj3H5PEBedkf","preKeyId":9993850}},"BWPjoroDunoU85xo66vumJiwlrVvoIzU/dhAx/9TSoIe":{"registrationId":150457656,"currentRatchet":{"ephemeralKeyPair":{"pubKey":"BTbM0bek7haYXKoXoD5Fg5YF/IJU0Ykg2VRFuONRLxZR","privKey":"uGyphzCemlBkLSdI+cDtbEayDznd6HkwaDyA+gVD+XA="},"lastRemoteEphemeralKey":"Bd0wXaYtMAhmyYRO/3nHCVAzz6Kkvc9lcjgzh9Fz9Acr","previousCounter":4,"rootKey":"w7s/5HELOTHQHpyZ76Uy97DxHvjNdG2dzJ7v4BP/Lpo="},"indexInfo":{"baseKey":"BWPjoroDunoU85xo66vumJiwlrVvoIzU/dhAx/9TSoIe","baseKeyType":1,"closed":-1,"used":1734048910872,"created":1734011806272,"remoteIdentityKey":"BRkde2NWV98uA21O+lI0EX7rJ7jpNQ+xSIAppxs09UIX"},"_chains":{"BYfz0ouAMyGJvj+eF5tWbyCVD5MWczsGyF1RV4t1M0Qn":{"chainKey":{"counter":0},"chainType":2,"messageKeys":{}},"Bd0wXaYtMAhmyYRO/3nHCVAzz6Kkvc9lcjgzh9Fz9Acr":{"chainKey":{"counter":1,"key":"gILaqBALjGuPYe3neRCpiMLf7QlS1QW/YGKQzUcM/B4="},"chainType":2,"messageKeys":{"0":"e5RZfSPPImXGJ1WG1hx+VGa9KugitPA2zViMQ9cYdBQ="}},"BTbM0bek7haYXKoXoD5Fg5YF/IJU0Ykg2VRFuONRLxZR":{"chainKey":{"counter":6,"key":"9v7HlreJ/ouimp+paUo2W+E8/IA4AouupN2d/QP1zgo="},"chainType":1,"messageKeys":{}}}}},"version":"v1"}