{"_sessions":{"BSAqfkRQ+d2f/xVuA52tEl2jtqT1GpSW0G88GiRfS2cE":{"registrationId":1992802817,"currentRatchet":{"ephemeralKeyPair":{"pubKey":"BaeTJXaTWh3b9vp/vFvUfnzJHAuWFoUYSungsMz8DvoE","privKey":"oA8nkloKDxmIfRHjaVo5ogF8b0+5N5efMGJAo+S9U34="},"lastRemoteEphemeralKey":"BSVHaNI4BcTqLi/wr2NJGd2gmz/pAIu0hwmcD+oD2+5z","previousCounter":0,"rootKey":"AoVndXkRp9bmRd71JUrdjnfbG8doVWvH23U9/BLGeQU="},"indexInfo":{"baseKey":"BSAqfkRQ+d2f/xVuA52tEl2jtqT1GpSW0G88GiRfS2cE","baseKeyType":1,"closed":-1,"used":1733667715068,"created":1733667715068,"remoteIdentityKey":"BXm3LDmYW8p0HfjNdWxArCuuW0XohUcG2P7abEf8iScY"},"_chains":{"BaeTJXaTWh3b9vp/vFvUfnzJHAuWFoUYSungsMz8DvoE":{"chainKey":{"counter":21,"key":"pMTg6OueV70lcuzHdQXM9dH3rUmUOAHMHH13LrQxfJs="},"chainType":1,"messageKeys":{}}},"pendingPreKey":{"signedKeyId":8,"baseKey":"BSAqfkRQ+d2f/xVuA52tEl2jtqT1GpSW0G88GiRfS2cE","preKeyId":5583926}}},"version":"v1"}