{"_sessions":{"Bc6G00FcXbh8mLXDxNgWFj8wfxwlXfYWEF/08PzoY0AD":{"registrationId":113,"currentRatchet":{"ephemeralKeyPair":{"pubKey":"BSZemi+1DDd3yRIY/8NyJlMxr9GmpHiwg6DUtmJpNItz","privKey":"yLrg81nnoONYC1kQCjj5WdXBmxaL+huHhtgcVcTruFg="},"lastRemoteEphemeralKey":"BabednQPkk7pxJ3LUOqhlX9POARLXzPm7VDg1XVNLpYV","previousCounter":0,"rootKey":"fnyhst+8e/MHJvSNfz3KgqXvXLenVh84sqCBBur6KDA="},"indexInfo":{"baseKey":"Bc6G00FcXbh8mLXDxNgWFj8wfxwlXfYWEF/08PzoY0AD","baseKeyType":1,"closed":-1,"used":1734094847842,"created":1734094847842,"remoteIdentityKey":"BVNoEyaptbp6zs0F63dTahfZ3L//R4xvgmljzJpaHsZj"},"_chains":{"BSZemi+1DDd3yRIY/8NyJlMxr9GmpHiwg6DUtmJpNItz":{"chainKey":{"counter":0,"key":"9UXyRwaX4QFrDwEI+SFkgDLg2jGjBpSP0ZFNuV94be0="},"chainType":1,"messageKeys":{}}},"pendingPreKey":{"signedKeyId":1,"baseKey":"Bc6G00FcXbh8mLXDxNgWFj8wfxwlXfYWEF/08PzoY0AD","preKeyId":356}}},"version":"v1"}