{"_sessions":{"BUKY2fbXS3lm4FEZe0JWPuURvDKOA69BzWhTKJqtXp01":{"registrationId":204103515,"currentRatchet":{"ephemeralKeyPair":{"pubKey":"BaNQRNzMsocp2/a9G/KTODTh21N9XZLZkRvcEsMnXaFz","privKey":"GGevOfg7E6LV5I/oA7bfIxNg8A/02xAR/9XZ8hxT+Fw="},"lastRemoteEphemeralKey":"BaHCbKOMZZGaedLGbkpFWHADm+zsfV5GbJ0n6lXUV29G","previousCounter":0,"rootKey":"W63soWvCgaIAhy2+SDYfl8CsTISz2FzHCbW/M9E2gVs="},"indexInfo":{"baseKey":"BUKY2fbXS3lm4FEZe0JWPuURvDKOA69BzWhTKJqtXp01","baseKeyType":2,"closed":-1,"used":1734049846157,"created":1734049846157,"remoteIdentityKey":"BRUnnJGjyP/4hehedQatxdODIl0q5NSEsvW9XyXdz7sB"},"_chains":{"BaHCbKOMZZGaedLGbkpFWHADm+zsfV5GbJ0n6lXUV29G":{"chainKey":{"counter":0,"key":"5Gqy1DGK8WEDHJ4xhj04dq/AgPgYgTuPywlN4s0DL9c="},"chainType":2,"messageKeys":{}},"BaNQRNzMsocp2/a9G/KTODTh21N9XZLZkRvcEsMnXaFz":{"chainKey":{"counter":3,"key":"vGadXKoqnV/n74YqGqPiIWDhujJsKRP87MP/XPSZZf8="},"chainType":1,"messageKeys":{}}}}},"version":"v1"}