{"_sessions":{"BQGgIWanBuzUglaqEbhcYEf5PGp69JqsF1MKMaXHWARu":{"registrationId":157,"currentRatchet":{"ephemeralKeyPair":{"pubKey":"BdjNX+QlNqcekMBdOJ5+6epJbuDL4a0PF/8VzhdgZlM6","privKey":"eEOKjbvPWHLkQOZj2e5+JnRvPPuAJSlOzIhQn7UO5VY="},"lastRemoteEphemeralKey":"BezrgL8Tr8kPG6AUGlbR2tb+N6I6RPD/BbzXrDvru6dF","previousCounter":0,"rootKey":"sWa98ZKUVZi+7DpLbbQnsgZMkh/uBm6YYBMZu7WtYDI="},"indexInfo":{"baseKey":"BQGgIWanBuzUglaqEbhcYEf5PGp69JqsF1MKMaXHWARu","baseKeyType":1,"closed":-1,"used":1733667577176,"created":1733667577176,"remoteIdentityKey":"BZ+F/Hn/WhAtWLUKYkJb7Iyinv8wEnk/m8DRdZgXfWZY"},"_chains":{"BdjNX+QlNqcekMBdOJ5+6epJbuDL4a0PF/8VzhdgZlM6":{"chainKey":{"counter":1,"key":"AQ0/lFNSTc6Dh7tBUyLTgFIb410cWbn77oVfzM8+NOs="},"chainType":1,"messageKeys":{}}},"pendingPreKey":{"signedKeyId":1,"baseKey":"BQGgIWanBuzUglaqEbhcYEf5PGp69JqsF1MKMaXHWARu"}}},"version":"v1"}