{"_sessions":{"Bf/eUmLIzZ3MXlvdpPwCogggiuOSpm/3tNRWmyCRB6Qs":{"registrationId":3,"currentRatchet":{"ephemeralKeyPair":{"pubKey":"BX5ceM63y97Ifp0i3K4Sg/eckHfKQblSs/iu86d7I5du","privKey":"QFZUShDAvJftThWCMrpMaOCN6f3Q8J/lmNoyNF2DGHs="},"lastRemoteEphemeralKey":"BRJjw5TwiezyXjndt/0s1LNAG9ab1hkp/5BmbbyA2ooZ","previousCounter":0,"rootKey":"zEKNYT04FnboOC3W6gShe1GGs4OrNaKIDY/REIZJIEQ="},"indexInfo":{"baseKey":"Bf/eUmLIzZ3MXlvdpPwCogggiuOSpm/3tNRWmyCRB6Qs","baseKeyType":1,"closed":-1,"used":1734011803668,"created":1734011803668,"remoteIdentityKey":"BW+KCBQ0/KT02UiVmLMPdtW/qnOPur4BJi5vU1pVlX0f"},"_chains":{"BX5ceM63y97Ifp0i3K4Sg/eckHfKQblSs/iu86d7I5du":{"chainKey":{"counter":11,"key":"fJrM8MoSNdVmzqMmNDMRZA2g9TGeR3e4BQCtOHw/Bb0="},"chainType":1,"messageKeys":{}}},"pendingPreKey":{"signedKeyId":1,"baseKey":"Bf/eUmLIzZ3MXlvdpPwCogggiuOSpm/3tNRWmyCRB6Qs"}}},"version":"v1"}