{"_sessions":{"BdwTfVtZwOkZE+s4xZECIeYeoP3FHPOYc71wcxBtpg0j":{"registrationId":240,"currentRatchet":{"ephemeralKeyPair":{"pubKey":"BYY5DYO3TKZcAFSSp0zTiSjnTNM8y935DLRAP2nDjjV/","privKey":"aKLfwpuGm6xyHqaFg3TyUXszdBKZ89sMAV6xtRQX3Ec="},"lastRemoteEphemeralKey":"BcTAf8hw8LT5MGYAtI+KoryIEb13quGs5VqAGtJLAmdh","previousCounter":0,"rootKey":"yFTfhvlqL0nIliZEChtUa+lIso6iXUJA10XGkImS8jM="},"indexInfo":{"baseKey":"BdwTfVtZwOkZE+s4xZECIeYeoP3FHPOYc71wcxBtpg0j","baseKeyType":1,"closed":-1,"used":1733667577190,"created":1733667577190,"remoteIdentityKey":"BasVaijgZhcKpqWeeeIvyafk5E/vyvKcVrfauLMI8BIF"},"_chains":{"BYY5DYO3TKZcAFSSp0zTiSjnTNM8y935DLRAP2nDjjV/":{"chainKey":{"counter":1,"key":"yteXTgJmqfTqcFeyAJ/8ZZBboNOlKI7/34tQZTNVUwo="},"chainType":1,"messageKeys":{}}},"pendingPreKey":{"signedKeyId":1,"baseKey":"BdwTfVtZwOkZE+s4xZECIeYeoP3FHPOYc71wcxBtpg0j"}}},"version":"v1"}