{"_sessions":{"Bexi42N4YTBbG18BqwW2Bx18lcRlIxpmpC6qIUtgomMZ":{"registrationId":1435816491,"currentRatchet":{"ephemeralKeyPair":{"pubKey":"Bfos0ZmSg7AwNMbQkCeEn5RN/oxan6AiRee2JuvmJFNR","privKey":"sG37GwUbemb+9Tkp6//jdMLP1GPR7URrTYrwE4y8q2s="},"lastRemoteEphemeralKey":"BT0jNaBeJ5ZSlcaElyLpwP6y6Gc5O5VyvRMtzKtL6FRo","previousCounter":0,"rootKey":"8eXaF18hIHnxFX/oSxWren8d/YFdX+QryCqLUNbDQP0="},"indexInfo":{"baseKey":"Bexi42N4YTBbG18BqwW2Bx18lcRlIxpmpC6qIUtgomMZ","baseKeyType":1,"closed":-1,"used":1733667577355,"created":1733667577355,"remoteIdentityKey":"BVeylDxtXRcqsgQDzxawwo12n3ETceG5ynf2m9i91k8e"},"_chains":{"Bfos0ZmSg7AwNMbQkCeEn5RN/oxan6AiRee2JuvmJFNR":{"chainKey":{"counter":0,"key":"h8NdgP//j10czwS8VBVYFGDaP4gVBKZ7Bb/Ppo91e1Y="},"chainType":1,"messageKeys":{}}},"pendingPreKey":{"signedKeyId":0,"baseKey":"Bexi42N4YTBbG18BqwW2Bx18lcRlIxpmpC6qIUtgomMZ"}}},"version":"v1"}