{"_sessions":{"BczGrA1myCb4RBXvMO4T23nSEwtrTCFbFPZVmnPDAq1E":{"registrationId":193,"currentRatchet":{"ephemeralKeyPair":{"pubKey":"BVfvo4YxE8YX1Dq8WV27WwrDJ5ZOttYzEiGcnO77hcNB","privKey":"KNcaDuuLk3JkMzSVkPiREmknbdBisjyjxnQRO2OrB1Y="},"lastRemoteEphemeralKey":"BX8dP2ILxLVi6hAayc7jD7Ip6Jl7ahJD/bzs7+FD1sJt","previousCounter":0,"rootKey":"Atj7zU68h+aF2uF17R6zJdLTU/5M1FbQ5gEs6QwP9gA="},"indexInfo":{"baseKey":"BczGrA1myCb4RBXvMO4T23nSEwtrTCFbFPZVmnPDAq1E","baseKeyType":1,"closed":-1,"used":1733667577259,"created":1733667577259,"remoteIdentityKey":"BcgbieaQpb4KOn8E9BJj/Q3QFxlztx0D7kKdpNYJMDp/"},"_chains":{"BVfvo4YxE8YX1Dq8WV27WwrDJ5ZOttYzEiGcnO77hcNB":{"chainKey":{"counter":3,"key":"NTzWyaEdEIbC/XKkI3MnUM+29h5ygw8XcLYNKC5Shfw="},"chainType":1,"messageKeys":{}}},"pendingPreKey":{"signedKeyId":1,"baseKey":"BczGrA1myCb4RBXvMO4T23nSEwtrTCFbFPZVmnPDAq1E"}}},"version":"v1"}