{"_sessions":{"Be9HsW9g+3lGqFuQgq8IEB9SUDDztAben4pB3b8pIEsV":{"registrationId":293529921,"currentRatchet":{"ephemeralKeyPair":{"pubKey":"BcgOqaeOLleo6XvyNe5uoGCJfx8FdyWAbxHSfREZ2e9b","privKey":"AOcgwiKtRwQVLnE8Wn1ftTlU35A0VlEPbuLqxWVuKlQ="},"lastRemoteEphemeralKey":"BdOgW29C7Cd/8FtsmMjIJfTbzijiWo/UtnnDtOzNdM4Q","previousCounter":0,"rootKey":"vbiOjBMDb48/axnB1/HhfgixCdHC5MSyoonYEmunp8M="},"indexInfo":{"baseKey":"Be9HsW9g+3lGqFuQgq8IEB9SUDDztAben4pB3b8pIEsV","baseKeyType":1,"closed":-1,"used":1733667715297,"created":1733667715297,"remoteIdentityKey":"BZjdcKIM7wG2yB1pHAs49B+ry/pYO2GeveMCXJGYYdNm"},"_chains":{"BcgOqaeOLleo6XvyNe5uoGCJfx8FdyWAbxHSfREZ2e9b":{"chainKey":{"counter":21,"key":"A3XDG+2nzTVFgd3/tX42WaLESaUIRGNzaPjvqi+UsFg="},"chainType":1,"messageKeys":{}}},"pendingPreKey":{"signedKeyId":2,"baseKey":"Be9HsW9g+3lGqFuQgq8IEB9SUDDztAben4pB3b8pIEsV","preKeyId":3952282}}},"version":"v1"}