{"_sessions":{"BQsEexgMUN+vNaESZzd5DeMKcoSH/Vo7L2jIveet2qsz":{"registrationId":767115418,"currentRatchet":{"ephemeralKeyPair":{"pubKey":"Bc07CMT57CXrZx8ZsTmUFh/DS3pC0ShHLj2dlDTERusx","privKey":"IEmUvYrSKFmX4oL28CFmMAHzeQGHtIck3Hkv9V1eL2U="},"lastRemoteEphemeralKey":"BezwpmRG++DOFUtm0u5YPPd3p/qc2hozkpEvUAlJJ5pu","previousCounter":0,"rootKey":"gi6Wh5lxcrKalMJR9Rv0DHHM0ipAkSQhgUfjQGULwr0="},"indexInfo":{"baseKey":"BQsEexgMUN+vNaESZzd5DeMKcoSH/Vo7L2jIveet2qsz","baseKeyType":1,"closed":-1,"used":1733667577284,"created":1733667577284,"remoteIdentityKey":"BaAPopwpaclhZlxW8+bXDGUfVZvQMIa/Bxx1L94QCgQU"},"_chains":{"Bc07CMT57CXrZx8ZsTmUFh/DS3pC0ShHLj2dlDTERusx":{"chainKey":{"counter":26,"key":"Oq16eLUNa18Y3DmEZhxsQuRXLaHTaobrcQe/TLu0XzY="},"chainType":1,"messageKeys":{}}},"pendingPreKey":{"signedKeyId":1,"baseKey":"BQsEexgMUN+vNaESZzd5DeMKcoSH/Vo7L2jIveet2qsz","preKeyId":10958613}}},"version":"v1"}