{"_sessions":{"BbDRnk7fT28UhRSQ3tAeoJgALYKo80dwOWzYzeFHBHZi":{"registrationId":1199239981,"currentRatchet":{"ephemeralKeyPair":{"pubKey":"BX4qmRoWlK/VWJKnOZh3/ibPUkB+6ZEHyQQJUcXGyk8Y","privKey":"aNNAnmZowY2l5P8fjV2b1oKpISmkeNG3txkywtEfTVM="},"lastRemoteEphemeralKey":"BQ9e0J0MWKZRWsFojnlJbx9OfrFz6y2VzvivI8gJS6RU","previousCounter":0,"rootKey":"t8nYVWLV0RsYoRcPbZC6K82e6nCMG6vSmTZl8l7n+lY="},"indexInfo":{"baseKey":"BbDRnk7fT28UhRSQ3tAeoJgALYKo80dwOWzYzeFHBHZi","baseKeyType":1,"closed":-1,"used":1733667577700,"created":1733667577700,"remoteIdentityKey":"BUYZ/CuIkiW4F0TlphZvkOvEEiCJ53IKWsJq9bf2quRb"},"_chains":{"BX4qmRoWlK/VWJKnOZh3/ibPUkB+6ZEHyQQJUcXGyk8Y":{"chainKey":{"counter":4,"key":"ha9PqLpt/pDcLxHOP2YG/c5ZfFgLHJN2Mew6M/2RB/8="},"chainType":1,"messageKeys":{}}},"pendingPreKey":{"signedKeyId":8,"baseKey":"BbDRnk7fT28UhRSQ3tAeoJgALYKo80dwOWzYzeFHBHZi","preKeyId":10653016}}},"version":"v1"}