{"_sessions":{"BQND46rscfoj447Hvp4h6TF+dqe+I4UaE9/8iIfba2M5":{"registrationId":54,"currentRatchet":{"ephemeralKeyPair":{"pubKey":"BXgTyPrE2FL9/qo/smprhHpTiNtYHHKQLCcaN5eUV8IS","privKey":"+LN24lHDoFVDhJlIPY4KpfBA3dgHzvtUKt+ZKNSyYmQ="},"lastRemoteEphemeralKey":"Bcz7/Q4J+X9kz+BCzpCpjfQrwLaMxeR0kngfVWABhMIl","previousCounter":0,"rootKey":"+Zm+YVDqUT4QyBCv6VZhuUaAWJbxi8NyZAY+m7J7Cyg="},"indexInfo":{"baseKey":"BQND46rscfoj447Hvp4h6TF+dqe+I4UaE9/8iIfba2M5","baseKeyType":1,"closed":-1,"used":1733688142790,"created":1733667577200,"remoteIdentityKey":"BctCiOmu3/hf71zV/uK80pXJdQcjFRuYzs1Xk5jXYxti"},"_chains":{"Bcz7/Q4J+X9kz+BCzpCpjfQrwLaMxeR0kngfVWABhMIl":{"chainKey":{"counter":2,"key":"GdKuqKl/mqO/gevhFNbhiejKJQlgyRYYSGHGl7kqurA="},"chainType":2,"messageKeys":{}},"BXgTyPrE2FL9/qo/smprhHpTiNtYHHKQLCcaN5eUV8IS":{"chainKey":{"counter":0,"key":"oYIRuEDaVZ3mtjbRXKLlinYatiPFN0OEqVaVQzll6Sw="},"chainType":1,"messageKeys":{}}}}},"version":"v1"}