{"_sessions":{"BfxOF6+Ei4WVZc7H9r0Glb6FYpGJgB0fNZKBSoQRHkhY":{"registrationId":236,"currentRatchet":{"ephemeralKeyPair":{"pubKey":"BYnbviUTpAf79AaF1RBQ5vk9Nx1oDT8jF8dXwLVIIRYI","privKey":"4IfDuqrNmNbXN8tHGOkUlkHg6gvWzEP/K9eNUD2RH2M="},"lastRemoteEphemeralKey":"BbE4c43vV36oUJodchcc6tVDPJ0kl7PxBZLmMEub1291","previousCounter":0,"rootKey":"zVatGlC+StJuFtjqol/fDYJM9bKz4W5r/1a9Wpl/rbo="},"indexInfo":{"baseKey":"BfxOF6+Ei4WVZc7H9r0Glb6FYpGJgB0fNZKBSoQRHkhY","baseKeyType":1,"closed":-1,"used":1733667577252,"created":1733667577252,"remoteIdentityKey":"BdnMuJRfDT39BuqcSWklyOrJyUNeEvHTqsy1SVJktj8Y"},"_chains":{"BYnbviUTpAf79AaF1RBQ5vk9Nx1oDT8jF8dXwLVIIRYI":{"chainKey":{"counter":3,"key":"NW2ZMh52ittdFip48kJSSydKo9xr6QKrDymD5F2GnHY="},"chainType":1,"messageKeys":{}}},"pendingPreKey":{"signedKeyId":1,"baseKey":"BfxOF6+Ei4WVZc7H9r0Glb6FYpGJgB0fNZKBSoQRHkhY"}}},"version":"v1"}