{"_sessions":{"BSZm4hh61FITobA9tpmIbmd1/sKK3Cf9jfV0RtWciR5A":{"registrationId":7,"currentRatchet":{"ephemeralKeyPair":{"pubKey":"BWEPwfjwPe1nap4AIrroUjsdgW/goKceft6Z4kBPZ0hM","privKey":"0H1W+ZFsAK49rUV6MKVXJHS+zjGAbJiaUir8oQK6pkc="},"lastRemoteEphemeralKey":"BeOQoEm4aP2HkzdJ3s9IWk+eaqXNMwo0ybAlJ5Cj/uoz","previousCounter":0,"rootKey":"y3aOuLxhki8Pji2vAoXHn+JM+q5AtoxDplHoC056Uq0="},"indexInfo":{"baseKey":"BSZm4hh61FITobA9tpmIbmd1/sKK3Cf9jfV0RtWciR5A","baseKeyType":1,"closed":-1,"used":1733667577172,"created":1733667577172,"remoteIdentityKey":"BRygfAB3u4LMPVWkruK7Bb/austRnGR3V7s7ryJ1TosW"},"_chains":{"BWEPwfjwPe1nap4AIrroUjsdgW/goKceft6Z4kBPZ0hM":{"chainKey":{"counter":1,"key":"MW36be3kMNs1Tq35pjZo86ICTiUKqdCFiJ67UlNr3vA="},"chainType":1,"messageKeys":{}}},"pendingPreKey":{"signedKeyId":1,"baseKey":"BSZm4hh61FITobA9tpmIbmd1/sKK3Cf9jfV0RtWciR5A"}}},"version":"v1"}