{"_sessions":{"BU47OaZvVit8RvTdyHhAAwD1+FiQ6LDQ1/tSDpMcS1Jt":{"registrationId":63,"currentRatchet":{"ephemeralKeyPair":{"pubKey":"BeSDuMxXFBRcwvu1mPrHFVK/RG4eWsjabSES1fYGTMV9","privKey":"mCA+PEc4IXwXoldPSjebvfuKZp9KUF/6e45pHJe6kHo="},"lastRemoteEphemeralKey":"BXPLrJQYk8vcC0KvRZrPy0MP8lEB/S56c8xJVnCCJ6Ur","previousCounter":2,"rootKey":"iUy2jdRJ70JKiDcB2F/dZiv/i7fHHj6VuobwyeE/+BU="},"indexInfo":{"baseKey":"BU47OaZvVit8RvTdyHhAAwD1+FiQ6LDQ1/tSDpMcS1Jt","baseKeyType":1,"closed":-1,"used":1733670796659,"created":1733667576981,"remoteIdentityKey":"Bc3L7AE1L+PBTC4L7Rdazg/gm6x9NigffPexqgY6RwtO"},"_chains":{"BW3FS0lERTdzI48FTbTsX045eHiHrxwZcDIiFHRyGJdx":{"chainKey":{"counter":0},"chainType":2,"messageKeys":{}},"BXPLrJQYk8vcC0KvRZrPy0MP8lEB/S56c8xJVnCCJ6Ur":{"chainKey":{"counter":0,"key":"+UOww5dsLIkdPT+vnG90lhS6lHbj7axvcwomZjkkcl8="},"chainType":2,"messageKeys":{}},"BeSDuMxXFBRcwvu1mPrHFVK/RG4eWsjabSES1fYGTMV9":{"chainKey":{"counter":7,"key":"noc7BFjIIIFFHVc0bKSbE2I1PhvHcVW5CmTTuT49qEw="},"chainType":1,"messageKeys":{}}}}},"version":"v1"}