{"_sessions":{"BWebl3cV5I7WiFkjBgLpQ7HZrOQkN9NcPEsG+S+XoTx4":{"registrationId":92,"currentRatchet":{"ephemeralKeyPair":{"pubKey":"BaF/vCfWEvm2bLjzBWPgF0GzA2L6QXHVWQM2c12lCFgn","privKey":"cMTjN5/6ljhjgm/FRIJ+0Chqjz2hr7gnGixuG/Eddn0="},"lastRemoteEphemeralKey":"Bdiiz853ktheSK23fyGE8xSUZ3R2IWGPgTmIJq1TfwBe","previousCounter":0,"rootKey":"MmxyAWC5D63OLnMzqD1UQ56arMBz8Fggq0eqgQvFiXM="},"indexInfo":{"baseKey":"BWebl3cV5I7WiFkjBgLpQ7HZrOQkN9NcPEsG+S+XoTx4","baseKeyType":1,"closed":-1,"used":1733667576974,"created":1733667576974,"remoteIdentityKey":"BWdf7kScYNgHchSuNwv/SL7oqT/hJmIvtUHKuJNkAVMO"},"_chains":{"BaF/vCfWEvm2bLjzBWPgF0GzA2L6QXHVWQM2c12lCFgn":{"chainKey":{"counter":1,"key":"jxqTmnB337nz/KPrFLaP/Gpe/OCCA5p/J0mlDOyTGL4="},"chainType":1,"messageKeys":{}}},"pendingPreKey":{"signedKeyId":1,"baseKey":"BWebl3cV5I7WiFkjBgLpQ7HZrOQkN9NcPEsG+S+XoTx4"}}},"version":"v1"}