{"_sessions":{"BW99ctfB3kzxOkeVBjZ3us2bzB0888IQ62ZNQvUAq+5Q":{"registrationId":626371168,"currentRatchet":{"ephemeralKeyPair":{"pubKey":"BRvkw8dS1z7qe0snnYNpLlFqs+N3mSImbHL2m6aA8YYS","privKey":"YKfPf0Cl+LfefEkS9yMKHZ6FPtO+R1jKHQMCBPb2rF0="},"lastRemoteEphemeralKey":"BaJwmVK92Sr65j6CoRKtGLJVNp5v8ZI/9qFuvYKUz8AV","previousCounter":0,"rootKey":"oRaOIp2ekrch17v+vE+K9Ge3JlrazRC3J3uDKyyRx4Q="},"indexInfo":{"baseKey":"BW99ctfB3kzxOkeVBjZ3us2bzB0888IQ62ZNQvUAq+5Q","baseKeyType":1,"closed":-1,"used":1733667577666,"created":1733667577666,"remoteIdentityKey":"BY0PQnzuiPih/S7p4rgZyRcOPPBe96YhQrvov+gjhocd"},"_chains":{"BRvkw8dS1z7qe0snnYNpLlFqs+N3mSImbHL2m6aA8YYS":{"chainKey":{"counter":26,"key":"wf3/raY94SrqCwH0HS23uo8n4QZYW3xen82XnmGiPe8="},"chainType":1,"messageKeys":{}}},"pendingPreKey":{"signedKeyId":3,"baseKey":"BW99ctfB3kzxOkeVBjZ3us2bzB0888IQ62ZNQvUAq+5Q","preKeyId":7124665}}},"version":"v1"}