{"_sessions":{"BU9oCEJe0bLvuzS8gazjVUctgMErehtVmi9hoZnSls9m":{"registrationId":432534594,"currentRatchet":{"ephemeralKeyPair":{"pubKey":"BU3/2nqSIIeyoyMzC7Mv2VEMlIPgt/ZAie4RDGQOsVRk","privKey":"CBDM0wEDwBTf9F0uSdOldPYR6ibbqlxPlAnQxO9uGXA="},"lastRemoteEphemeralKey":"BSIghg9pCE3unxO2ru3qC2uH2XH2uJXtU9MLjOpvKNNT","previousCounter":0,"rootKey":"9gOLbpO+XB092TB2UO0IXc6nDDM6dBIb6iehNpKWK68="},"indexInfo":{"baseKey":"BU9oCEJe0bLvuzS8gazjVUctgMErehtVmi9hoZnSls9m","baseKeyType":1,"closed":1733772545499,"used":1733667577680,"created":1733667577680,"remoteIdentityKey":"BeoWqFO47IIUDN/CbBswQxKMpXt9suWG3sh8fHPD6mBk"},"_chains":{"BU3/2nqSIIeyoyMzC7Mv2VEMlIPgt/ZAie4RDGQOsVRk":{"chainKey":{"counter":4,"key":"KyozrFwB5qHuyJ8X8DiOa10a8zrjqAD36AfbuobE5nU="},"chainType":1,"messageKeys":{}}},"pendingPreKey":{"signedKeyId":0,"baseKey":"BU9oCEJe0bLvuzS8gazjVUctgMErehtVmi9hoZnSls9m","preKeyId":11009032}},"BV9YHtpd6eKVDH1ge+yCFfE1hGN7X9tlhfaFjH/sh28/":{"registrationId":432534594,"currentRatchet":{"ephemeralKeyPair":{"pubKey":"Bd53ZlRjG/wA+AtKcPl3MyXUEWBIYPwmaeYqdMXkbt1G","privKey":"oBlBL44euiFoIDEdXzEwYuU6SMo0rlUvFetkNzGsN2A="},"lastRemoteEphemeralKey":"BV59EgE+xFeGwR6zGPVd/Q1qRE2A9a+465e0jXc4NuIx","previousCounter":4,"rootKey":"7nBmRLI9WuvEb0IyKea2q2VK5s1jRClaBy/52jxQjuc="},"indexInfo":{"baseKey":"BV9YHtpd6eKVDH1ge+yCFfE1hGN7X9tlhfaFjH/sh28/","baseKeyType":2,"closed":1734036054060,"used":1733774815281,"created":1733772545502,"remoteIdentityKey":"BeoWqFO47IIUDN/CbBswQxKMpXt9suWG3sh8fHPD6mBk"},"_chains":{"BSCZXy249Dvd3SgcvD5Unf4v23RLkMaTfj93BsnZT0J/":{"chainKey":{"counter":1},"chainType":2,"messageKeys":{}},"BV59EgE+xFeGwR6zGPVd/Q1qRE2A9a+465e0jXc4NuIx":{"chainKey":{"counter":0,"key":"PAaCuxidhT5sT4xYKBrb6SlqOkMH4u/5NTKIDL2Gj74="},"chainType":2,"messageKeys":{}},"Bd53ZlRjG/wA+AtKcPl3MyXUEWBIYPwmaeYqdMXkbt1G":{"chainKey":{"counter":5,"key":"pB3eFrvXG8I7KSJA/cAtty4wgRfOCdLF3CGz/uaoI5c="},"chainType":1,"messageKeys":{}}}},"BVklBZgW8EFn/ELHnXDqFM0zEqOCK0pduxJVyoYVGXRK":{"registrationId":432534594,"currentRatchet":{"ephemeralKeyPair":{"pubKey":"BXdMBs9qb+k6mI3C1cMAMg9a13/ldQ5ibIhmIAoI+DYU","privKey":"OPQHgMMZejXibv84rk35bGxnd14jVo18sF4Q6FRipnM="},"lastRemoteEphemeralKey":"BdMCWHv8DkC5MGl3uiAxeRCz91c4C39zHNijkflGGCcu","previousCounter":5,"rootKey":"1bOMqk3ry3cl9IyxhuCmFbFtUK75x/b+OgrbNeZsh7Q="},"indexInfo":{"baseKey":"BVklBZgW8EFn/ELHnXDqFM0zEqOCK0pduxJVyoYVGXRK","baseKeyType":2,"closed":-1,"used":1734053105779,"created":1734036054066,"remoteIdentityKey":"BeoWqFO47IIUDN/CbBswQxKMpXt9suWG3sh8fHPD6mBk"},"_chains":{"BeKdfvC34QoAFvLDvLx1uBbPitnYsNjmT7oDAqNZsAtt":{"chainKey":{"counter":0},"chainType":2,"messageKeys":{}},"BdMCWHv8DkC5MGl3uiAxeRCz91c4C39zHNijkflGGCcu":{"chainKey":{"counter":0,"key":"2XIqJa46NRXh1efmw8Q+pDJblfqiOM24bKMNz2iqFlg="},"chainType":2,"messageKeys":{}},"BXdMBs9qb+k6mI3C1cMAMg9a13/ldQ5ibIhmIAoI+DYU":{"chainKey":{"counter":4,"key":"7xFHDsM5+ZRBnizCLaRJoDLKOWNuYIKxJ9EhynUmtu0="},"chainType":1,"messageKeys":{}}}}},"version":"v1"}