{"_sessions":{"BRtKjEWxoL6KbDPVbabU3BILLD2/eEl7/eZ2KN96ZEBa":{"registrationId":826192769,"currentRatchet":{"ephemeralKeyPair":{"pubKey":"BS3CKOMlgi/eUOPyxIYyXmCHVEw32ctnVV85t9kGdih6","privKey":"SIzTHXgjIfve/tsm3XLNWJvq8Kx89KTG8EYb1ixtDX0="},"lastRemoteEphemeralKey":"BWnrq7NoLa44rQibm1E3/cOO56GSb//2ri4JYWmtVvl7","previousCounter":0,"rootKey":"sGuY8otxYiUEP/SaAAEYo9Sy+TYjJ2wHzVUuXt2ozEA="},"indexInfo":{"baseKey":"BRtKjEWxoL6KbDPVbabU3BILLD2/eEl7/eZ2KN96ZEBa","baseKeyType":1,"closed":-1,"used":1734011798490,"created":1734011798490,"remoteIdentityKey":"BYvKoPvSl3NcT7SKMg8mvYz0lRQv/J5RuMFSjnfOrDkO"},"_chains":{"BS3CKOMlgi/eUOPyxIYyXmCHVEw32ctnVV85t9kGdih6":{"chainKey":{"counter":0,"key":"sSaY6MNnKmJ+b8M0hayD9j6XP2PjUbyLtkNuHGyEJlM="},"chainType":1,"messageKeys":{}}},"pendingPreKey":{"signedKeyId":2,"baseKey":"BRtKjEWxoL6KbDPVbabU3BILLD2/eEl7/eZ2KN96ZEBa","preKeyId":13019447}}},"version":"v1"}