{"_sessions":{"BUPMLfPMzfpZMM9hH3pJa+3KhYmuxMjC6m06DV1K799f":{"registrationId":647054433,"currentRatchet":{"ephemeralKeyPair":{"pubKey":"BWVbabs5deFvfhYD2RBKaOn9/wD5MU6RSQx1KxPtycw0","privKey":"gE6Nz4nVEQqU1RYpdeatWa8erP6ele7Mh5k0wL5njEc="},"lastRemoteEphemeralKey":"BZyvrDkECY2s9cDuMIu9Bci4Um3e1MbmTC54Vu0B8bJ8","previousCounter":0,"rootKey":"18h8xcIIbK6pmdzTvFRkEIhurRRMHcupNqSg1UCRMIc="},"indexInfo":{"baseKey":"BUPMLfPMzfpZMM9hH3pJa+3KhYmuxMjC6m06DV1K799f","baseKeyType":1,"closed":-1,"used":1733667715153,"created":1733667715153,"remoteIdentityKey":"BebdXFSIP5lZ6/kRZZDe6gvJvhqJQKwwYlm2lVThMtwz"},"_chains":{"BWVbabs5deFvfhYD2RBKaOn9/wD5MU6RSQx1KxPtycw0":{"chainKey":{"counter":21,"key":"CCYm1JDI+56Fck+Y5QE2v8K4RpdhDvgfT9c1f0A1pow="},"chainType":1,"messageKeys":{}}},"pendingPreKey":{"signedKeyId":1,"baseKey":"BUPMLfPMzfpZMM9hH3pJa+3KhYmuxMjC6m06DV1K799f"}}},"version":"v1"}