{"_sessions":{"BUGhGzLkTUrY8dns3r21BeOcKIlyylYJEzGA0yxAc+Qo":{"registrationId":1102121173,"currentRatchet":{"ephemeralKeyPair":{"pubKey":"BSZ1I2QdkuSSqRL866uysybuBhPX+n/Ym/h4jfKKvr9z","privKey":"kDgjWcfopAtLv0Z+n0OKqt1BH+E7dW7mOABiWjOnA2w="},"lastRemoteEphemeralKey":"BbbY8RhmMsqPU1OvSIg77WtuN3mbvboc9jIuKCJRvqg1","previousCounter":0,"rootKey":"1qgcs+C63YI3H/eQOkUJZ7YLXTRgqy2Dny9Q8C8QvkU="},"indexInfo":{"baseKey":"BUGhGzLkTUrY8dns3r21BeOcKIlyylYJEzGA0yxAc+Qo","baseKeyType":1,"closed":-1,"used":1734011798182,"created":1734011798182,"remoteIdentityKey":"Bcv720VtQyhK2d/WjhzA5qVMC+5vmHeKELotkt2GWz4u"},"_chains":{"BSZ1I2QdkuSSqRL866uysybuBhPX+n/Ym/h4jfKKvr9z":{"chainKey":{"counter":0,"key":"hD/21cB6p+Jt1zOovH/2sv2zukn7AGu80N9Y4+jxMug="},"chainType":1,"messageKeys":{}}},"pendingPreKey":{"signedKeyId":8,"baseKey":"BUGhGzLkTUrY8dns3r21BeOcKIlyylYJEzGA0yxAc+Qo"}}},"version":"v1"}