{"_sessions":{"BbZ57XIScFdx/G2mAguBIpLGNCXfwMHj0B9omYH5t/Q2":{"registrationId":903658176,"currentRatchet":{"ephemeralKeyPair":{"pubKey":"Bfrv4XCRLfEspjja8ptAu9/I0dy7REVPsB0NgiQTm197","privKey":"OGmOecPDd8RRjS72VGLbEz2rnlWIIM75dy+2KBZIalU="},"lastRemoteEphemeralKey":"BYwoZkOgtPkDnCc2NnpOly7RiGLKZ0afpMnaDJC1REUz","previousCounter":0,"rootKey":"WH/O2ZJSNF75eT1t/u2tmCBshqjpTya9A3akUASWc8M="},"indexInfo":{"baseKey":"BbZ57XIScFdx/G2mAguBIpLGNCXfwMHj0B9omYH5t/Q2","baseKeyType":1,"closed":-1,"used":1733667715365,"created":1733667715365,"remoteIdentityKey":"BV5DV/PneixU9xsza9sGimi7zYA6HZNXIgrBAtBEeYJU"},"_chains":{"Bfrv4XCRLfEspjja8ptAu9/I0dy7REVPsB0NgiQTm197":{"chainKey":{"counter":21,"key":"AqzS2PvpwOF928G/dRvWpMY6KNXHgdw/rScyBj1Pct4="},"chainType":1,"messageKeys":{}}},"pendingPreKey":{"signedKeyId":0,"baseKey":"BbZ57XIScFdx/G2mAguBIpLGNCXfwMHj0B9omYH5t/Q2","preKeyId":7216388}}},"version":"v1"}