{"_sessions":{"BfK1v435e+3t/ixsIh7RF5FX7IOE+wfFoqHarFr6DMVt":{"registrationId":780251805,"currentRatchet":{"ephemeralKeyPair":{"pubKey":"BenZsEEwIz+W8LWq1WoU0ubgZsdP5NhSvzUaaIoIvqIp","privKey":"cM5v9v6cQVvY/IEb36jfekcUDc5hYedUvQt6uBHZcUI="},"lastRemoteEphemeralKey":"BXRnfuUdcptLtfMM8W139nmFp33Fs5sOnWZ3RhwCpnQ1","previousCounter":0,"rootKey":"MNvRJJ1Hgw4sOwiblIuL9Q4MmljHhykh7ayqajz5vZk="},"indexInfo":{"baseKey":"BfK1v435e+3t/ixsIh7RF5FX7IOE+wfFoqHarFr6DMVt","baseKeyType":1,"closed":-1,"used":1733667577751,"created":1733667577751,"remoteIdentityKey":"BQ5s234FjsTAyFx6C29Y2X+5UIDTq3lnO8WJ93J8pd9d"},"_chains":{"BenZsEEwIz+W8LWq1WoU0ubgZsdP5NhSvzUaaIoIvqIp":{"chainKey":{"counter":16,"key":"MBhhIYxpUnsHY15Uepmv3De5wZB1wrPl0/dYqSUPtts="},"chainType":1,"messageKeys":{}}},"pendingPreKey":{"signedKeyId":0,"baseKey":"BfK1v435e+3t/ixsIh7RF5FX7IOE+wfFoqHarFr6DMVt"}}},"version":"v1"}