{"_sessions":{"BeIQy+A85qw947UWGZ3l0ermIHzCBMpusN9PXPjcO41I":{"registrationId":15,"currentRatchet":{"ephemeralKeyPair":{"pubKey":"BebFajSFOwkDs3QMtROhkj3vTUFR8CZMUmkqUGipgYVX","privKey":"8An6c2KuDp6y0HW90FvnRyKY7Bcob1+Uz3s8iiCLTWo="},"lastRemoteEphemeralKey":"BaG+YbEoJUbHwnDsvv81ljb/PUIfRjqVCvP+JTuY17k/","previousCounter":0,"rootKey":"wFoA1CTc3KCquWHnszOPeN1LAWFnCHUmWkeAzr0R4S0="},"indexInfo":{"baseKey":"BeIQy+A85qw947UWGZ3l0ermIHzCBMpusN9PXPjcO41I","baseKeyType":1,"closed":-1,"used":1734011791580,"created":1734011791580,"remoteIdentityKey":"BfF5Dve5D0ESKO7uhO3BpHFpGNoSBDDLQMwY+0IwnAYK"},"_chains":{"BebFajSFOwkDs3QMtROhkj3vTUFR8CZMUmkqUGipgYVX":{"chainKey":{"counter":13,"key":"bwmeVDsFkNbvybpgGZEN5yST2edGZnNIYtFgRnpiFoo="},"chainType":1,"messageKeys":{}}},"pendingPreKey":{"signedKeyId":1,"baseKey":"BeIQy+A85qw947UWGZ3l0ermIHzCBMpusN9PXPjcO41I"}}},"version":"v1"}