{"_sessions":{"BdfpFlRRgZCoNc8FhP+a8w/0PR8eA/XCCjE7VQD5t2pt":{"registrationId":21,"currentRatchet":{"ephemeralKeyPair":{"pubKey":"BSCJf7qkqJlKalXfkUi+XtKPLQ/7XH3O9RX5lUw5CLoY","privKey":"4KOFfk3O8NKyb8UImEQ3dRypgEURZrUiyPcjgH7ie2w="},"lastRemoteEphemeralKey":"BQUDHJJ+3EqoTJS4mqQtVE0km8htWie+jmL1DqzP2bwb","previousCounter":0,"rootKey":"aVq1jLe/5aiRYqNk6Iw55zt1o+gLJxQGk8iRDUNfsvQ="},"indexInfo":{"baseKey":"BdfpFlRRgZCoNc8FhP+a8w/0PR8eA/XCCjE7VQD5t2pt","baseKeyType":1,"closed":-1,"used":1733667714871,"created":1733667714871,"remoteIdentityKey":"BdyRsSvkkFYmQ6SrADB4SFkAS/mzakYUMoIGwFJgnu89"},"_chains":{"BSCJf7qkqJlKalXfkUi+XtKPLQ/7XH3O9RX5lUw5CLoY":{"chainKey":{"counter":9,"key":"h3o6IDQhSn1mMbKNcpt1+f53Y/79zlRlY9MJyoasV+4="},"chainType":1,"messageKeys":{}}},"pendingPreKey":{"signedKeyId":1,"baseKey":"BdfpFlRRgZCoNc8FhP+a8w/0PR8eA/XCCjE7VQD5t2pt"}}},"version":"v1"}