{"_sessions":{"BZLv5o8D889ste5X7E9zdtgeuq+ATRwEBdt1rER3CcQ4":{"registrationId":1123594732,"currentRatchet":{"ephemeralKeyPair":{"pubKey":"Bd0a0e0MtdLzrfVs+2iz80/ThItweElXv92N/lfWzFFC","privKey":"AKejLBdw7hWQQgdmBi0DP0NQ6RtI3D/FyjS8GCej014="},"lastRemoteEphemeralKey":"BeFKBAgeMgEN5qjvLW5syH0+IEtU0OIB2OqFm4TroLo4","previousCounter":0,"rootKey":"dL109j3WifbzPxiF8OiSGxSSm9/4jFr8OdwGDwINPYc="},"indexInfo":{"baseKey":"BZLv5o8D889ste5X7E9zdtgeuq+ATRwEBdt1rER3CcQ4","baseKeyType":1,"closed":1734066079733,"used":1733667577295,"created":1733667577295,"remoteIdentityKey":"BU8rIODNTQO9meGW607QnG2KWaRm5IgO5AwjjDTP/HAA"},"_chains":{"Bd0a0e0MtdLzrfVs+2iz80/ThItweElXv92N/lfWzFFC":{"chainKey":{"counter":24,"key":"FWqqI1/C0wFJptfGfdg9ChLUNV9hai/iU1ItnJDFqxk="},"chainType":1,"messageKeys":{}}},"pendingPreKey":{"signedKeyId":1,"baseKey":"BZLv5o8D889ste5X7E9zdtgeuq+ATRwEBdt1rER3CcQ4","preKeyId":7338955}},"BVK2FbqrfpU57R0A51Zs6lCPlYqOjidEUyCbSsgmY41R":{"registrationId":1123594732,"currentRatchet":{"ephemeralKeyPair":{"pubKey":"BYfE26zl2XEHIpnnJB8DPOEG7IN2Fiqu+4KG1FIurz9t","privKey":"CDJyIm/wM6hYbiA6NYtyt9DW9R5AFYKqaqo6T+9KZ1g="},"lastRemoteEphemeralKey":"BYQle+PO+/ajIIklNbXjXk7BmwDboP+yAGACfwAt+ahR","previousCounter":0,"rootKey":"FWl8JCqtyo25B6ag9cWyUgB/utfH12rmySW0OB+7L4E="},"indexInfo":{"baseKey":"BVK2FbqrfpU57R0A51Zs6lCPlYqOjidEUyCbSsgmY41R","baseKeyType":2,"closed":-1,"used":1734066079740,"created":1734066079740,"remoteIdentityKey":"BU8rIODNTQO9meGW607QnG2KWaRm5IgO5AwjjDTP/HAA"},"_chains":{"BYQle+PO+/ajIIklNbXjXk7BmwDboP+yAGACfwAt+ahR":{"chainKey":{"counter":1,"key":"64kOqBZq51A6c2yqm5uVRF+vFnvqqnGDbdz77mlqPeE="},"chainType":2,"messageKeys":{}},"BYfE26zl2XEHIpnnJB8DPOEG7IN2Fiqu+4KG1FIurz9t":{"chainKey":{"counter":1,"key":"JdX+uVohBBhtX5TY88h/wOmKr15TnODxl0jsTZRhGl0="},"chainType":1,"messageKeys":{}}}}},"version":"v1"}