{"_sessions":{"Bem5dHhwxIZsI3Gt9X0/CU8Bd01rN5xIAf1MxT0XsD9H":{"registrationId":104,"currentRatchet":{"ephemeralKeyPair":{"pubKey":"BaeYmQHKy0EfIHCcclQ9RaDoGnPvoaEEiyS0wDMGBiQy","privKey":"yCK5zNSb3LfBO1TMWpVShrN9/jbxvEaDUGrhD7MDSEc="},"lastRemoteEphemeralKey":"BRX6aZzRbByglcq8a9E8drHSjDAUYxt7nCtV1Lyx+F0q","previousCounter":1,"rootKey":"/1SLm8M0iagI2WQzZLxPhG9x5INYJTHzuCYIsaOz8MU="},"indexInfo":{"baseKey":"Bem5dHhwxIZsI3Gt9X0/CU8Bd01rN5xIAf1MxT0XsD9H","baseKeyType":1,"closed":-1,"used":1734061015955,"created":1734060945959,"remoteIdentityKey":"BTESpCZxXQyptRJKWY2TAkOf1bpC5wj1msnmBdd06KcR"},"_chains":{"BRX6aZzRbByglcq8a9E8drHSjDAUYxt7nCtV1Lyx+F0q":{"chainKey":{"counter":0,"key":"Tk4P1iQRsZij1X2ti2gcGGWxEmMV9PLmTELHS3UpOng="},"chainType":2,"messageKeys":{}},"BaeYmQHKy0EfIHCcclQ9RaDoGnPvoaEEiyS0wDMGBiQy":{"chainKey":{"counter":3,"key":"e4uy5hqYXxfb273VyXtqY68RFrXaxe4zLiSf+Dfu6iE="},"chainType":1,"messageKeys":{}}}}},"version":"v1"}