{"_sessions":{"BTAL+4CbAhH35dQn1a7q6hUHZdq6COG1pZn7Cp1piJ4k":{"registrationId":41,"currentRatchet":{"ephemeralKeyPair":{"pubKey":"BdN5odWIcuUkH8qh3U33QApcwZirnO6bBSr7sCybnscu","privKey":"GLcby2zbq2eC3a18jzc7jhbjIAQ1oLMk1kL/i7Luy3w="},"lastRemoteEphemeralKey":"BXlEA76SLj+Mi/5s2g3W1tBtfLjdbVVWQVCyD1OHwdY5","previousCounter":0,"rootKey":"0mtCrOXwneIHynws3QVcqB2cP5yB1uHI+LVvN8MpaWk="},"indexInfo":{"baseKey":"BTAL+4CbAhH35dQn1a7q6hUHZdq6COG1pZn7Cp1piJ4k","baseKeyType":1,"closed":-1,"used":1734029266358,"created":1734029266358,"remoteIdentityKey":"BcJuFDpQtYlVjVG0S2ut8SkR6UODFEj8NdG4uewHgcU/"},"_chains":{"BdN5odWIcuUkH8qh3U33QApcwZirnO6bBSr7sCybnscu":{"chainKey":{"counter":4,"key":"KTZV8ZTHMY3r4ADFp+iFNUG/HO10zLyd0Vt8Y1ZE+n4="},"chainType":1,"messageKeys":{}}},"pendingPreKey":{"signedKeyId":1,"baseKey":"BTAL+4CbAhH35dQn1a7q6hUHZdq6COG1pZn7Cp1piJ4k"}}},"version":"v1"}