{"_sessions":{"BeHHBV9aJXxsFtY5IBhARzRDcoiyGN5qM+NYRXVT7sRs":{"registrationId":161,"currentRatchet":{"ephemeralKeyPair":{"pubKey":"BZUlLK1zN/qvVPEIe8J0aY5ftlEAxsxiWGp7ly3/relq","privKey":"eMAau7mIoNrCrb217mN8lIgJp9V9ZlfKOpTiPLhJZmg="},"lastRemoteEphemeralKey":"BVGXW4OxMULkoQmboH7orf7CH4ZtLvqWy3ecuiCJMRd7","previousCounter":0,"rootKey":"uh7G6/n/6XITprCrMt8ZHmvlwYvahkfa99Q/sCx6ML4="},"indexInfo":{"baseKey":"BeHHBV9aJXxsFtY5IBhARzRDcoiyGN5qM+NYRXVT7sRs","baseKeyType":1,"closed":-1,"used":1733667577158,"created":1733667577158,"remoteIdentityKey":"BX9bcyR4ydYZXSOMLFADmhgZkEC0XFLiG8yiYyIZcKI9"},"_chains":{"BZUlLK1zN/qvVPEIe8J0aY5ftlEAxsxiWGp7ly3/relq":{"chainKey":{"counter":0,"key":"TXBEVS7/wb8iHpPivqvAQ5Oo9WsclTCTl8isGNSrvv0="},"chainType":1,"messageKeys":{}}},"pendingPreKey":{"signedKeyId":1,"baseKey":"BeHHBV9aJXxsFtY5IBhARzRDcoiyGN5qM+NYRXVT7sRs"}}},"version":"v1"}