{"_sessions":{"BW2SA233el7v9N3j/pYBf3N1PdXK6hafpR1DGxBkcpZH":{"registrationId":171,"currentRatchet":{"ephemeralKeyPair":{"pubKey":"BUmigWfXBBloVfGc0uqaWQDQTZ5Z7ND3zhufJZu09Qhp","privKey":"iE92R6JOXNw/tzE8oabIGD083KZ5KbywYC2JR2fWA3A="},"lastRemoteEphemeralKey":"BUKsSeW/rPsa+AUFVur46e2ANMYQlsHG78/i7KS1c7gO","previousCounter":0,"rootKey":"p46GwYXUb/lSsIXNhOI3wYkz/wXRW2QTOB8A5yMT8BM="},"indexInfo":{"baseKey":"BW2SA233el7v9N3j/pYBf3N1PdXK6hafpR1DGxBkcpZH","baseKeyType":1,"closed":-1,"used":1733667577265,"created":1733667577265,"remoteIdentityKey":"Bbwp5yhafKw3AVq4/gKp7+qlSy+ej6S2MrV7XU28N4dK"},"_chains":{"BUmigWfXBBloVfGc0uqaWQDQTZ5Z7ND3zhufJZu09Qhp":{"chainKey":{"counter":4,"key":"7UfbCsI5RGtUWmKhEC0rAQLfE6gHsVrmpFuKy7rZoJQ="},"chainType":1,"messageKeys":{}}},"pendingPreKey":{"signedKeyId":1,"baseKey":"BW2SA233el7v9N3j/pYBf3N1PdXK6hafpR1DGxBkcpZH"}}},"version":"v1"}