{"_sessions":{"BcrEhBZ7tdibQo6n+DkFcny3SzTKSjFn5vfQLG4NTmok":{"registrationId":2921385045,"currentRatchet":{"ephemeralKeyPair":{"pubKey":"BZplCir1Y5wr3QqH/0QK7IEG+tEKZEDhh02FMsRtISly","privKey":"6ErizTGnq3Jbg8IrJUu5GhcKj+rkqkWndQCAtT96s38="},"lastRemoteEphemeralKey":"BVd9JjRAy6TeQjIkTwaNlfhoJkg7dM16/8CMoc6wbSZN","previousCounter":0,"rootKey":"4xJzTVMz0nkE8owO9Js/8B0RxWHnh3uqjgBAq5qjcwY="},"indexInfo":{"baseKey":"BcrEhBZ7tdibQo6n+DkFcny3SzTKSjFn5vfQLG4NTmok","baseKeyType":1,"closed":-1,"used":1733667576966,"created":1733667576966,"remoteIdentityKey":"BaAHVL5cavBz9LN7K1igkXKKCRIvlo8+SmO02CK7oVNf"},"_chains":{"BZplCir1Y5wr3QqH/0QK7IEG+tEKZEDhh02FMsRtISly":{"chainKey":{"counter":4,"key":"QAK5ERUhCr0LBIzA4I6jyLhUbMO4jSyfVUL5pIqkxaU="},"chainType":1,"messageKeys":{}}},"pendingPreKey":{"signedKeyId":1,"baseKey":"BcrEhBZ7tdibQo6n+DkFcny3SzTKSjFn5vfQLG4NTmok"}}},"version":"v1"}