{"_sessions":{"BRy4+iFuV8ESN05om2vRij/XBeT6igeK2H9imyPGseU3":{"registrationId":1591112383,"currentRatchet":{"ephemeralKeyPair":{"pubKey":"BbCnUvTsJ1FZfCKDbfq2u57ys+tDEum3IkbHw1M6TWsl","privKey":"gGhrtPveCx4lzChw87JlmrC4T9lmC9R4E9VnvW8yoHQ="},"lastRemoteEphemeralKey":"BekKF6wqfLw6XX8B+WDG0Phx3koQRetY2Audv9fhr0NZ","previousCounter":0,"rootKey":"Nv+M6t+SwJtTtL7iUqAaOJ+uZaGkLG/ZvP3UWjEKmvU="},"indexInfo":{"baseKey":"BRy4+iFuV8ESN05om2vRij/XBeT6igeK2H9imyPGseU3","baseKeyType":1,"closed":-1,"used":1733667715291,"created":1733667715291,"remoteIdentityKey":"BfM2vAhYg+H/XdaD25B0qZJKhd9A4YlCnSutxmz/Os01"},"_chains":{"BbCnUvTsJ1FZfCKDbfq2u57ys+tDEum3IkbHw1M6TWsl":{"chainKey":{"counter":21,"key":"jfEQnIZ7YswbyX9o6uPAhT3AyqYPTCV1aigY1WRaV7M="},"chainType":1,"messageKeys":{}}},"pendingPreKey":{"signedKeyId":4,"baseKey":"BRy4+iFuV8ESN05om2vRij/XBeT6igeK2H9imyPGseU3","preKeyId":10098130}}},"version":"v1"}