{"_sessions":{"BdQQT6/o802zZkVw+k4ksbjq+nNY+TRRgipKJirI+A0y":{"registrationId":889955635,"currentRatchet":{"ephemeralKeyPair":{"pubKey":"BdjgUi73pfDR8HGjKdDVyYCowEZ4j0rcykS6PdA2WBUa","privKey":"0CIIF1PSAK8vjR9030jS5Wjq4RBuYZkPDgpe0RZ+7E4="},"lastRemoteEphemeralKey":"BR1ySUmkNxkmtnrrzA6PPKEqJ/eILVhO4XpkeVwk4dMn","previousCounter":0,"rootKey":"/SknzZcF/LIll3jzvBbejQavCvJCJUbUTBkVaKKxCTI="},"indexInfo":{"baseKey":"BdQQT6/o802zZkVw+k4ksbjq+nNY+TRRgipKJirI+A0y","baseKeyType":1,"closed":-1,"used":1734011798446,"created":1734011798446,"remoteIdentityKey":"BVgG8pSPfkqwBzPH7x4+UTpf4liORPXePVdZY3f+i8h+"},"_chains":{"BdjgUi73pfDR8HGjKdDVyYCowEZ4j0rcykS6PdA2WBUa":{"chainKey":{"counter":0,"key":"fOdiENUXKagCOcpDvTZv0R+KGF5txWiDHcjJ1vI/uB4="},"chainType":1,"messageKeys":{}}},"pendingPreKey":{"signedKeyId":10,"baseKey":"BdQQT6/o802zZkVw+k4ksbjq+nNY+TRRgipKJirI+A0y","preKeyId":8684114}}},"version":"v1"}