{"_sessions":{"BTXzZtqtjaWaqSDHVBZyBHG9B3HKm0g8kERbdl+h+fQm":{"registrationId":180,"currentRatchet":{"ephemeralKeyPair":{"pubKey":"BUQoMkvmWFG+yYIVecRe+Pun7UIHtiEFsPRs4T/ncAl7","privKey":"ELDPaWI1/li+LIY69hD2Y1YL0eR4YZDrzYDn1RAfwFE="},"lastRemoteEphemeralKey":"Bfx6UlSdiW1+WUH6tGd1ehDKaSsLNd+NEHPlJZEmeZZl","previousCounter":0,"rootKey":"Yzd29Il/wCFsWzAvWawgUqOTH3Ffw/k0HKOBSXj+WyY="},"indexInfo":{"baseKey":"BTXzZtqtjaWaqSDHVBZyBHG9B3HKm0g8kERbdl+h+fQm","baseKeyType":1,"closed":1733772953342,"used":1733772952671,"created":1733772952671,"remoteIdentityKey":"BUrkbXxIDIYvveGNh/RHYDOuhm/ZndHQO15Kb06QopdI"},"_chains":{"BUQoMkvmWFG+yYIVecRe+Pun7UIHtiEFsPRs4T/ncAl7":{"chainKey":{"counter":0,"key":"7DPBRryF2hapE3CtWyjsPbOnP8YCCWBPROb9kfkbwzE="},"chainType":1,"messageKeys":{}}},"pendingPreKey":{"signedKeyId":1,"baseKey":"BTXzZtqtjaWaqSDHVBZyBHG9B3HKm0g8kERbdl+h+fQm"}},"BedqUlL43l4IhmpvCV5oxfncs+oR2VTEyYr67Pwh7qVB":{"registrationId":180,"currentRatchet":{"ephemeralKeyPair":{"pubKey":"BVz0qeqsCzNEBOegpuc5oacQhndRzmztP7kySwmXywJ0","privKey":"iJzEfl9FAFz7bvXGqmFmIvL9m/xz8jt7dEMdYlOWwFc="},"lastRemoteEphemeralKey":"Bfx6UlSdiW1+WUH6tGd1ehDKaSsLNd+NEHPlJZEmeZZl","previousCounter":0,"rootKey":"8BFocRXT8IXfkoNIo7TCslUcj5i1+sgik6y8g2sQhH8="},"indexInfo":{"baseKey":"BedqUlL43l4IhmpvCV5oxfncs+oR2VTEyYr67Pwh7qVB","baseKeyType":1,"closed":1733773000344,"used":1733772953340,"created":1733772953340,"remoteIdentityKey":"BUrkbXxIDIYvveGNh/RHYDOuhm/ZndHQO15Kb06QopdI"},"_chains":{"BVz0qeqsCzNEBOegpuc5oacQhndRzmztP7kySwmXywJ0":{"chainKey":{"counter":0,"key":"Fa2UFL+8TSq3Knu6fzP+vaXJAdRgW3rsr67u6dSytfA="},"chainType":1,"messageKeys":{}}},"pendingPreKey":{"signedKeyId":1,"baseKey":"BedqUlL43l4IhmpvCV5oxfncs+oR2VTEyYr67Pwh7qVB"}},"BSIBWRkXU14UAOZlDD88JWxSyacWnpSbXUbtkKHLrsdM":{"registrationId":180,"currentRatchet":{"ephemeralKeyPair":{"pubKey":"BYcqP4sSUAFj+hTV9bYkpfvH6EhMLYMbyY/f6ZpWojF4","privKey":"GNcDkT7/1LjiPZ4TsrK2UdfOdpyDAyvVUZYe2uYBk1M="},"lastRemoteEphemeralKey":"Bfx6UlSdiW1+WUH6tGd1ehDKaSsLNd+NEHPlJZEmeZZl","previousCounter":0,"rootKey":"KlNMJAWzrUNH3ZIZJDDqq6lw7FbMzNZQc9nJI4aFhRY="},"indexInfo":{"baseKey":"BSIBWRkXU14UAOZlDD88JWxSyacWnpSbXUbtkKHLrsdM","baseKeyType":1,"closed":1733773037975,"used":1733773000343,"created":1733773000343,"remoteIdentityKey":"BUrkbXxIDIYvveGNh/RHYDOuhm/ZndHQO15Kb06QopdI"},"_chains":{"BYcqP4sSUAFj+hTV9bYkpfvH6EhMLYMbyY/f6ZpWojF4":{"chainKey":{"counter":0,"key":"CWBuXmpwNGMehinDp7uI/O7cnjJscYy8Dy09zrMY2J4="},"chainType":1,"messageKeys":{}}},"pendingPreKey":{"signedKeyId":1,"baseKey":"BSIBWRkXU14UAOZlDD88JWxSyacWnpSbXUbtkKHLrsdM"}},"Bc9wKvKmVMqBZubwHU4XRxipv5mHk6qMpgxUczimqUoJ":{"registrationId":180,"currentRatchet":{"ephemeralKeyPair":{"pubKey":"BdralDAJAbvYy9NCIAi3K4uBtoom1m136xcvzL4J/DF/","privKey":"iFTf+EqlPIaC/JiesWvkCN/xRBfnDfKO7aPzynLOnWA="},"lastRemoteEphemeralKey":"Bfx6UlSdiW1+WUH6tGd1ehDKaSsLNd+NEHPlJZEmeZZl","previousCounter":0,"rootKey":"FPE1ZtvFt8igTEtB8UHuxVFlzEptY1YCAqxdxQ4934c="},"indexInfo":{"baseKey":"Bc9wKvKmVMqBZubwHU4XRxipv5mHk6qMpgxUczimqUoJ","baseKeyType":1,"closed":1733773047984,"used":1733773037972,"created":1733773037972,"remoteIdentityKey":"BUrkbXxIDIYvveGNh/RHYDOuhm/ZndHQO15Kb06QopdI"},"_chains":{"BdralDAJAbvYy9NCIAi3K4uBtoom1m136xcvzL4J/DF/":{"chainKey":{"counter":1,"key":"dUUDYjG+vyIPOB9rXtc8J62S+jVNtPMtGwTg3WUZm8g="},"chainType":1,"messageKeys":{}}},"pendingPreKey":{"signedKeyId":1,"baseKey":"Bc9wKvKmVMqBZubwHU4XRxipv5mHk6qMpgxUczimqUoJ"}},"BXeJHIl6e9Z2Qm+4szQuFRf1Mt/+bbN2p0p5Pmv2WgZe":{"registrationId":180,"currentRatchet":{"ephemeralKeyPair":{"pubKey":"BQrv+Jns/pbFchC+LFCRZw04PO8XKjdmhSxbVN5/dEcR","privKey":"MHzcFJZxE0jDWNXNPWpx5zCbXlc1iuUAF4DA32jmckM="},"lastRemoteEphemeralKey":"Bfx6UlSdiW1+WUH6tGd1ehDKaSsLNd+NEHPlJZEmeZZl","previousCounter":0,"rootKey":"8AFjj7Lv6P1QByi4XmTrkBdb1//vhOpnVHHqyZF17co="},"indexInfo":{"baseKey":"BXeJHIl6e9Z2Qm+4szQuFRf1Mt/+bbN2p0p5Pmv2WgZe","baseKeyType":1,"closed":-1,"used":1733773047778,"created":1733773047778,"remoteIdentityKey":"BUrkbXxIDIYvveGNh/RHYDOuhm/ZndHQO15Kb06QopdI"},"_chains":{"BQrv+Jns/pbFchC+LFCRZw04PO8XKjdmhSxbVN5/dEcR":{"chainKey":{"counter":2,"key":"1+vPrrU62QqS0Wr3Ft8IRxZgtwYQdu4zhlXt1Paiyds="},"chainType":1,"messageKeys":{}}},"pendingPreKey":{"signedKeyId":1,"baseKey":"BXeJHIl6e9Z2Qm+4szQuFRf1Mt/+bbN2p0p5Pmv2WgZe"}}},"version":"v1"}