{"_sessions":{"BTE0rnQVpdVz2CkrmtxwAnnvTiR80esZQ/DaDKIKNSgA":{"registrationId":1400962946,"currentRatchet":{"ephemeralKeyPair":{"pubKey":"BVr8bsrQDPc52D9fKTYzcSXHYpQp2uRJZEdwfRotEVIb","privKey":"uI3XW79oauyPq7L+VkQbXLI9T9THdsAxFu5GvtGNGl8="},"lastRemoteEphemeralKey":"BYnrVQDPGjEcYce7nbVQc5YM08vwFEvu0A88uHRFydUJ","previousCounter":0,"rootKey":"l4GR3TMXQyWKACwM6E6DGK1+38yWI3vpYgEYUlnbPUg="},"indexInfo":{"baseKey":"BTE0rnQVpdVz2CkrmtxwAnnvTiR80esZQ/DaDKIKNSgA","baseKeyType":1,"closed":-1,"used":1734011797986,"created":1734011797986,"remoteIdentityKey":"BeoJnjTRYbY/EvdIdpN8D9gfCudE+VJo1BpFZ5mpeGQw"},"_chains":{"BVr8bsrQDPc52D9fKTYzcSXHYpQp2uRJZEdwfRotEVIb":{"chainKey":{"counter":0,"key":"xXTzaq9EJvkptgcmNlMDZ7+JyC2AddBg4d5IzmCDvDc="},"chainType":1,"messageKeys":{}}},"pendingPreKey":{"signedKeyId":1,"baseKey":"BTE0rnQVpdVz2CkrmtxwAnnvTiR80esZQ/DaDKIKNSgA"}}},"version":"v1"}