{"_sessions":{"BaK1/g6VYUjJ+AzACbV7aEqN0Uct2/fTZ/rbXkZdY2A9":{"registrationId":192,"currentRatchet":{"ephemeralKeyPair":{"pubKey":"BYgUFVYvaIIEtaJ7OE2J6e5lSHhcqkXx++d1vyOYJJ8S","privKey":"+OrRE2/D7eu+qKek67EpKjbiJMr5nwQa2gsu2PK6v3U="},"lastRemoteEphemeralKey":"BUhhNMPLTsqBIuhib6KW16kuGmBlmQRJEtLaCQqLhZQw","previousCounter":0,"rootKey":"MJWRnjvehnh0Agt+kFpsURAP1kmcJ7//PGeSfgoHgfI="},"indexInfo":{"baseKey":"BaK1/g6VYUjJ+AzACbV7aEqN0Uct2/fTZ/rbXkZdY2A9","baseKeyType":1,"closed":-1,"used":1733667577083,"created":1733667577083,"remoteIdentityKey":"BeBBDgZT1uatZyleGLFuCQiS/yKHfbkVSroVKbnuIWFx"},"_chains":{"BYgUFVYvaIIEtaJ7OE2J6e5lSHhcqkXx++d1vyOYJJ8S":{"chainKey":{"counter":4,"key":"QFtaLd6TxEars3dFh1a5aH6skBaNwbhevgzKZvBAfkg="},"chainType":1,"messageKeys":{}}},"pendingPreKey":{"signedKeyId":1,"baseKey":"BaK1/g6VYUjJ+AzACbV7aEqN0Uct2/fTZ/rbXkZdY2A9"}}},"version":"v1"}