{"_sessions":{"BbQeoNNF67sJzLLM0Ne4bxKq4YsKzuk+/iepL9HUO9Rl":{"registrationId":179,"currentRatchet":{"ephemeralKeyPair":{"pubKey":"BR1gxO06p4cuBr8CKim9kyNZBYiKb2qHSFKaC/sVMe9t","privKey":"WB8MytFadOhnfuCsHyriHjLGrFv3WsYv2l+adAwIhms="},"lastRemoteEphemeralKey":"Be64KvP7Fk5zbcyz+ft9wKS15IqZVGO7qlFLHk0ycrxC","previousCounter":0,"rootKey":"0PSM+gk9z2ssC5aQoPvzpsQ8uvsydRkkZqvKwng1pcs="},"indexInfo":{"baseKey":"BbQeoNNF67sJzLLM0Ne4bxKq4YsKzuk+/iepL9HUO9Rl","baseKeyType":1,"closed":1734011806894,"used":1734011803674,"created":1734011803674,"remoteIdentityKey":"BabhqSO4osyrNOcgeMm1PT3KKh8Gktawx3eg9Kbeqpg5"},"_chains":{"BR1gxO06p4cuBr8CKim9kyNZBYiKb2qHSFKaC/sVMe9t":{"chainKey":{"counter":0,"key":"zT5Red+25ovoB6du4ECP6+Ale8At9wvZENo62A890uc="},"chainType":1,"messageKeys":{}}},"pendingPreKey":{"signedKeyId":1,"baseKey":"BbQeoNNF67sJzLLM0Ne4bxKq4YsKzuk+/iepL9HUO9Rl"}},"BaTWgT0PuwhFZdHpne1sIcNgiZzHC+TBLcfezN19+01H":{"registrationId":179,"currentRatchet":{"ephemeralKeyPair":{"pubKey":"BUNjiqf8BsVB7xsi9GWXwjT9P3kS5ONPjP2/5ecZYSgY","privKey":"MFe0t9hh0NFnAVVZI8Wn9BwklZcN/JNd5nq8SkAN5nM="},"lastRemoteEphemeralKey":"Be64KvP7Fk5zbcyz+ft9wKS15IqZVGO7qlFLHk0ycrxC","previousCounter":0,"rootKey":"wsi+PDkltPo9hOF1Sg88uugcbZ/GpK0BbtxWQ5CRB78="},"indexInfo":{"baseKey":"BaTWgT0PuwhFZdHpne1sIcNgiZzHC+TBLcfezN19+01H","baseKeyType":1,"closed":1734012151742,"used":1734011806870,"created":1734011806870,"remoteIdentityKey":"BabhqSO4osyrNOcgeMm1PT3KKh8Gktawx3eg9Kbeqpg5"},"_chains":{"BUNjiqf8BsVB7xsi9GWXwjT9P3kS5ONPjP2/5ecZYSgY":{"chainKey":{"counter":0,"key":"MUCIf1IwIoVBid0YF8POncDf7IES2Jq2sPNQkzunpf8="},"chainType":1,"messageKeys":{}}},"pendingPreKey":{"signedKeyId":1,"baseKey":"BaTWgT0PuwhFZdHpne1sIcNgiZzHC+TBLcfezN19+01H"}},"Bd2+Yh7F59l7fhd9k055sCopO0bRsXTs1rM6mhYBqmpS":{"registrationId":179,"currentRatchet":{"ephemeralKeyPair":{"pubKey":"BSmC1WydB0/EOvJzpJ3+JiPsmBr55o9QwPkHiDAtLKVG","privKey":"eN9TJns0OAXh9zVBgtONzpI7qnPF0Nsils58omppK1c="},"lastRemoteEphemeralKey":"Be64KvP7Fk5zbcyz+ft9wKS15IqZVGO7qlFLHk0ycrxC","previousCounter":0,"rootKey":"17z3bgTNo2mE/qo15Wk2KnGV7drDNguBFJTWwORnnnI="},"indexInfo":{"baseKey":"Bd2+Yh7F59l7fhd9k055sCopO0bRsXTs1rM6mhYBqmpS","baseKeyType":1,"closed":-1,"used":1734012151735,"created":1734012151735,"remoteIdentityKey":"BabhqSO4osyrNOcgeMm1PT3KKh8Gktawx3eg9Kbeqpg5"},"_chains":{"BSmC1WydB0/EOvJzpJ3+JiPsmBr55o9QwPkHiDAtLKVG":{"chainKey":{"counter":9,"key":"mqgN3Q9IYdXNqjd1HMuxKGtkeXu8LQhpxdl4pbaM0t8="},"chainType":1,"messageKeys":{}}},"pendingPreKey":{"signedKeyId":1,"baseKey":"Bd2+Yh7F59l7fhd9k055sCopO0bRsXTs1rM6mhYBqmpS"}}},"version":"v1"}