{"_sessions":{"BbLiED/nsJG4mH3SnqMWElLT/LhEa5ZGWH23GDoy0+YR":{"registrationId":1017981415,"currentRatchet":{"ephemeralKeyPair":{"pubKey":"BUK1bEwOaCCZH7jKhadiFqYl+TV5U3tx1bp4LJiMW5sG","privKey":"UDRTKhs6rMSfYQYVwsXHN9t1wDDiFYQMVcHY9nlGsV8="},"lastRemoteEphemeralKey":"BfB5yurE0CreWrfo/UdpzkNM+bZ/CQnZ/XV3Sa6Oq9FF","previousCounter":0,"rootKey":"kLh7nPP2s2HGC2ZmK9dZ4R77Pa/VxeZLENGdbPu7X40="},"indexInfo":{"baseKey":"BbLiED/nsJG4mH3SnqMWElLT/LhEa5ZGWH23GDoy0+YR","baseKeyType":1,"closed":-1,"used":1733667577273,"created":1733667577273,"remoteIdentityKey":"BTpUmkabgtyvFpydsAf80+pKHMAATFOTj5p/46x7usJ2"},"_chains":{"BUK1bEwOaCCZH7jKhadiFqYl+TV5U3tx1bp4LJiMW5sG":{"chainKey":{"counter":4,"key":"Ala78ZPOgjpPPbIfWssZlxF68IGP1JOPfuUtu05cWEk="},"chainType":1,"messageKeys":{}}},"pendingPreKey":{"signedKeyId":0,"baseKey":"BbLiED/nsJG4mH3SnqMWElLT/LhEa5ZGWH23GDoy0+YR"}}},"version":"v1"}