{"_sessions":{"BXuygXaSitooklZIXKrK7RHEEvVWfzxJvV5tMLVqC3d1":{"registrationId":328815988,"currentRatchet":{"ephemeralKeyPair":{"pubKey":"BccPRBZISgHJlNClxAWadm+Q4MWoCBsJrBqKugM0LccW","privKey":"QK9oV7aSmdXmWAvYpUieD5NnSpPpsnyah/A/NE3/9nw="},"lastRemoteEphemeralKey":"BewSRjhjGZejjE0/GVQwF5AF6ugqIUsQu67vZ22AOCd7","previousCounter":0,"rootKey":"JcCC9TTfV+cS6/t2A9RoaGFdXq0fKa5RnHTjZH/dxJA="},"indexInfo":{"baseKey":"BXuygXaSitooklZIXKrK7RHEEvVWfzxJvV5tMLVqC3d1","baseKeyType":1,"closed":1734072674978,"used":1733667715097,"created":1733667715097,"remoteIdentityKey":"BdJwEPpvLPlu8Gb/nMZ5QTuo8hqAXpFWIO8Hs9UMwS5U"},"_chains":{"BccPRBZISgHJlNClxAWadm+Q4MWoCBsJrBqKugM0LccW":{"chainKey":{"counter":21,"key":"lMhU6dkpfXnl3MhJktEiQM12JIxvmPQo65vSrm0ddvw="},"chainType":1,"messageKeys":{}}},"pendingPreKey":{"signedKeyId":0,"baseKey":"BXuygXaSitooklZIXKrK7RHEEvVWfzxJvV5tMLVqC3d1","preKeyId":10876718}},"BdaLt/D/v0B3i93ibtI3nHbBYrVsE3Kow7+3m7Cmo2sr":{"registrationId":328815988,"currentRatchet":{"ephemeralKeyPair":{"pubKey":"BR+5MXXhOjY9v2C8rKYY0WQH+TDspPo5m/IBKhzpqhZw","privKey":"CBoyKJRAKemagxQxnIxD8vlV7m8Hs/BHAlDPOjgFJVA="},"lastRemoteEphemeralKey":"BS3vpnsHEf34Ql1ZtP05S9eudpnKxRt5EnvGtCStOdEt","previousCounter":0,"rootKey":"D/DFgKLrZ6YO/qtvWFpPjjdCtLp0OMKy9jlsNF2Ht5A="},"indexInfo":{"baseKey":"BdaLt/D/v0B3i93ibtI3nHbBYrVsE3Kow7+3m7Cmo2sr","baseKeyType":2,"closed":-1,"used":1734072674982,"created":1734072674982,"remoteIdentityKey":"BdJwEPpvLPlu8Gb/nMZ5QTuo8hqAXpFWIO8Hs9UMwS5U"},"_chains":{"BS3vpnsHEf34Ql1ZtP05S9eudpnKxRt5EnvGtCStOdEt":{"chainKey":{"counter":0,"key":"aNRqbNzCjvJu9A+7ES05l4SJh8E2JDBaTFT0pXO0eZM="},"chainType":2,"messageKeys":{}},"BR+5MXXhOjY9v2C8rKYY0WQH+TDspPo5m/IBKhzpqhZw":{"chainKey":{"counter":-1,"key":"MYVGMcvyHEcxekF/b9PPlxgIrKtpP3wRE5J9jCBDw+k="},"chainType":1,"messageKeys":{}}}}},"version":"v1"}