{"_sessions":{"BRA7EwMpNRAQGFbIaMCfOwXqaVaXf+W5Yh31BV7Dujdt":{"registrationId":16,"currentRatchet":{"ephemeralKeyPair":{"pubKey":"BS5f5ugoZXAWE9o8gV/N7fBZi5eEebwpMsND1jjAbyoj","privKey":"sNzr4KMm/C5mDw6YscyddawwvF4NYXP2oDjpz2Wtn0c="},"lastRemoteEphemeralKey":"BQyRHUwsBfTf9QZwJtGJMSMlYD8zIznnqTm0QSVMKixb","previousCounter":0,"rootKey":"tTl50m6vc0aMbdTUYBKX54nlbNfCSIOpyArrOw4wy8c="},"indexInfo":{"baseKey":"BRA7EwMpNRAQGFbIaMCfOwXqaVaXf+W5Yh31BV7Dujdt","baseKeyType":1,"closed":-1,"used":1733667577186,"created":1733667577186,"remoteIdentityKey":"BbHW9VOM/Jt740A0Z0ZlDnvt+udZcAuGookoUnGxj0se"},"_chains":{"BS5f5ugoZXAWE9o8gV/N7fBZi5eEebwpMsND1jjAbyoj":{"chainKey":{"counter":1,"key":"7sd3i1tyFYZCB6DzswXSMCC7Ybph0VULSmIMnFU+MAk="},"chainType":1,"messageKeys":{}}},"pendingPreKey":{"signedKeyId":1,"baseKey":"BRA7EwMpNRAQGFbIaMCfOwXqaVaXf+W5Yh31BV7Dujdt","preKeyId":159}}},"version":"v1"}