{"_sessions":{"Bdpn+5epD+OG0o71SJ2LmCn8mZdVkrEq2cQ0ptxKYGlb":{"registrationId":13917,"currentRatchet":{"ephemeralKeyPair":{"pubKey":"BYnU44JDdX4/XD5J6l8i9Vhbja6QMZGqz2JG95tXtdFw","privKey":"aILrQkOhBvetckczlrx25GB6qHbBAwOdyrjifr8JRFM="},"lastRemoteEphemeralKey":"BU9v4+tednhD1nyowrOGB+uNeWrqVvgM/DLJU1fKGvhI","previousCounter":0,"rootKey":"NcHWvUmo3i7908QuMVMHQIb6jIhrNR0/GMN41QXS4E8="},"indexInfo":{"baseKey":"Bdpn+5epD+OG0o71SJ2LmCn8mZdVkrEq2cQ0ptxKYGlb","baseKeyType":1,"closed":-1,"used":1734011797780,"created":1734011797780,"remoteIdentityKey":"BYUCmQ3CXuh50xRfUUqEIn3jxGxghQtrkEAJ8hR2+YgC"},"_chains":{"BYnU44JDdX4/XD5J6l8i9Vhbja6QMZGqz2JG95tXtdFw":{"chainKey":{"counter":0,"key":"Rmx4dAhJA2dlXBg/HcIqspgqpwXycwsrMvviFKdXnzg="},"chainType":1,"messageKeys":{}}},"pendingPreKey":{"signedKeyId":1,"baseKey":"Bdpn+5epD+OG0o71SJ2LmCn8mZdVkrEq2cQ0ptxKYGlb"}}},"version":"v1"}