{"_sessions":{"BSjIDGuP5l3UJyq04/5MIifz9815rtA7vVicXD0Y0H59":{"registrationId":80,"currentRatchet":{"ephemeralKeyPair":{"pubKey":"BYuel0jxQ1q3OvAP3HNvPN/WV+Nqwq/TTZo8Rdm4Y8FE","privKey":"kNp0ocA7CtGLI4Jy3jbjstbFRiBAbsgYy8xKKE5LGnA="},"lastRemoteEphemeralKey":"BSxvZfq1Ymr45tIslaVkT8inz3Z06YFWRNUzOFKsTCsv","previousCounter":0,"rootKey":"xynXqod6kgj1TtU7PHyVs9XIaSRaxyWRp4vmTcPyS5A="},"indexInfo":{"baseKey":"BSjIDGuP5l3UJyq04/5MIifz9815rtA7vVicXD0Y0H59","baseKeyType":1,"closed":-1,"used":1734094847836,"created":1734094847836,"remoteIdentityKey":"BaUlX7pNuWrI9dIYSeqZps39cu7PUuLlK+jMPmhoNY8R"},"_chains":{"BYuel0jxQ1q3OvAP3HNvPN/WV+Nqwq/TTZo8Rdm4Y8FE":{"chainKey":{"counter":0,"key":"eza8ZSApUKZzD+en5abIlbvwBkiWYaxQDjisCU7Oje8="},"chainType":1,"messageKeys":{}}},"pendingPreKey":{"signedKeyId":1,"baseKey":"BSjIDGuP5l3UJyq04/5MIifz9815rtA7vVicXD0Y0H59"}}},"version":"v1"}