{"_sessions":{"BWOi5gy8dldq/VxwutnA/SQJxWl9vSSu74UNOmBR8w5N":{"registrationId":691804667,"currentRatchet":{"ephemeralKeyPair":{"pubKey":"BYrwcrI2swojbOTkspBu5gvcn7SmFCGc++n0yqkmdxwD","privKey":"aLO3vtw8kTDEApAhq/hQhuz44nIM0JbK9nM7ENGDFFA="},"lastRemoteEphemeralKey":"BeBmPizGRWJO3KQx9gLK2c5OozNYnb1hkGP4q0ph5JUa","previousCounter":0,"rootKey":"Ey6M6ppfzOhVzZbWGvpu52LmEwwfG2O3Y6/1l6/dc/E="},"indexInfo":{"baseKey":"BWOi5gy8dldq/VxwutnA/SQJxWl9vSSu74UNOmBR8w5N","baseKeyType":1,"closed":-1,"used":1733667715379,"created":1733667715379,"remoteIdentityKey":"BXJXPv1xlu/3d8xrd5pE8NzUJxDnIrbyh8xI/u1vJcU2"},"_chains":{"BYrwcrI2swojbOTkspBu5gvcn7SmFCGc++n0yqkmdxwD":{"chainKey":{"counter":21,"key":"NzcivnDsxMQI0plhgB6pRGOPxw3roWmd1WcJLheS7Ts="},"chainType":1,"messageKeys":{}}},"pendingPreKey":{"signedKeyId":8,"baseKey":"BWOi5gy8dldq/VxwutnA/SQJxWl9vSSu74UNOmBR8w5N"}}},"version":"v1"}