{"_sessions":{"BdEQcdWIr/fuY99+UyAdtOUz4z13JJUE2jbwhgaz95QN":{"registrationId":7355,"currentRatchet":{"ephemeralKeyPair":{"pubKey":"BcaXjmphmhTKYKivX92UH4HPLqE6RDE0c5olIf7wjblD","privKey":"OM7XOBG97361YMJiNhis+G9dDyVDxToaf9SwI8auXUE="},"lastRemoteEphemeralKey":"BQ5Ye7OAEJp8y6tAHg4hiFKgoO+nX6PW8q0QEuYDAjVq","previousCounter":0,"rootKey":"n4R/S4BmgZRrQjNZ2BetvOPXPW74HLW0F2MbhRozoRU="},"indexInfo":{"baseKey":"BdEQcdWIr/fuY99+UyAdtOUz4z13JJUE2jbwhgaz95QN","baseKeyType":1,"closed":-1,"used":1733667577098,"created":1733667577098,"remoteIdentityKey":"BXhvHfN4UaCdK2xQ97shBBywAHoDPp3gYJvxM1dWwJZs"},"_chains":{"BcaXjmphmhTKYKivX92UH4HPLqE6RDE0c5olIf7wjblD":{"chainKey":{"counter":4,"key":"Xfg8htMq24G18Z1vnsiqMQzjqzqLB0q7bUK87vQzo5k="},"chainType":1,"messageKeys":{}}},"pendingPreKey":{"signedKeyId":1,"baseKey":"BdEQcdWIr/fuY99+UyAdtOUz4z13JJUE2jbwhgaz95QN"}}},"version":"v1"}