{"_sessions":{"BXVaDsyA5xsrSQFczf9GKCQjcbdUVT2dMCzFVMbk+9ND":{"registrationId":1589405140,"currentRatchet":{"ephemeralKeyPair":{"pubKey":"BYlOi3nCzV7+4/1g2Bq/R/oyP+8zZHz08hCfX/2wznRl","privKey":"gBEwaL+GcStbNF97AOa+GHX9B4xboh2cYcYtFTg+tks="},"lastRemoteEphemeralKey":"BZij2K4fFce81G0lKhH5gjb2b7DFTlyk53z+gB8N+ika","previousCounter":0,"rootKey":"BlYhkYHi7XT8meZwr+BzRF3vPjsWfla1XHgxkwECd0I="},"indexInfo":{"baseKey":"BXVaDsyA5xsrSQFczf9GKCQjcbdUVT2dMCzFVMbk+9ND","baseKeyType":1,"closed":-1,"used":1733667577370,"created":1733667577370,"remoteIdentityKey":"BQlyF37S3Ek+qHPCn9pu/dW5ZgTmiWOmAdEkQtmL4bpb"},"_chains":{"BYlOi3nCzV7+4/1g2Bq/R/oyP+8zZHz08hCfX/2wznRl":{"chainKey":{"counter":4,"key":"sA1OCcKdm+UyQUc4wBrIe1WPRRioHwbKMYmijucmd2M="},"chainType":1,"messageKeys":{}}},"pendingPreKey":{"signedKeyId":0,"baseKey":"BXVaDsyA5xsrSQFczf9GKCQjcbdUVT2dMCzFVMbk+9ND"}}},"version":"v1"}