{"_sessions":{"BWg3KjW4iuLy0tYGk3PfSSk3P7Fvaa6dte19YKxi+YMB":{"registrationId":2077202887,"currentRatchet":{"ephemeralKeyPair":{"pubKey":"BYySdxmgJx2vHCdTwa6A4OuCouPzcoRZKkzD9hxvi3VA","privKey":"oLhHbNBnODjxiqaS1Avv3+Zwmr4kzJA3qYDhpk5ucFo="},"lastRemoteEphemeralKey":"BUci3H6p8oHO1ZySJ3VeQi4Ar31rDCPzt6F0Pi2FN6Ng","previousCounter":0,"rootKey":"DOLWR7qqzfO5lUm+PtdBzuQZwWIMWAhXV6YwSVa8lUg="},"indexInfo":{"baseKey":"BWg3KjW4iuLy0tYGk3PfSSk3P7Fvaa6dte19YKxi+YMB","baseKeyType":1,"closed":-1,"used":1733667577491,"created":1733667577491,"remoteIdentityKey":"Bcab1OlmWxbaRCUgq1AgzCVJm9k3XycCrOnlLW4IVtQf"},"_chains":{"BYySdxmgJx2vHCdTwa6A4OuCouPzcoRZKkzD9hxvi3VA":{"chainKey":{"counter":4,"key":"6m5QLyeJ4s6kkFipuddOPU1NjejcWz8V0v2FvWteWEg="},"chainType":1,"messageKeys":{}}},"pendingPreKey":{"signedKeyId":3,"baseKey":"BWg3KjW4iuLy0tYGk3PfSSk3P7Fvaa6dte19YKxi+YMB","preKeyId":590338}}},"version":"v1"}