{"_sessions":{"BQmtsrazHV2PTxHBSk65YHNR04u/gt73q1FFyiR0InA3":{"registrationId":178285331,"currentRatchet":{"ephemeralKeyPair":{"pubKey":"BUKUSsw1gyv2LHGLctwJ+fNwPmzUzM/LGIj4Wu/G3tMo","privKey":"cIt+prgFzqkAo360fNncWyFIYrihLNB88ltlvtomiWQ="},"lastRemoteEphemeralKey":"BZX17d9WUirtp+v1wIUAZqJKBNuE9YWDfmFUxJOv1N4x","previousCounter":0,"rootKey":"boLut6g3hgSy0w76ueiXsq5RtiU9SMLshBjR7SHPPRg="},"indexInfo":{"baseKey":"BQmtsrazHV2PTxHBSk65YHNR04u/gt73q1FFyiR0InA3","baseKeyType":1,"closed":-1,"used":1734011798467,"created":1734011798467,"remoteIdentityKey":"Bbmqj6QULRgf8KyNQP1j+Z5KfZaKUZ7YfF4ATgtgEyU2"},"_chains":{"BUKUSsw1gyv2LHGLctwJ+fNwPmzUzM/LGIj4Wu/G3tMo":{"chainKey":{"counter":0,"key":"vOdo7l+7jwaiJfHcE+hymjImbKpz0vO+zgGCgpknGvQ="},"chainType":1,"messageKeys":{}}},"pendingPreKey":{"signedKeyId":35,"baseKey":"BQmtsrazHV2PTxHBSk65YHNR04u/gt73q1FFyiR0InA3","preKeyId":14350270}}},"version":"v1"}