{"_sessions":{"BbJ0zmHujXE+3rvJjWJDwlgnGFtHkMVoiRRC8/jyJCI3":{"registrationId":1645993896,"currentRatchet":{"ephemeralKeyPair":{"pubKey":"BbhZMeiyZw06YPfB3LA7ATxY/WSaRPkHFoBCdzDuLmlI","privKey":"IEs+FkmfODXVXnXM2JIw2pvYLshftXlmz21dMy3NJGw="},"lastRemoteEphemeralKey":"BXQENI5cL1syQOhtpDFY+1VW0q5qDwBsl7Oa3GnNGRIS","previousCounter":0,"rootKey":"e7chd3sVovAV0VzQTzxCQCLra/r3rKSX7ICv2BJYqi0="},"indexInfo":{"baseKey":"BbJ0zmHujXE+3rvJjWJDwlgnGFtHkMVoiRRC8/jyJCI3","baseKeyType":1,"closed":-1,"used":1734011798165,"created":1734011798165,"remoteIdentityKey":"Bb8r4bNTJm59IzlU00UhbIg8YZnduPIPC70GtCJPgfcL"},"_chains":{"BbhZMeiyZw06YPfB3LA7ATxY/WSaRPkHFoBCdzDuLmlI":{"chainKey":{"counter":0,"key":"FlC3CuWHdd+GsHew0Q0jALhXO7xnqcXQn5qplLA8vRA="},"chainType":1,"messageKeys":{}}},"pendingPreKey":{"signedKeyId":0,"baseKey":"BbJ0zmHujXE+3rvJjWJDwlgnGFtHkMVoiRRC8/jyJCI3","preKeyId":11400008}}},"version":"v1"}