{"_sessions":{"BQmax7FSekIjnpCEhZahlrRWIbXYzZobrtU51mzZCGBQ":{"registrationId":114,"currentRatchet":{"ephemeralKeyPair":{"pubKey":"BTuIz8CzbuHPwWqbLqPm9oG+adWcYlY/i51Td5Oxa2tC","privKey":"OIt2OPgDtGaoUI47B2MCIbR1wRSSbowmRKmEOdlTgFQ="},"lastRemoteEphemeralKey":"BeKj3Lo3NYW31o/U3xxbQSOfKHRDWDRVX0Wp7Fr6UbEl","previousCounter":0,"rootKey":"EvGEPwa5Q52GlyUYt4PcSsrXq51skJHCAgKqNlBgQnY="},"indexInfo":{"baseKey":"BQmax7FSekIjnpCEhZahlrRWIbXYzZobrtU51mzZCGBQ","baseKeyType":1,"closed":-1,"used":1733667714897,"created":1733667714897,"remoteIdentityKey":"Bceb256IK93+5Wf7FT3sLtlGr8rohTYUGSa6Ja4QyfE2"},"_chains":{"BTuIz8CzbuHPwWqbLqPm9oG+adWcYlY/i51Td5Oxa2tC":{"chainKey":{"counter":2,"key":"rTE0X9RB4CaiqDqXo7tZ9c/ra9mWUIafyreXmbJQJjA="},"chainType":1,"messageKeys":{}}},"pendingPreKey":{"signedKeyId":1,"baseKey":"BQmax7FSekIjnpCEhZahlrRWIbXYzZobrtU51mzZCGBQ"}}},"version":"v1"}