{"_sessions":{"BWmlC5RlSX3hTHzu/SePmgLFwjR/2L963Rroq915xKFT":{"registrationId":246,"currentRatchet":{"ephemeralKeyPair":{"pubKey":"BXn3lbC+zewKXFbgPnSZza6caNP/Hodwu1ZZZ36ttqkc","privKey":"2Oq1wYciby+u62apy96WrVCo/5S0Ven3cWknEB3kFUk="},"lastRemoteEphemeralKey":"BYILl9YViJSCXAQt0IbyLWsJaJxMV5pocLVtOKverpMM","previousCounter":0,"rootKey":"y3AcuTRvu4DAE0xJP5HPgACojI6x0iW6KNkGgdfJWKI="},"indexInfo":{"baseKey":"BWmlC5RlSX3hTHzu/SePmgLFwjR/2L963Rroq915xKFT","baseKeyType":1,"closed":-1,"used":1733667714773,"created":1733667714773,"remoteIdentityKey":"BULyWf11XGVSkNDPPwEdEkUUb8PPF+nA1CdIFNawz2B7"},"_chains":{"BXn3lbC+zewKXFbgPnSZza6caNP/Hodwu1ZZZ36ttqkc":{"chainKey":{"counter":9,"key":"1ZMaXvQ3iUGD0I3sY4OIZ97VoX+O1BUVpy8QhEXtdtQ="},"chainType":1,"messageKeys":{}}},"pendingPreKey":{"signedKeyId":1,"baseKey":"BWmlC5RlSX3hTHzu/SePmgLFwjR/2L963Rroq915xKFT"}}},"version":"v1"}