{"_sessions":{"BWou/vBxVMpZlKIUl0sQSsp97MO3fkcDA0M5+IDRfPJm":{"registrationId":1391779010,"currentRatchet":{"ephemeralKeyPair":{"pubKey":"BSMKZA9wPZzfjkeEiALoR6j7EHxWGE2Q+B/WwkyILRh2","privKey":"qJoFVU6zWogwh58G02YSpTcKFTMgG0z4s0NS/AohT0U="},"lastRemoteEphemeralKey":"BdTe0wk91OVkGCX1GjpI1YEHpZ2OkdnyCYBSvdARCdJK","previousCounter":0,"rootKey":"0UlC/HS9bP7dKR55gbyRhGmpuMNzXEghRfBQdduQAzs="},"indexInfo":{"baseKey":"BWou/vBxVMpZlKIUl0sQSsp97MO3fkcDA0M5+IDRfPJm","baseKeyType":1,"closed":-1,"used":1734011798642,"created":1734011798642,"remoteIdentityKey":"BdOZO/IA3bydpXcsoooRUD3Klfl1nefatlTDf5kCuDJC"},"_chains":{"BSMKZA9wPZzfjkeEiALoR6j7EHxWGE2Q+B/WwkyILRh2":{"chainKey":{"counter":0,"key":"s8k33AZzct2wjea1aupfZyUb6CpaNR+4U6WUuZ5zvtg="},"chainType":1,"messageKeys":{}}},"pendingPreKey":{"signedKeyId":3,"baseKey":"BWou/vBxVMpZlKIUl0sQSsp97MO3fkcDA0M5+IDRfPJm","preKeyId":820839}}},"version":"v1"}