{"_sessions":{"BUeP6m91nWhJLbvB1tIGmkK4nrvzUiO5WZDhH3+ayuFn":{"registrationId":97,"currentRatchet":{"ephemeralKeyPair":{"pubKey":"Bf3NiW1ozMg9BEHoVw2K8QNr+kSJiBI7DCrn/jGwur19","privKey":"+LASv/tU+H94U+UGBWpubI781ozdMkG834moA8dhI1M="},"lastRemoteEphemeralKey":"BfyeQRTZr7vkrnd1f83/7zOfsJk6ll+zLcq2ST5MurN/","previousCounter":0,"rootKey":"E/T/jLpfqcTHzdIYUXO8ZOaGHAUFWWorjwW0HnuzkFU="},"indexInfo":{"baseKey":"BUeP6m91nWhJLbvB1tIGmkK4nrvzUiO5WZDhH3+ayuFn","baseKeyType":1,"closed":-1,"used":1733774371379,"created":1733774371379,"remoteIdentityKey":"BbmiTszHbprZSKJ3BZfH6AhcZp6ta+5Jb2imcAZp7PRN"},"_chains":{"Bf3NiW1ozMg9BEHoVw2K8QNr+kSJiBI7DCrn/jGwur19":{"chainKey":{"counter":2,"key":"Dob4Dl59ONz1+E3cfZLh/fWHUvmnCcorjDduuXcNquI="},"chainType":1,"messageKeys":{}}},"pendingPreKey":{"signedKeyId":1,"baseKey":"BUeP6m91nWhJLbvB1tIGmkK4nrvzUiO5WZDhH3+ayuFn","preKeyId":16}}},"version":"v1"}