{"_sessions":{"BWHQWp+Ed6wzV5/Kpe7RMYScWpnMJSbv+THtgemZit0i":{"registrationId":240,"currentRatchet":{"ephemeralKeyPair":{"pubKey":"Bc4e5BCs/H4B2gUNMnblpo3uRV7HNzk9z9ZqYiQbhwha","privKey":"KONo6XomY8iQAYIyKy4eosY4cjJ68ahVDnLpNPFwIlk="},"lastRemoteEphemeralKey":"BaFKymr9SDnSDIzmJMQ6e6GzhmT8yJJyaTTpv6XSSw1W","previousCounter":0,"rootKey":"NLoO7uEFCR+Klm8jug+dITp4gJazuZS5lUIWbccoitc="},"indexInfo":{"baseKey":"BWHQWp+Ed6wzV5/Kpe7RMYScWpnMJSbv+THtgemZit0i","baseKeyType":1,"closed":1733772954037,"used":1733772952605,"created":1733772952605,"remoteIdentityKey":"BZO5bumaTgm9kZ1+0Cd3z3Gd3YI3N0gBh2+yd2VA4Bxw"},"_chains":{"Bc4e5BCs/H4B2gUNMnblpo3uRV7HNzk9z9ZqYiQbhwha":{"chainKey":{"counter":0,"key":"Efya8596Zo+9HSkssk456Y7jrLXoDuP/wHp7LHDZ9qo="},"chainType":1,"messageKeys":{}}},"pendingPreKey":{"signedKeyId":1,"baseKey":"BWHQWp+Ed6wzV5/Kpe7RMYScWpnMJSbv+THtgemZit0i"}},"Beja3mhiaeKS+a238yeDS3R6HXLfLHifFWgu58GAYuEf":{"registrationId":240,"currentRatchet":{"ephemeralKeyPair":{"pubKey":"BZQaCjLOw9fZUZVbz4s6CMwo1PLyCw3c1nuAk+GiuA4M","privKey":"YLAF4VlMMPzebGPMER10AAlYWLJnx3Vb32hq007TIFg="},"lastRemoteEphemeralKey":"BaFKymr9SDnSDIzmJMQ6e6GzhmT8yJJyaTTpv6XSSw1W","previousCounter":0,"rootKey":"/+d4NIxuvhEI+cRrcu+Niwg1jLWpBtWNRTpRDH1ruxY="},"indexInfo":{"baseKey":"Beja3mhiaeKS+a238yeDS3R6HXLfLHifFWgu58GAYuEf","baseKeyType":1,"closed":1733773000772,"used":1733772954034,"created":1733772954034,"remoteIdentityKey":"BZO5bumaTgm9kZ1+0Cd3z3Gd3YI3N0gBh2+yd2VA4Bxw"},"_chains":{"BZQaCjLOw9fZUZVbz4s6CMwo1PLyCw3c1nuAk+GiuA4M":{"chainKey":{"counter":0,"key":"Edx9wBGIzd8btNJKlLBV1fwIzKYLgWrA6GCK4D1j/i8="},"chainType":1,"messageKeys":{}}},"pendingPreKey":{"signedKeyId":1,"baseKey":"Beja3mhiaeKS+a238yeDS3R6HXLfLHifFWgu58GAYuEf"}},"BREDt+fxLUwST3jaikw9txmfuG1WHqiNgL7mq1CJRQJF":{"registrationId":240,"currentRatchet":{"ephemeralKeyPair":{"pubKey":"BY9G2a4Mhi4oPgTBgo0aDCCrx9pV2NxI/XSf4ieLFv5B","privKey":"IM+NTLronHxIMD2oLr21LxnTfdbbrbCSZvSJZnXWEUU="},"lastRemoteEphemeralKey":"BaFKymr9SDnSDIzmJMQ6e6GzhmT8yJJyaTTpv6XSSw1W","previousCounter":0,"rootKey":"Q0dmNi4z1k7cFx3VeYr/BNENS7VYDa+zroHQNHva1QY="},"indexInfo":{"baseKey":"BREDt+fxLUwST3jaikw9txmfuG1WHqiNgL7mq1CJRQJF","baseKeyType":1,"closed":1733773038669,"used":1733773000769,"created":1733773000769,"remoteIdentityKey":"BZO5bumaTgm9kZ1+0Cd3z3Gd3YI3N0gBh2+yd2VA4Bxw"},"_chains":{"BY9G2a4Mhi4oPgTBgo0aDCCrx9pV2NxI/XSf4ieLFv5B":{"chainKey":{"counter":0,"key":"Lq8ovA4etIBn+n/xwrzhM7sGkGrvGAkxrTpX+oO3kcg="},"chainType":1,"messageKeys":{}}},"pendingPreKey":{"signedKeyId":1,"baseKey":"BREDt+fxLUwST3jaikw9txmfuG1WHqiNgL7mq1CJRQJF"}},"BXxjOmo7Lp/QTT5zpJTdLAMpQTeXvzeehUiY/jlZbWdu":{"registrationId":240,"currentRatchet":{"ephemeralKeyPair":{"pubKey":"BUvTSyQO0zsuO9U91GgD6zq7+3P3c50gqZrxyuNEosMV","privKey":"GGjpqECCe0CrSkpViZ7gS0pf0k7+9LjD8Yf5JVjiF3A="},"lastRemoteEphemeralKey":"BaFKymr9SDnSDIzmJMQ6e6GzhmT8yJJyaTTpv6XSSw1W","previousCounter":0,"rootKey":"xaU6CxB+8uXPzA1Z0VylIvpiwgG8+exrbGNORSt0xtk="},"indexInfo":{"baseKey":"BXxjOmo7Lp/QTT5zpJTdLAMpQTeXvzeehUiY/jlZbWdu","baseKeyType":1,"closed":1733773048669,"used":1733773038667,"created":1733773038667,"remoteIdentityKey":"BZO5bumaTgm9kZ1+0Cd3z3Gd3YI3N0gBh2+yd2VA4Bxw"},"_chains":{"BUvTSyQO0zsuO9U91GgD6zq7+3P3c50gqZrxyuNEosMV":{"chainKey":{"counter":1,"key":"NhtuuSNQamXtsyrU3GC/gUtgL/V4CfBzFMl1Y7ARjkM="},"chainType":1,"messageKeys":{}}},"pendingPreKey":{"signedKeyId":1,"baseKey":"BXxjOmo7Lp/QTT5zpJTdLAMpQTeXvzeehUiY/jlZbWdu"}},"BchfL8Px/HxnBY1ednozgUAtfuOlpAYIZI+CrqCik1dR":{"registrationId":240,"currentRatchet":{"ephemeralKeyPair":{"pubKey":"BQFRVc2p8DUq5wInIeC3/txgFIJVjsYsBYknSJApA1h8","privKey":"wF8S9GrzjFxVNmK5SJJhUwLvD2aWRooYkmkiCgZxLno="},"lastRemoteEphemeralKey":"BaFKymr9SDnSDIzmJMQ6e6GzhmT8yJJyaTTpv6XSSw1W","previousCounter":0,"rootKey":"cFzzabGHwHIcnpvRbwW449mKkiJ5dt5dGI7GrwoTC38="},"indexInfo":{"baseKey":"BchfL8Px/HxnBY1ednozgUAtfuOlpAYIZI+CrqCik1dR","baseKeyType":1,"closed":1733773365519,"used":1733773048667,"created":1733773048667,"remoteIdentityKey":"BZO5bumaTgm9kZ1+0Cd3z3Gd3YI3N0gBh2+yd2VA4Bxw"},"_chains":{"BQFRVc2p8DUq5wInIeC3/txgFIJVjsYsBYknSJApA1h8":{"chainKey":{"counter":0,"key":"blG8ASzp2tG5LDpmWLeecOYy2+y5ZxEliEBtxnsvEDo="},"chainType":1,"messageKeys":{}}},"pendingPreKey":{"signedKeyId":1,"baseKey":"BchfL8Px/HxnBY1ednozgUAtfuOlpAYIZI+CrqCik1dR"}},"BQcvJspzOjU3WrVfOHpgllB4KKQDn99QbV8XOsGwm0Ju":{"registrationId":240,"currentRatchet":{"ephemeralKeyPair":{"pubKey":"BVSZdfVL2Yv7UmsX6+GBaNjVE2aVt2Bn5wd4G9dXvnRX","privKey":"2CsMxX56MUoPVZpfkOWkRgetvpLF8T8W0lBOemGb9XI="},"lastRemoteEphemeralKey":"BYiFFyM6kxLawqyXVeGHKLe9Ia0gbn3NZAlJz9nWDyYL","previousCounter":0,"rootKey":"dVLvLO3YmizwzWzm9cwfzdzEaE7lv6SLsB7qdIFBhcI="},"indexInfo":{"baseKey":"BQcvJspzOjU3WrVfOHpgllB4KKQDn99QbV8XOsGwm0Ju","baseKeyType":2,"closed":-1,"used":1733773365523,"created":1733773365523,"remoteIdentityKey":"BZO5bumaTgm9kZ1+0Cd3z3Gd3YI3N0gBh2+yd2VA4Bxw"},"_chains":{"BYiFFyM6kxLawqyXVeGHKLe9Ia0gbn3NZAlJz9nWDyYL":{"chainKey":{"counter":0,"key":"dahaktN/+AgkNX2I4sQMeYjjqG9NsLsSOf1L3NhEqqw="},"chainType":2,"messageKeys":{}},"BVSZdfVL2Yv7UmsX6+GBaNjVE2aVt2Bn5wd4G9dXvnRX":{"chainKey":{"counter":3,"key":"83XvH4bQhF/XcKnxqYBvkgIl9NxxdtMfLvYWgBUvDP0="},"chainType":1,"messageKeys":{}}}}},"version":"v1"}