{"_sessions":{"Ba0J0Pl9CQqetSRTtxuCeFBhuekY4rxu+0Z/HQlcDLYx":{"registrationId":241,"currentRatchet":{"ephemeralKeyPair":{"pubKey":"BbCnN2mt8VDTEj/44aDNiiAywp8M6qlCGbiSOlx6y3Je","privKey":"qPLaVCsgJtgODZUB9CDLhBrgOaTiwmAZEr8IpIz2Tn4="},"lastRemoteEphemeralKey":"BUc2S8kRL683Xhr6f8VPuwRTzBSJVyYkJsfiUPPqNT86","previousCounter":0,"rootKey":"lOnJUOkUTc24Ct+q5LpcAFjNnUDSIErDzdQ3/FevNXY="},"indexInfo":{"baseKey":"Ba0J0Pl9CQqetSRTtxuCeFBhuekY4rxu+0Z/HQlcDLYx","baseKeyType":1,"closed":1734011799787,"used":1734011791591,"created":1734011791591,"remoteIdentityKey":"BQf1H+JEVrp09Lq4g8sKNwI98TYRzQf+crIHEommL2Rj"},"_chains":{"BbCnN2mt8VDTEj/44aDNiiAywp8M6qlCGbiSOlx6y3Je":{"chainKey":{"counter":0,"key":"7ftqDEbMew8OAeOgZ8XGWL5buJODAX8qZCrdmvQvk04="},"chainType":1,"messageKeys":{}}},"pendingPreKey":{"signedKeyId":1,"baseKey":"Ba0J0Pl9CQqetSRTtxuCeFBhuekY4rxu+0Z/HQlcDLYx"}},"BZDJenQUBS1e9yfjB/9RUkPBIBYKRvPfdpDO10RGIjFx":{"registrationId":241,"currentRatchet":{"ephemeralKeyPair":{"pubKey":"BbCptqq62bcdBq23j2c4hkLku+T3y9YnVNuFzSsBelJV","privKey":"2HU6yolJK7aQVJ4sXlVv3BUhIpLqSAsZW3jj8eNypmg="},"lastRemoteEphemeralKey":"BUc2S8kRL683Xhr6f8VPuwRTzBSJVyYkJsfiUPPqNT86","previousCounter":0,"rootKey":"v+JF9LzlB6FeWMHm/t0aMK5niDeUUEX+1M5p6/ZlfAk="},"indexInfo":{"baseKey":"BZDJenQUBS1e9yfjB/9RUkPBIBYKRvPfdpDO10RGIjFx","baseKeyType":1,"closed":1734012148163,"used":1734011799776,"created":1734011799776,"remoteIdentityKey":"BQf1H+JEVrp09Lq4g8sKNwI98TYRzQf+crIHEommL2Rj"},"_chains":{"BbCptqq62bcdBq23j2c4hkLku+T3y9YnVNuFzSsBelJV":{"chainKey":{"counter":0,"key":"AEYCH68gGIRqf1OcDZEfTSMwQNokEqgIxbVv1LUcwzc="},"chainType":1,"messageKeys":{}}},"pendingPreKey":{"signedKeyId":1,"baseKey":"BZDJenQUBS1e9yfjB/9RUkPBIBYKRvPfdpDO10RGIjFx"}},"BemvGMthU1poLbc15l4WlhMAtf6ZiA9gQaFthljauNIL":{"registrationId":241,"currentRatchet":{"ephemeralKeyPair":{"pubKey":"BYeIB3mJHMW3Dk5iIBngopS/q7P3fMQe7/XAe2Dm+MAU","privKey":"SGevB4fNZS4m6LkxwcCdJaFrdHFO0oaRRPQF1YWnHk4="},"lastRemoteEphemeralKey":"BUc2S8kRL683Xhr6f8VPuwRTzBSJVyYkJsfiUPPqNT86","previousCounter":0,"rootKey":"SGCOPKJ4EB2Bc+kl4G2bWSgaNU9NYtZQ/+2WfSMztiU="},"indexInfo":{"baseKey":"BemvGMthU1poLbc15l4WlhMAtf6ZiA9gQaFthljauNIL","baseKeyType":1,"closed":-1,"used":1734012148147,"created":1734012148147,"remoteIdentityKey":"BQf1H+JEVrp09Lq4g8sKNwI98TYRzQf+crIHEommL2Rj"},"_chains":{"BYeIB3mJHMW3Dk5iIBngopS/q7P3fMQe7/XAe2Dm+MAU":{"chainKey":{"counter":0,"key":"clNg8jqebo3i3OkTJsoKkkefvJjcq6YeaVutyDeddyo="},"chainType":1,"messageKeys":{}}},"pendingPreKey":{"signedKeyId":1,"baseKey":"BemvGMthU1poLbc15l4WlhMAtf6ZiA9gQaFthljauNIL"}}},"version":"v1"}