{"_sessions":{"BcNGcFlXCBsNlLnqRu6FXeUZykedMis63gJinN0/fmwY":{"registrationId":453054970,"currentRatchet":{"ephemeralKeyPair":{"pubKey":"BfB/iYnEj2uOlBo1iHmhrkOHUPnivayhEAJEHYiuUCY6","privKey":"eAhzgPu1rgUHiwLux2fkJ0oO9OCf/wX4XoI63vVD6UA="},"lastRemoteEphemeralKey":"Bew1H/nEFDNBlCAMxpIZo8rL+N78WzQrgA5H5G8sf4QQ","previousCounter":0,"rootKey":"VXANhf8ZK4VSZyH9s2Sx/umtKvM09u/8paywptohmnQ="},"indexInfo":{"baseKey":"BcNGcFlXCBsNlLnqRu6FXeUZykedMis63gJinN0/fmwY","baseKeyType":1,"closed":-1,"used":1733667715175,"created":1733667715175,"remoteIdentityKey":"BezrptM60aKiMtLpdTDbsI9u4sCsXK355+XOeEgySgEd"},"_chains":{"BfB/iYnEj2uOlBo1iHmhrkOHUPnivayhEAJEHYiuUCY6":{"chainKey":{"counter":21,"key":"Wwikl2SesFt6ZyOD+KasNy3tsEY8tfR/O77yAH61aoM="},"chainType":1,"messageKeys":{}}},"pendingPreKey":{"signedKeyId":0,"baseKey":"BcNGcFlXCBsNlLnqRu6FXeUZykedMis63gJinN0/fmwY"}}},"version":"v1"}