{"_sessions":{"BbePV8gECCmlubwJ/LjC/5PzI16QCSu+SHSoc+ZZjql1":{"registrationId":206382706,"currentRatchet":{"ephemeralKeyPair":{"pubKey":"BWHY4gGvUb/s/nLoqY3zA4jtXFdv58/xxpkcVws2+EAH","privKey":"6P17f+Hdxledjk3JVYreQQUQ4plkz2YQ8xR1aZlQV24="},"lastRemoteEphemeralKey":"BQOaHiBVg960OU3jEo/UCFwNDL7X1okKCfcBH+wxTXB3","previousCounter":0,"rootKey":"rHdDYGB0ChSdmW8KDRV6JZ1n0Fdh1n60k6CnW0Oa5x8="},"indexInfo":{"baseKey":"BbePV8gECCmlubwJ/LjC/5PzI16QCSu+SHSoc+ZZjql1","baseKeyType":1,"closed":-1,"used":1734011798564,"created":1734011798564,"remoteIdentityKey":"BWx40eR+g3htmbouRFqmRH8mOAQynQVcrykGlZdqWmQt"},"_chains":{"BWHY4gGvUb/s/nLoqY3zA4jtXFdv58/xxpkcVws2+EAH":{"chainKey":{"counter":0,"key":"2xLZ+VpXxnGJEyBan3gmygMxBl69mUZAJ7YOrz5Xa2k="},"chainType":1,"messageKeys":{}}},"pendingPreKey":{"signedKeyId":6,"baseKey":"BbePV8gECCmlubwJ/LjC/5PzI16QCSu+SHSoc+ZZjql1","preKeyId":4403433}}},"version":"v1"}