{"_sessions":{"BRI+kQMIBSESOODcu46Q+2SPs+RIECXWUddiYezXrv1W":{"registrationId":35,"currentRatchet":{"ephemeralKeyPair":{"pubKey":"BauFeQgrTcrvblGrVAFwSQlb9h+2OccT0bHvYdpcJaV0","privKey":"AM0rW1CJCJquMD+Yl5STr5WH2JFcOGGATfqTgWpYcFM="},"lastRemoteEphemeralKey":"BdzZ5IWs/eJoToNT/T0bUV4ve1moW9GuRR0O/0Nfaipw","previousCounter":0,"rootKey":"bHBMa0yM55J7kUdmSKO+VkntcNXzhR7/vr8xzZ2mOjU="},"indexInfo":{"baseKey":"BRI+kQMIBSESOODcu46Q+2SPs+RIECXWUddiYezXrv1W","baseKeyType":1,"closed":1733667719289,"used":1733667716968,"created":1733667716968,"remoteIdentityKey":"BRhD5sT8tPS7uTsgzOKoJrKuTDgPzfW9GAWLNtEo8xIB"},"_chains":{"BauFeQgrTcrvblGrVAFwSQlb9h+2OccT0bHvYdpcJaV0":{"chainKey":{"counter":-1,"key":"wyOZAXhuB+Jnl2peaFyq/HrX3jP6f11NmPPcB9QwXQE="},"chainType":1,"messageKeys":{}}},"pendingPreKey":{"signedKeyId":1,"baseKey":"BRI+kQMIBSESOODcu46Q+2SPs+RIECXWUddiYezXrv1W","preKeyId":7}},"BZLo3rzW5PgMZCJBycvoqDIS8n39lZLTI5+IekYxX+QR":{"registrationId":35,"currentRatchet":{"ephemeralKeyPair":{"pubKey":"BTsCdWhLVcaGg1uWj+S0CW0QHZvfMmEAYYIa0s2OqvtG","privKey":"GK8ZdU+tAECYMzn0nLnc/6QHp40avHxxF/mEhpTnIEI="},"lastRemoteEphemeralKey":"BRqEF/wr0DiBPyQQi6bUq3ibRCRtSIaFTFLQMxp0bX4s","previousCounter":0,"rootKey":"chrDLIQ82nFq7LuvE4eLnCInb/mH9/riOC2DqxjYtz0="},"indexInfo":{"baseKey":"BZLo3rzW5PgMZCJBycvoqDIS8n39lZLTI5+IekYxX+QR","baseKeyType":1,"closed":-1,"used":1733668062732,"created":1733667719265,"remoteIdentityKey":"BRhD5sT8tPS7uTsgzOKoJrKuTDgPzfW9GAWLNtEo8xIB"},"_chains":{"BRqEF/wr0DiBPyQQi6bUq3ibRCRtSIaFTFLQMxp0bX4s":{"chainKey":{"counter":0,"key":"uaPlfPisR8Gg1Bvhjuen13zjB3C6WYeQb+fibrTxDFk="},"chainType":2,"messageKeys":{}},"BTsCdWhLVcaGg1uWj+S0CW0QHZvfMmEAYYIa0s2OqvtG":{"chainKey":{"counter":0,"key":"XKVGJLvBFCyI1nj5lPutN2wt1NABy09b5AI7CNLDDVI="},"chainType":1,"messageKeys":{}}}}},"version":"v1"}