{"_sessions":{"BfOPE6k8qu/qBdke9TQ3CvJdfUgIai7Jvk1b8C/d5Xtj":{"registrationId":245,"currentRatchet":{"ephemeralKeyPair":{"pubKey":"BVT9NEUlkGo7xCZPTn5xZzh/HD2eBnD5gCuA++XiiaJl","privKey":"0NBWGKhu+vfmWENllu9A90P9F6CoieWB7d19zdEbx30="},"lastRemoteEphemeralKey":"BS411PjSai5L3esTd+9AAvTPHzbQCjaXvGlLL0epjj4n","previousCounter":0,"rootKey":"W2sqxBdknGf7hYqUGKd0v4YO5uU0bkNdsob+Q4ceCjw="},"indexInfo":{"baseKey":"BfOPE6k8qu/qBdke9TQ3CvJdfUgIai7Jvk1b8C/d5Xtj","baseKeyType":2,"closed":1734041987061,"used":1734040469869,"created":1734040469869,"remoteIdentityKey":"BbhQG8Up042Ifocq8w0LnXhGRqPKW7FSH3tisgDA4YYb"},"_chains":{"BS411PjSai5L3esTd+9AAvTPHzbQCjaXvGlLL0epjj4n":{"chainKey":{"counter":0,"key":"xQSAZr3qTe/cRAxgxy7PnhAKxlJ63L7qfWhf6LQ0Yf4="},"chainType":2,"messageKeys":{}},"BVT9NEUlkGo7xCZPTn5xZzh/HD2eBnD5gCuA++XiiaJl":{"chainKey":{"counter":0,"key":"mNwgyH+v7ZvVAZ6WgcSL2De8t3KgMIDSB9Tlft+u158="},"chainType":1,"messageKeys":{}}}},"BVybf7KLBWaCiRvT5K/LbV9BWqJJFHZTrrfONtRbYDN7":{"registrationId":245,"currentRatchet":{"ephemeralKeyPair":{"pubKey":"Be9B+I9yg1y4brRd96Eg7w27NwJ0Ate5Cqq/CjSssSoV","privKey":"SH+Skkg4rKAdB7htebSnVrQGEu0v8NgZc0hUk94M2Fw="},"lastRemoteEphemeralKey":"BaPJeHE8tsjBiA9cjJOsbWFddXTdbJwdimpe3kYQU7BT","previousCounter":0,"rootKey":"Nsesvug7Lfo8VRtbeWR0TIIOHBEV4PvHEsaQVWagE8I="},"indexInfo":{"baseKey":"BVybf7KLBWaCiRvT5K/LbV9BWqJJFHZTrrfONtRbYDN7","baseKeyType":1,"closed":1734041989470,"used":1734041986965,"created":1734041986965,"remoteIdentityKey":"BbhQG8Up042Ifocq8w0LnXhGRqPKW7FSH3tisgDA4YYb"},"_chains":{"Be9B+I9yg1y4brRd96Eg7w27NwJ0Ate5Cqq/CjSssSoV":{"chainKey":{"counter":-1,"key":"0Rqx6/nzr1sqjWd4a83BcpBCQRZndOaf61M4nP0bjeI="},"chainType":1,"messageKeys":{}}},"pendingPreKey":{"signedKeyId":1,"baseKey":"BVybf7KLBWaCiRvT5K/LbV9BWqJJFHZTrrfONtRbYDN7","preKeyId":55}},"BTlL+SlTXok6CH2RH20I2flC1ZH58PKP9+ePsnjh/asD":{"registrationId":245,"currentRatchet":{"ephemeralKeyPair":{"pubKey":"Bd87tKp5dAfLgywger65qClLkN5NupN5Hmgngn1zyPY+","privKey":"8Km4DHXpigH71vhCiYT9/ZpsMPapAbd66XCHxg4cD2s="},"lastRemoteEphemeralKey":"BRF8jvQU/ib4/Flj/5Souuuypomd/k0zC1bvirZKEPgl","previousCounter":0,"rootKey":"0ljMiY92WnP0+man/BsFxQJWreHoRuSPtd+nnJu9xTw="},"indexInfo":{"baseKey":"BTlL+SlTXok6CH2RH20I2flC1ZH58PKP9+ePsnjh/asD","baseKeyType":2,"closed":1734046446035,"used":1734044818273,"created":1734041989475,"remoteIdentityKey":"BbhQG8Up042Ifocq8w0LnXhGRqPKW7FSH3tisgDA4YYb"},"_chains":{"BfLK4vFFRX/tshJxSK0117fILGYf92uG5W52UJI3s3xt":{"chainKey":{"counter":0},"chainType":2,"messageKeys":{}},"BRF8jvQU/ib4/Flj/5Souuuypomd/k0zC1bvirZKEPgl":{"chainKey":{"counter":2,"key":"mqBvX/FY0hi5J53YDiqYnc+xb+eyHy8ij1y/jWSRev8="},"chainType":2,"messageKeys":{}},"Bd87tKp5dAfLgywger65qClLkN5NupN5Hmgngn1zyPY+":{"chainKey":{"counter":-1,"key":"r0Pv5er/dyDwqvDSFJQDiw7IFp4UH9wpP2iucsXSYEg="},"chainType":1,"messageKeys":{}}}},"BfqO+7H0H8KIe/7aBMTCOcbUPn1M6/i0xqGz9zTNGdIa":{"registrationId":245,"currentRatchet":{"ephemeralKeyPair":{"pubKey":"BdRWo1TXk5maBf7kgSeX48bspwyB7ZM80F+eOOYinPpw","privKey":"uCVPLN1pmEQOYCOiMxMO2boMXrOfyVA8RPCvNHfnHHk="},"lastRemoteEphemeralKey":"BUgfWMn2fY7HAxp1Ab1PyXQpWjXLsp2pOZAwONqFJG10","previousCounter":0,"rootKey":"Sd7DiVfpbkXf64OS+JfPqKzNuRZzDMr7XKnHl+P/tSA="},"indexInfo":{"baseKey":"BfqO+7H0H8KIe/7aBMTCOcbUPn1M6/i0xqGz9zTNGdIa","baseKeyType":2,"closed":1734046447640,"used":1734046446040,"created":1734046446040,"remoteIdentityKey":"BbhQG8Up042Ifocq8w0LnXhGRqPKW7FSH3tisgDA4YYb"},"_chains":{"BUgfWMn2fY7HAxp1Ab1PyXQpWjXLsp2pOZAwONqFJG10":{"chainKey":{"counter":2,"key":"wYQLz3iuipM/PrUITv5me0wzGpjTGUH5jntOxehyhNk="},"chainType":2,"messageKeys":{}},"BdRWo1TXk5maBf7kgSeX48bspwyB7ZM80F+eOOYinPpw":{"chainKey":{"counter":-1,"key":"+YWR9CpQK7wxOMXKF3Ed4v/jrbnbSy2tXaA4J4IKEwo="},"chainType":1,"messageKeys":{}}}},"BUQMWL6xNi/UHyMhZ1yUS2kVuT++0YxokdhzcIrfJEYM":{"registrationId":245,"currentRatchet":{"ephemeralKeyPair":{"pubKey":"BdY7wyeDoRctM4k3DnovvzTsbo7zSGR8lKt/jOgtcP5H","privKey":"4N2kPmYsMHBtBwjalSoyEI+zJuOSijEACHJeYXgIRVE="},"lastRemoteEphemeralKey":"BaPJeHE8tsjBiA9cjJOsbWFddXTdbJwdimpe3kYQU7BT","previousCounter":0,"rootKey":"aLKU7ncq7yE/6dWQxkMWBXpmPU6rjB2LqVjEddmg1T8="},"indexInfo":{"baseKey":"BUQMWL6xNi/UHyMhZ1yUS2kVuT++0YxokdhzcIrfJEYM","baseKeyType":1,"closed":1734046448543,"used":1734046447576,"created":1734046447576,"remoteIdentityKey":"BbhQG8Up042Ifocq8w0LnXhGRqPKW7FSH3tisgDA4YYb"},"_chains":{"BdY7wyeDoRctM4k3DnovvzTsbo7zSGR8lKt/jOgtcP5H":{"chainKey":{"counter":-1,"key":"qLwtVQNCK3Rm/lcoogystcebobXsipgt9b5uNw6qn/8="},"chainType":1,"messageKeys":{}}},"pendingPreKey":{"signedKeyId":1,"baseKey":"BUQMWL6xNi/UHyMhZ1yUS2kVuT++0YxokdhzcIrfJEYM"}},"BcAzMhcJXJdMUBo3APkiuXzFHM3JfCn9J7ANg5eeEw0o":{"registrationId":245,"currentRatchet":{"ephemeralKeyPair":{"pubKey":"BR8JsyLBm47F8PqiouSPLhMmL6hHIsRnm8uAtgGVyKM/","privKey":"EEAnqGdm2gaFc9n4xUNj8ocKSzDyMWmZxGZ1lj7IEFg="},"lastRemoteEphemeralKey":"BaPJeHE8tsjBiA9cjJOsbWFddXTdbJwdimpe3kYQU7BT","previousCounter":0,"rootKey":"/J/SRZPdgBawSp109+zkcb5UBBeE11HAjz1S6NeUVUc="},"indexInfo":{"baseKey":"BcAzMhcJXJdMUBo3APkiuXzFHM3JfCn9J7ANg5eeEw0o","baseKeyType":1,"closed":1734048378913,"used":1734046448540,"created":1734046448540,"remoteIdentityKey":"BbhQG8Up042Ifocq8w0LnXhGRqPKW7FSH3tisgDA4YYb"},"_chains":{"BR8JsyLBm47F8PqiouSPLhMmL6hHIsRnm8uAtgGVyKM/":{"chainKey":{"counter":0,"key":"qbs9qCV0fjmUxm5BDraqscSl7EMl5deQb4vUWrtrgiw="},"chainType":1,"messageKeys":{}}},"pendingPreKey":{"signedKeyId":1,"baseKey":"BcAzMhcJXJdMUBo3APkiuXzFHM3JfCn9J7ANg5eeEw0o"}},"BZ6Bz5vBS5HTy7I1ydxM4aOP6svgidHI5g5z6uzlZedr":{"registrationId":245,"currentRatchet":{"ephemeralKeyPair":{"pubKey":"BYH9x7GFOptS9aES/5Nl0GqkpB/0Jcd15UQxut4tu9cQ","privKey":"ACbvnPuLScEwqwlh5evhSCRhanP18weFuckG/7Lt8F8="},"lastRemoteEphemeralKey":"BaPJeHE8tsjBiA9cjJOsbWFddXTdbJwdimpe3kYQU7BT","previousCounter":0,"rootKey":"mnoW95hzO5n5KCwUH+fB3nKbf2suHuRfhSqt+ykCZkc="},"indexInfo":{"baseKey":"BZ6Bz5vBS5HTy7I1ydxM4aOP6svgidHI5g5z6uzlZedr","baseKeyType":1,"closed":1734048379382,"used":1734048378906,"created":1734048378906,"remoteIdentityKey":"BbhQG8Up042Ifocq8w0LnXhGRqPKW7FSH3tisgDA4YYb"},"_chains":{"BYH9x7GFOptS9aES/5Nl0GqkpB/0Jcd15UQxut4tu9cQ":{"chainKey":{"counter":-1,"key":"cZsd9rm25dU3D/1/kaNQE18+R3Y26BL6osMyc+XI0KM="},"chainType":1,"messageKeys":{}}},"pendingPreKey":{"signedKeyId":1,"baseKey":"BZ6Bz5vBS5HTy7I1ydxM4aOP6svgidHI5g5z6uzlZedr","preKeyId":274}},"BQ5cKA5G6ILxZnY/HCDHY2YdQruESfmpXzG7cnWjAUtt":{"registrationId":245,"currentRatchet":{"ephemeralKeyPair":{"pubKey":"BXKjsjEeSHZbKyFL0WsW6B1IeHVf+Tu6aGK9JVvgRKFa","privKey":"oINEk3dnJE4QfOQfFz7GF9GkseHJWR7sw2GODVuiwVQ="},"lastRemoteEphemeralKey":"BaPJeHE8tsjBiA9cjJOsbWFddXTdbJwdimpe3kYQU7BT","previousCounter":0,"rootKey":"Oym8OCXXsQorB0Wj76FSfhn2jVkDCl4Sx4sCUAcTF/8="},"indexInfo":{"baseKey":"BQ5cKA5G6ILxZnY/HCDHY2YdQruESfmpXzG7cnWjAUtt","baseKeyType":1,"closed":1734048383217,"used":1734048379376,"created":1734048379376,"remoteIdentityKey":"BbhQG8Up042Ifocq8w0LnXhGRqPKW7FSH3tisgDA4YYb"},"_chains":{"BXKjsjEeSHZbKyFL0WsW6B1IeHVf+Tu6aGK9JVvgRKFa":{"chainKey":{"counter":-1,"key":"es1HuJ2/yPVo0Pc2Fn9S6Ka90+J4By+cAce13wGCrKM="},"chainType":1,"messageKeys":{}}},"pendingPreKey":{"signedKeyId":1,"baseKey":"BQ5cKA5G6ILxZnY/HCDHY2YdQruESfmpXzG7cnWjAUtt","preKeyId":280}},"BRscJGtdLfhITwutsfQDCh9yKthR+euROukuzp7hXawV":{"registrationId":245,"currentRatchet":{"ephemeralKeyPair":{"pubKey":"BZM5t6V7Ry6ejGreirelqwNmZTmEQEz0QFCot3FsVckX","privKey":"cF4XSs9+cZTMfrJ8pDQqOxgDcAhMCt4l9J+TmfXXPn0="},"lastRemoteEphemeralKey":"BaPJeHE8tsjBiA9cjJOsbWFddXTdbJwdimpe3kYQU7BT","previousCounter":0,"rootKey":"JbRjKY98dfZ3y3Gh1e/g3zXs/rbPR4M5eKdBtSLhQe4="},"indexInfo":{"baseKey":"BRscJGtdLfhITwutsfQDCh9yKthR+euROukuzp7hXawV","baseKeyType":1,"closed":1734048564729,"used":1734048383208,"created":1734048383208,"remoteIdentityKey":"BbhQG8Up042Ifocq8w0LnXhGRqPKW7FSH3tisgDA4YYb"},"_chains":{"BZM5t6V7Ry6ejGreirelqwNmZTmEQEz0QFCot3FsVckX":{"chainKey":{"counter":0,"key":"gjUUZrZfIoUruvK6pfYQMs0b+7zb36BPFLGwgDhktog="},"chainType":1,"messageKeys":{}}},"pendingPreKey":{"signedKeyId":1,"baseKey":"BRscJGtdLfhITwutsfQDCh9yKthR+euROukuzp7hXawV","preKeyId":257}},"Bfu1EFCbB6NcQO0aM5t7PUr6xlAsHnUY6dzULYzMIORR":{"registrationId":245,"currentRatchet":{"ephemeralKeyPair":{"pubKey":"BRLf32zp5WinzKd7AlsB3hEsczoWGyEJT/DNOz7pApUO","privKey":"+F5u+Bdc2BCOE2uRdADD4BbDoePzLb22+AaO8QpAsGg="},"lastRemoteEphemeralKey":"BUZl9AAqIqnKozXOQFXvWim2/YVQJhv9q7S0bSkhfqNs","previousCounter":0,"rootKey":"w3Q1UtqXNmi+zJThNXCbT65lNG7NULUwzdvpRccsF2w="},"indexInfo":{"baseKey":"Bfu1EFCbB6NcQO0aM5t7PUr6xlAsHnUY6dzULYzMIORR","baseKeyType":2,"closed":1734049746085,"used":1734048564734,"created":1734048564734,"remoteIdentityKey":"BbhQG8Up042Ifocq8w0LnXhGRqPKW7FSH3tisgDA4YYb"},"_chains":{"BUZl9AAqIqnKozXOQFXvWim2/YVQJhv9q7S0bSkhfqNs":{"chainKey":{"counter":0,"key":"sceqblO0Mwj5DaJsYQkZPC4SjlNbrf+kh224Bhdqw7w="},"chainType":2,"messageKeys":{}},"BRLf32zp5WinzKd7AlsB3hEsczoWGyEJT/DNOz7pApUO":{"chainKey":{"counter":-1,"key":"QLmxbh1rqvAFDWEEf0IwTj0jTB2b05vGwOXuXosp1F4="},"chainType":1,"messageKeys":{}}}},"BWmAV/JTEAwdobT+cve9Ugm5f9njAFKaqehrwHxZevgt":{"registrationId":245,"currentRatchet":{"ephemeralKeyPair":{"pubKey":"BXGxas1nfSU282xp0trVdyWOOPrUj8uxnOcEgr1nOyk+","privKey":"OAQnUb/3e2UKGF1wkzSM4xN7xGrIhcLYdWOkpLB0B0o="},"lastRemoteEphemeralKey":"BU1EqNJj6lvUOFunZArUbTQ5z4+auMiD4i4EiH7QFCVh","previousCounter":0,"rootKey":"lRlBky1o/HXqpRMwMwauvu92y8ag+f1JTDZDbtZvbUU="},"indexInfo":{"baseKey":"BWmAV/JTEAwdobT+cve9Ugm5f9njAFKaqehrwHxZevgt","baseKeyType":2,"closed":1734050538447,"used":1734052625374,"created":1734049746135,"remoteIdentityKey":"BbhQG8Up042Ifocq8w0LnXhGRqPKW7FSH3tisgDA4YYb"},"_chains":{"BdnvzM1G1reaSgT3hJcff14PaMYweHC8U9mlAc4uactA":{"chainKey":{"counter":0},"chainType":2,"messageKeys":{}},"BU1EqNJj6lvUOFunZArUbTQ5z4+auMiD4i4EiH7QFCVh":{"chainKey":{"counter":0,"key":"zZ/5MyLNwlWpKnLbZN+mudzd3RRQTay57m0xghl8EVQ="},"chainType":2,"messageKeys":{}},"BXGxas1nfSU282xp0trVdyWOOPrUj8uxnOcEgr1nOyk+":{"chainKey":{"counter":-1,"key":"3JUyE+XesnZvhbTJWXI3Me8IfeaRadXa2bucZV7tjhk="},"chainType":1,"messageKeys":{}}}},"BRHQEub0QLZvml9cQzAUst4Es/GkbAV45c16nVKulTV4":{"registrationId":245,"currentRatchet":{"ephemeralKeyPair":{"pubKey":"BZ//HTNXBT9AoZXean9xOa2e6lv3B/X2ZoMkS0iPfi9r","privKey":"uNunR597Sn9T2Mu+JgKons+epMnTjGn4Cn4s2Wkv4Gw="},"lastRemoteEphemeralKey":"BU1EqNJj6lvUOFunZArUbTQ5z4+auMiD4i4EiH7QFCVh","previousCounter":-1,"rootKey":"B03xr5ENYFtxClZq6GkFP6gKNZtusjrveFDV9lvQwbs="},"indexInfo":{"baseKey":"BRHQEub0QLZvml9cQzAUst4Es/GkbAV45c16nVKulTV4","baseKeyType":1,"closed":1734050539541,"used":1734050538435,"created":1734050538435,"remoteIdentityKey":"BbhQG8Up042Ifocq8w0LnXhGRqPKW7FSH3tisgDA4YYb"},"_chains":{"BU1EqNJj6lvUOFunZArUbTQ5z4+auMiD4i4EiH7QFCVh":{"chainKey":{"counter":0,"key":"42LcudhOHQMODizcAIgnr6s/9ccLGv4xxPegR2AuFNQ="},"chainType":2,"messageKeys":{}},"BZ//HTNXBT9AoZXean9xOa2e6lv3B/X2ZoMkS0iPfi9r":{"chainKey":{"counter":-1,"key":"59Upl4uQwfVOFCbM4aqA6Uwa1f6kxozju7DI0dZZr3k="},"chainType":1,"messageKeys":{}}},"pendingPreKey":{"signedKeyId":1,"baseKey":"BRHQEub0QLZvml9cQzAUst4Es/GkbAV45c16nVKulTV4","preKeyId":442}},"Bd7HfGuPu+4g6ovmiyQUCRv2sWxT+KH+dEi4tvDDoE4T":{"registrationId":245,"currentRatchet":{"ephemeralKeyPair":{"pubKey":"BZvDPLuSeWu80Pc9JY++4R1qM7VdvGxBYTBCy96+vXtk","privKey":"+B5RhKAOg0ORNsZbvlfEfQsrm4xYgiu26BAmciwEo3s="},"lastRemoteEphemeralKey":"BU1EqNJj6lvUOFunZArUbTQ5z4+auMiD4i4EiH7QFCVh","previousCounter":0,"rootKey":"ruVGCHsgUhzRt/W1FrQvWvpCwrY/3q5UwlpTRJ9DW3E="},"indexInfo":{"baseKey":"Bd7HfGuPu+4g6ovmiyQUCRv2sWxT+KH+dEi4tvDDoE4T","baseKeyType":1,"closed":1734052644673,"used":1734050539537,"created":1734050539537,"remoteIdentityKey":"BbhQG8Up042Ifocq8w0LnXhGRqPKW7FSH3tisgDA4YYb"},"_chains":{"BU1EqNJj6lvUOFunZArUbTQ5z4+auMiD4i4EiH7QFCVh":{"chainKey":{"counter":0,"key":"NT9eGseoLvX7oSn/zUZNE8FuA2WkhbM+8JfjBM/h/W4="},"chainType":2,"messageKeys":{}},"BZvDPLuSeWu80Pc9JY++4R1qM7VdvGxBYTBCy96+vXtk":{"chainKey":{"counter":-1,"key":"6t2p724B4sWGHAXdWoj63KYMHUPFvoXLaMpwaM4nb8M="},"chainType":1,"messageKeys":{}}},"pendingPreKey":{"signedKeyId":1,"baseKey":"Bd7HfGuPu+4g6ovmiyQUCRv2sWxT+KH+dEi4tvDDoE4T","preKeyId":486}},"BbX/u7DKA8EVslH9IpgcbP07cFHWgCKwsKtZFF4PWU5t":{"registrationId":245,"currentRatchet":{"ephemeralKeyPair":{"pubKey":"BfMhexeIX35zgIbhwqeJul1i5encWh3e6h+7zzKABIoh","privKey":"iJn9X5enKFT0gPhIFMGdNNhDsNSl0d7SRpG15js7s0k="},"lastRemoteEphemeralKey":"BYfJm1rcQsJz1xt9yMQqaC6y42QhWNss/CUvoHCnAStX","previousCounter":0,"rootKey":"ApaL2wDJgBB23zNlwX7GII3MqzZIKAsvY7foAcCH/wE="},"indexInfo":{"baseKey":"BbX/u7DKA8EVslH9IpgcbP07cFHWgCKwsKtZFF4PWU5t","baseKeyType":2,"closed":1734053516069,"used":1734052644681,"created":1734052644681,"remoteIdentityKey":"BbhQG8Up042Ifocq8w0LnXhGRqPKW7FSH3tisgDA4YYb"},"_chains":{"BYfJm1rcQsJz1xt9yMQqaC6y42QhWNss/CUvoHCnAStX":{"chainKey":{"counter":2,"key":"Rv1vu00dKCsuBX2l36Gf63+KmUZg0+iT78Vv7usJsUY="},"chainType":2,"messageKeys":{}},"BfMhexeIX35zgIbhwqeJul1i5encWh3e6h+7zzKABIoh":{"chainKey":{"counter":-1,"key":"bl14uo0mJPNo4ztsGI+rQJYOUzgeg0TmsPOn4mVc6Lg="},"chainType":1,"messageKeys":{}}}},"BYM/L+0JCNplIjbN1m47ZzyFswhKpEdcru+Dc5b1fzBj":{"registrationId":245,"currentRatchet":{"ephemeralKeyPair":{"pubKey":"BYyd26DaB5fxnITk1LXC5jzdSQZJF1bTBWRu/tFFkhYa","privKey":"GPMVnciXm1WOqF14f8UuceaWf4yZGXo7lVy3a5FgtHI="},"lastRemoteEphemeralKey":"BXYqhXL8eexuG4x/j7M8pOZCcUwKJbfjWxPblrtmjIQv","previousCounter":0,"rootKey":"yYprIZG5uXTXcgUQfPJsBnbStzLvfmYUjwTANeO6wKs="},"indexInfo":{"baseKey":"BYM/L+0JCNplIjbN1m47ZzyFswhKpEdcru+Dc5b1fzBj","baseKeyType":2,"closed":1734053643478,"used":1734053516139,"created":1734053516139,"remoteIdentityKey":"BbhQG8Up042Ifocq8w0LnXhGRqPKW7FSH3tisgDA4YYb"},"_chains":{"BXYqhXL8eexuG4x/j7M8pOZCcUwKJbfjWxPblrtmjIQv":{"chainKey":{"counter":0,"key":"nhmikX17ja/fy8A1x2/Yl75pLhpshixCFLkAg3QyNzo="},"chainType":2,"messageKeys":{}},"BYyd26DaB5fxnITk1LXC5jzdSQZJF1bTBWRu/tFFkhYa":{"chainKey":{"counter":-1,"key":"9ZGvwucDW64Uq3/nQw/ML/Jjru0waTuHJUEn9VvA70c="},"chainType":1,"messageKeys":{}}}},"Bc2VQgFVaGkKTSQsBwuxeq7DLdG9t3W7x3m+Dnuh51h4":{"registrationId":245,"currentRatchet":{"ephemeralKeyPair":{"pubKey":"BUa0ixvLNcwQvxeWPISh6c/CfrGXpr1+STzYSws+PHgw","privKey":"IHYtM+I0dh1ZBf3i71YIswUVy0ZmlUM6jTUebWVBuFQ="},"lastRemoteEphemeralKey":"BY/hfbdTdcAXnhDoZUQ3wE4W+5r8FiRoCP2r/hEY4fRT","previousCounter":0,"rootKey":"Mzc1UZGiO0eFoQ947DhvCFI6xKU3XbwkmfdATPapXDo="},"indexInfo":{"baseKey":"Bc2VQgFVaGkKTSQsBwuxeq7DLdG9t3W7x3m+Dnuh51h4","baseKeyType":2,"closed":1734053659451,"used":1734053643533,"created":1734053643533,"remoteIdentityKey":"BbhQG8Up042Ifocq8w0LnXhGRqPKW7FSH3tisgDA4YYb"},"_chains":{"BY/hfbdTdcAXnhDoZUQ3wE4W+5r8FiRoCP2r/hEY4fRT":{"chainKey":{"counter":1,"key":"LJD59Pi7OlgKdgDqKBD8t9GCkZSIQqsSAQ3yuvzR/Lo="},"chainType":2,"messageKeys":{}},"BUa0ixvLNcwQvxeWPISh6c/CfrGXpr1+STzYSws+PHgw":{"chainKey":{"counter":-1,"key":"LS9ZQ9U9ukusR+sJl9CxzI5piLyQ+++VdiJNWmgYbpM="},"chainType":1,"messageKeys":{}}}},"BRpIFYcexsccRFI3Ng/rLPAqPg/mzWcA4GUMv1yIKqNc":{"registrationId":245,"currentRatchet":{"ephemeralKeyPair":{"pubKey":"BXX9b1LvH9VxtKVBBLRqZgU436TLDkbKgqsrl/IT8ZcJ","privKey":"2E90HGb7jSMcXQxgRNW4rSzwi/hJ4Wm+MzOg7otWyWI="},"lastRemoteEphemeralKey":"BRL3CBLHLjPFzoiR6A7oxjAjQb84yTE+JJw8QQpDBwhY","previousCounter":0,"rootKey":"7ZL/cE2opogKC4FNe6rCG/bRr1z+gzq+xdsHiO7HEuU="},"indexInfo":{"baseKey":"BRpIFYcexsccRFI3Ng/rLPAqPg/mzWcA4GUMv1yIKqNc","baseKeyType":2,"closed":1734054092876,"used":1734053659478,"created":1734053659478,"remoteIdentityKey":"BbhQG8Up042Ifocq8w0LnXhGRqPKW7FSH3tisgDA4YYb"},"_chains":{"BRL3CBLHLjPFzoiR6A7oxjAjQb84yTE+JJw8QQpDBwhY":{"chainKey":{"counter":1,"key":"axCarDHsMtk2aXCcFnm+FfQi/DnU5clgnAZBU/me0Iw="},"chainType":2,"messageKeys":{}},"BXX9b1LvH9VxtKVBBLRqZgU436TLDkbKgqsrl/IT8ZcJ":{"chainKey":{"counter":-1,"key":"83tvZyQOVg5/yZ1BkHJbcn02e89Fa3ypSS5Y/47YqKs="},"chainType":1,"messageKeys":{}}}},"BXcU2i2w9ZVBcvD0a/tpQtPM2bGfS95GHqomIbx0tW49":{"registrationId":245,"currentRatchet":{"ephemeralKeyPair":{"pubKey":"Beb33V5RU9Jz5WpdeaXQ+l7ZInCoWWcowR/8fXLczid0","privKey":"EA5BuhzACUEYJctXyc+4GEIdMVPM6iDeGVC441IaA3w="},"lastRemoteEphemeralKey":"Bdgezw/j0CfLVoPguQWtpDacmZoclIQyYK5RNQi8f2Yx","previousCounter":0,"rootKey":"VJzkh41JLC5uZ/FM9Xe3Nq4TOFkTLCReOpIX0ype7oo="},"indexInfo":{"baseKey":"BXcU2i2w9ZVBcvD0a/tpQtPM2bGfS95GHqomIbx0tW49","baseKeyType":2,"closed":-1,"used":1734054092960,"created":1734054092960,"remoteIdentityKey":"BbhQG8Up042Ifocq8w0LnXhGRqPKW7FSH3tisgDA4YYb"},"_chains":{"Bdgezw/j0CfLVoPguQWtpDacmZoclIQyYK5RNQi8f2Yx":{"chainKey":{"counter":2,"key":"U1vyGpoAqEoa57nySuFdjSHvZqN2OH3ulkGj2KigP7Q="},"chainType":2,"messageKeys":{}},"Beb33V5RU9Jz5WpdeaXQ+l7ZInCoWWcowR/8fXLczid0":{"chainKey":{"counter":-1,"key":"Bu7Xe0IVHTeQHX1Z2JehyQEaXoUDgGR+za/g1QRnYFQ="},"chainType":1,"messageKeys":{}}}}},"version":"v1"}