{"_sessions":{"BfDzgy4w0zaZ8Bf7ihIQo7n2L5pY+smV53PIWyt2qNM9":{"registrationId":151,"currentRatchet":{"ephemeralKeyPair":{"pubKey":"BWEzYlkPkRrgh+jcR20mXcw1zL7RCUY0k1YQ6h1Ecg4k","privKey":"yCM0saLm4+6sjT0SsqDgeVl0d8hZa+8bw82PmJzJm3E="},"lastRemoteEphemeralKey":"Bcv/2AXnqy2fKwKar8+NJY2jlRBI4pt8N4Oc2Xofx3Zw","previousCounter":0,"rootKey":"0F5QnZGjzGM71GAeyQ7Kz/pKhEluTmWQ977m7gQ48XQ="},"indexInfo":{"baseKey":"BfDzgy4w0zaZ8Bf7ihIQo7n2L5pY+smV53PIWyt2qNM9","baseKeyType":1,"closed":-1,"used":1734086152244,"created":1734070152182,"remoteIdentityKey":"BVeMMhkrWZoMHdFTl45WIQEBm9zq3sYWDA5L8S2oUudr"},"_chains":{"Bcv/2AXnqy2fKwKar8+NJY2jlRBI4pt8N4Oc2Xofx3Zw":{"chainKey":{"counter":1,"key":"QqlpVQJo+ggDdsV1i+nNXNO9jJTIFn5D4vFRnTUrHq8="},"chainType":2,"messageKeys":{}},"BWEzYlkPkRrgh+jcR20mXcw1zL7RCUY0k1YQ6h1Ecg4k":{"chainKey":{"counter":1,"key":"apm18kVPBqsaUPxUrOyi9ACg26DPPbT0WlV6faZjRQo="},"chainType":1,"messageKeys":{}}}}},"version":"v1"}