{"_sessions":{"BWU7s3WjcQA+4fcbu4Jm/3NTUN0xk55OaIY2CAByTqxn":{"registrationId":1756460407,"currentRatchet":{"ephemeralKeyPair":{"pubKey":"BTl0NE86g16UX3ni/pwOUxAKtLyZZELZT6QKXD0zCY8q","privKey":"qCaeP55htbtdkoLT05sgv3A7O0Mumf2IEhyZ6QCkM1I="},"lastRemoteEphemeralKey":"BUcNVfa1aKYxJNqZL9vkCcoMSCBbMPH1N+ta/KN3PQ5f","previousCounter":0,"rootKey":"3hSOmZmhu7O+mRtxnP0ezTUfSZy/YPp7NKUbA0lriaE="},"indexInfo":{"baseKey":"BWU7s3WjcQA+4fcbu4Jm/3NTUN0xk55OaIY2CAByTqxn","baseKeyType":1,"closed":-1,"used":1733667714992,"created":1733667714992,"remoteIdentityKey":"BV5/4QO8h7Wy2vzA2LAdfPFTV7y68arXdGA5v90Uips9"},"_chains":{"BTl0NE86g16UX3ni/pwOUxAKtLyZZELZT6QKXD0zCY8q":{"chainKey":{"counter":21,"key":"1N9VZMKaFrxyS5TWXRoixyMkbqSnMUjAgXvr1GAIxLo="},"chainType":1,"messageKeys":{}}},"pendingPreKey":{"signedKeyId":8,"baseKey":"BWU7s3WjcQA+4fcbu4Jm/3NTUN0xk55OaIY2CAByTqxn"}}},"version":"v1"}