{"_sessions":{"BSbqwu7C2Gf+8e5UiivVQZY2IS57Z69rUJFyv2AaxDBL":{"registrationId":576770106,"currentRatchet":{"ephemeralKeyPair":{"pubKey":"BTE91f0deFh1XlApHmABNyt6x8PUd3GOkgp/k1pCPG9g","privKey":"wJLA9NYMQ44D6cpbFY1+llmfunaDZXiVsdpNhXYoaGs="},"lastRemoteEphemeralKey":"BfuwhB6iOpimJKvIU1eEnBbbc9Pa1QhM9v35tgqejMpe","previousCounter":0,"rootKey":"uOo2DsZw+0JCO8il702zv9yn2UTupuVevhLdpuS6sGM="},"indexInfo":{"baseKey":"BSbqwu7C2Gf+8e5UiivVQZY2IS57Z69rUJFyv2AaxDBL","baseKeyType":1,"closed":1734094850137,"used":1733667577597,"created":1733667577597,"remoteIdentityKey":"BWXPEkRU259CFLuBsmpcB/OKba+NbrTjUBzCD1V5+BNX"},"_chains":{"BTE91f0deFh1XlApHmABNyt6x8PUd3GOkgp/k1pCPG9g":{"chainKey":{"counter":4,"key":"gd2w/9Cs5cg4i6LSkXHS4iPmzH9/WkDHTMGafqldjuc="},"chainType":1,"messageKeys":{}}},"pendingPreKey":{"signedKeyId":0,"baseKey":"BSbqwu7C2Gf+8e5UiivVQZY2IS57Z69rUJFyv2AaxDBL","preKeyId":15727203}},"BcUxHP+a1GQIaG7sREHNHBCUZ3dEZm7erzzL/6YwZfd7":{"registrationId":206292965,"currentRatchet":{"ephemeralKeyPair":{"pubKey":"BU/YXcM7gFoJpO2ZengAXDM/le8Z9VHCXi4vY6e7FahQ","privKey":"SKeixHgDYS66uvFBh1ToHSYO1qmRYAxsRmXcHct62WE="},"lastRemoteEphemeralKey":"BWi2rVS7P5YcF7c7NBRmtrUQ/SIAM4FPOmWoV+AGDRUc","previousCounter":0,"rootKey":"wVmf/H/dz6SlepvsCPy/uute7veVZYPjiDPrlZ/Q7Uw="},"indexInfo":{"baseKey":"BcUxHP+a1GQIaG7sREHNHBCUZ3dEZm7erzzL/6YwZfd7","baseKeyType":1,"closed":-1,"used":1734094850133,"created":1734094850133,"remoteIdentityKey":"BQsMp6kdSY9jtB5ws4Y8/+cbvd5OX8b5Zkn5OtTA3QR4"},"_chains":{"BU/YXcM7gFoJpO2ZengAXDM/le8Z9VHCXi4vY6e7FahQ":{"chainKey":{"counter":-1,"key":"y70i03cZCndw9RVlBqff//zedeLz20ooQUIvsG1wfRY="},"chainType":1,"messageKeys":{}}},"pendingPreKey":{"signedKeyId":0,"baseKey":"BcUxHP+a1GQIaG7sREHNHBCUZ3dEZm7erzzL/6YwZfd7","preKeyId":3960821}}},"version":"v1"}