{"_sessions":{"BeWnztTqHI8X92MAEYSgPXUBKD48Zjlaw91qeOwHLhdX":{"registrationId":16281,"currentRatchet":{"ephemeralKeyPair":{"pubKey":"BdrWI3/rKx93IDtr1+x90AtnLJ/kkdh5IMRYHj2QuFJl","privKey":"sLfT2fjkeYgz69PuOYbHy6+idrtEi6UxLHrh7X8znU8="},"lastRemoteEphemeralKey":"BVpv4SAY4RY1B3CLOcmdBa1KNwhcM02u4O8NNVgkWUFS","previousCounter":0,"rootKey":"e8pRX7f1iEWKvRklMUVsumF8MkaQ3uxW/kq11AbHP7c="},"indexInfo":{"baseKey":"BeWnztTqHI8X92MAEYSgPXUBKD48Zjlaw91qeOwHLhdX","baseKeyType":1,"closed":-1,"used":1733667576998,"created":1733667576998,"remoteIdentityKey":"BXeznLiDAPMfTuv+gUmUdPAvNAnGsYpy8+GwD2nGBiIK"},"_chains":{"BdrWI3/rKx93IDtr1+x90AtnLJ/kkdh5IMRYHj2QuFJl":{"chainKey":{"counter":4,"key":"s5odxpdh+DHEUV6AFiKjsIxdsCzx6slB/Yq9MX/44gU="},"chainType":1,"messageKeys":{}}},"pendingPreKey":{"signedKeyId":0,"baseKey":"BeWnztTqHI8X92MAEYSgPXUBKD48Zjlaw91qeOwHLhdX","preKeyId":2851819}}},"version":"v1"}