{"_sessions":{"BbNx7Q1P7FcJcNAaG1Zh36o0Fb2fKJuGZLR0OKuQRvhM":{"registrationId":13562,"currentRatchet":{"ephemeralKeyPair":{"pubKey":"BaBvOpHAcRmpXx8L3Ui+szrxJjNrdpwEtkxtbjxwRC5K","privKey":"uPxykH/pr5yzqkM7Lv7O+s8dbxFC06J5arNg89+JeGA="},"lastRemoteEphemeralKey":"BQ1rwD9SructvD+2nc9p6+zXD2NAAsXOacuEKR/oPJlE","previousCounter":0,"rootKey":"S73lBlUuSf77OferIo7ObILur/VJmiV9hfn87ceCkLU="},"indexInfo":{"baseKey":"BbNx7Q1P7FcJcNAaG1Zh36o0Fb2fKJuGZLR0OKuQRvhM","baseKeyType":1,"closed":-1,"used":1733667714886,"created":1733667714886,"remoteIdentityKey":"BQaYF51LVyItlHe+RQxWjM652PeJQS73gRmQmT5Z2oBt"},"_chains":{"BaBvOpHAcRmpXx8L3Ui+szrxJjNrdpwEtkxtbjxwRC5K":{"chainKey":{"counter":21,"key":"UI9ZBG8Z3mFA7VOXL2jUUHuXXDOQhX5efwQpryIZAk0="},"chainType":1,"messageKeys":{}}},"pendingPreKey":{"signedKeyId":1,"baseKey":"BbNx7Q1P7FcJcNAaG1Zh36o0Fb2fKJuGZLR0OKuQRvhM"}}},"version":"v1"}