{"_sessions":{"BdNH8WkHpEmX7ArFPQ7cCjkY+swNGNt3nK97J/c9inoU":{"registrationId":1636072382,"currentRatchet":{"ephemeralKeyPair":{"pubKey":"BU/vAsVCs9hXSQIBep1QSIEDIXdrBAyXFwH2OyqvaOUa","privKey":"KE32+M8SErkxPf5xjQG4JGCRAIThIhhAg0fbrVe9TXI="},"lastRemoteEphemeralKey":"BdxHa9fn31l7cUudIkW3Vd/BNSLZlqgvFn35bqiuk5NL","previousCounter":0,"rootKey":"ul4cEgoy2Wb5OS6dspdh80pgmWwuGEZ2gYEpqkPawH8="},"indexInfo":{"baseKey":"BdNH8WkHpEmX7ArFPQ7cCjkY+swNGNt3nK97J/c9inoU","baseKeyType":1,"closed":-1,"used":1733667715398,"created":1733667715398,"remoteIdentityKey":"BZepuhX5ldMSgwtfr1Fvgh+sXGoW3SlN5feHdS57w084"},"_chains":{"BU/vAsVCs9hXSQIBep1QSIEDIXdrBAyXFwH2OyqvaOUa":{"chainKey":{"counter":21,"key":"c1fkd2eeJYSO6/nOwvFo5dYdBLbPw0FQrCu3RIRrhc8="},"chainType":1,"messageKeys":{}}},"pendingPreKey":{"signedKeyId":0,"baseKey":"BdNH8WkHpEmX7ArFPQ7cCjkY+swNGNt3nK97J/c9inoU"}}},"version":"v1"}