{"_sessions":{"BY1cdMG5R8GdEqGLZNZ0Y0QuRF4LQ0P3Z0p0M8H7EVZU":{"registrationId":1143438336,"currentRatchet":{"ephemeralKeyPair":{"pubKey":"BSH2kOV653qafwMpOrgqwf0nRba+7qAlDTxbkZWRE1BR","privKey":"wC5+xxESvKKgRNOUyKcFnKqj+P32yl54ML0dMoPd9kk="},"lastRemoteEphemeralKey":"BQpHu08EFOAv6do2JtYRwx7pL0RWGAv4X1pdgz9g/t1w","previousCounter":0,"rootKey":"yoZ//gM+hI25zkzHLx1JaigoQZSiNUR/q2sQNpdenGQ="},"indexInfo":{"baseKey":"BY1cdMG5R8GdEqGLZNZ0Y0QuRF4LQ0P3Z0p0M8H7EVZU","baseKeyType":1,"closed":-1,"used":1734011798495,"created":1734011798495,"remoteIdentityKey":"BW/PbzYmodAn087U6Ny5cDxTrs4+R7V8IVnbqaC7w0EV"},"_chains":{"BSH2kOV653qafwMpOrgqwf0nRba+7qAlDTxbkZWRE1BR":{"chainKey":{"counter":0,"key":"Gypt6FfKDODPnlyINFoYA6MU5YaRUZAPZdk2qjLUjBs="},"chainType":1,"messageKeys":{}}},"pendingPreKey":{"signedKeyId":5,"baseKey":"BY1cdMG5R8GdEqGLZNZ0Y0QuRF4LQ0P3Z0p0M8H7EVZU"}}},"version":"v1"}