{"_sessions":{"Bd0eLZO4hRGfNOQNpWwdeZfiIYoYH9rXPVIeNFOnxxIS":{"registrationId":1600569015,"currentRatchet":{"ephemeralKeyPair":{"pubKey":"Bc3f9hR1LYC9QILYM8yoNagJXZEcJyyB2jgcURq9Ibsq","privKey":"8KfK4Hxqhq6hNiZhjfgmZ6NjGb+G1rWDfaU6gohQh28="},"lastRemoteEphemeralKey":"BZJ6kTC5srIQoHS5T9CQrXKf80BXu5dZc2E/Yxb37tIU","previousCounter":0,"rootKey":"pFFdtQCW+E4XTeZxW2x4Sq1lR3IC1zrltyRNNVMktGU="},"indexInfo":{"baseKey":"Bd0eLZO4hRGfNOQNpWwdeZfiIYoYH9rXPVIeNFOnxxIS","baseKeyType":1,"closed":-1,"used":1734011782777,"created":1734011782777,"remoteIdentityKey":"BeYCczZJ47+jiQA5Z0Vu6SXSEl5k8hJoltY/+bVGs9ZC"},"_chains":{"Bc3f9hR1LYC9QILYM8yoNagJXZEcJyyB2jgcURq9Ibsq":{"chainKey":{"counter":2,"key":"LdtxpoAqwJ8+04vA7vZZeQyDZnAXfxOOzykvvo7CzRk="},"chainType":1,"messageKeys":{}}},"pendingPreKey":{"signedKeyId":3,"baseKey":"Bd0eLZO4hRGfNOQNpWwdeZfiIYoYH9rXPVIeNFOnxxIS","preKeyId":10955226}}},"version":"v1"}