{"_sessions":{"BYUh2biL79BYwbCNPOHMFHOZzxzTVEL2zFycOHwMjr5u":{"registrationId":187570841,"currentRatchet":{"ephemeralKeyPair":{"pubKey":"BeZGAW+5c0KXv2sJqf2yi447nfP58KhWrLr0hYMRXJ4j","privKey":"WN1aflIBtJb/kzq2aIX5NJZDt0eX4fsRrA+liXGsXVQ="},"lastRemoteEphemeralKey":"BSMswU7Tm+u4aBDs+nvCBdIadQWVRHINiOmYYMDJaNUz","previousCounter":0,"rootKey":"EE9mBL7UF58wXTCUJyUEFpa9kSysLmuLavR56wqxHmM="},"indexInfo":{"baseKey":"BYUh2biL79BYwbCNPOHMFHOZzxzTVEL2zFycOHwMjr5u","baseKeyType":1,"closed":-1,"used":1734011798156,"created":1734011798156,"remoteIdentityKey":"BVafHiG+9tQkJSmvIKSW0KOALtHN3KSNuhbhscJX+XFM"},"_chains":{"BeZGAW+5c0KXv2sJqf2yi447nfP58KhWrLr0hYMRXJ4j":{"chainKey":{"counter":0,"key":"IMq9VdCZ4NMvXWrXRsmd52jtphToomKSIkUwuJz+8fY="},"chainType":1,"messageKeys":{}}},"pendingPreKey":{"signedKeyId":0,"baseKey":"BYUh2biL79BYwbCNPOHMFHOZzxzTVEL2zFycOHwMjr5u"}}},"version":"v1"}