{"_sessions":{"BcqhaA/FirkEihj8hqIcASwymyCIfOUXag1qKKL9HJhq":{"registrationId":477837393,"currentRatchet":{"ephemeralKeyPair":{"pubKey":"BQ3DZtCRQs/EO6CHyrGmH4/qNqkLrvsUsh28SxT61xgy","privKey":"yMtF6/JndY1BUdK7zhrdv8Xxo0gXmFinud0xO9te6lo="},"lastRemoteEphemeralKey":"BZYoiBec/pX21egPAsOoQBcWMq0DA4VZBwcwOLjtfo51","previousCounter":0,"rootKey":"VzevWHWgps6NzA3CKwYYR7u7IHkBj4L60k/Ufbmsp44="},"indexInfo":{"baseKey":"BcqhaA/FirkEihj8hqIcASwymyCIfOUXag1qKKL9HJhq","baseKeyType":1,"closed":1734053758638,"used":1733667577457,"created":1733667577457,"remoteIdentityKey":"Bends46dp0TMD/dbxBuUvJuqA2dyMYD7+R3YgoV+v2kM"},"_chains":{"BQ3DZtCRQs/EO6CHyrGmH4/qNqkLrvsUsh28SxT61xgy":{"chainKey":{"counter":21,"key":"YZQCrAyWLBXys726c/BTnjTB6g00mzD3p3B+eAMUpIg="},"chainType":1,"messageKeys":{}}},"pendingPreKey":{"signedKeyId":0,"baseKey":"BcqhaA/FirkEihj8hqIcASwymyCIfOUXag1qKKL9HJhq","preKeyId":15211125}},"BSEhiRy+bLFp0V5BCVnXi2kzTd3AckVKvM5bHD1mw4pB":{"registrationId":477837393,"currentRatchet":{"ephemeralKeyPair":{"pubKey":"BQAkfvqnHPEfMu6a7actuAoYzGpmxRRNVqlMwSp9yQQc","privKey":"mDN08N9MrKxcJURceHSkSgkn8c6sGkgyp09ip+P2wFw="},"lastRemoteEphemeralKey":"Bel+x23yOEpjBbwPn7FRJfvV6K1MPVulSgdJXFeHJKMe","previousCounter":1,"rootKey":"GZR1gUrDR9uf1t7aVFaq9Z+woLi54xTQPNSp3Jfnkhw="},"indexInfo":{"baseKey":"BSEhiRy+bLFp0V5BCVnXi2kzTd3AckVKvM5bHD1mw4pB","baseKeyType":2,"closed":1734070156277,"used":1734065174950,"created":1734053758650,"remoteIdentityKey":"Bends46dp0TMD/dbxBuUvJuqA2dyMYD7+R3YgoV+v2kM"},"_chains":{"BdUdxRa5/oQn0G5I88lon0xreoV9SpfYdcLgud5zdvdS":{"chainKey":{"counter":0},"chainType":2,"messageKeys":{}},"Bel+x23yOEpjBbwPn7FRJfvV6K1MPVulSgdJXFeHJKMe":{"chainKey":{"counter":0,"key":"877khZpxxXpijx4oSTBh5Nsae+pB8IEr0W63QdddSJY="},"chainType":2,"messageKeys":{}},"BQAkfvqnHPEfMu6a7actuAoYzGpmxRRNVqlMwSp9yQQc":{"chainKey":{"counter":0,"key":"G+R84oHJvzmjyX9uLBh0ao68ByZTltcWEYhgBRTJ4YA="},"chainType":1,"messageKeys":{}}}},"BcLWDRPpNd2ewex4cS9OsBFb+Q9Pu7gTCZWBpyQyZ+FE":{"registrationId":477837393,"currentRatchet":{"ephemeralKeyPair":{"pubKey":"BTQvYNwJJfeeVKyeNTT0a9YnJvzc+btcvtYRGp6sDRYq","privKey":"oPDinwHTEV3JNMVlkXJex6l2KouLqwZelwRoJKZ2UE0="},"lastRemoteEphemeralKey":"BZYoiBec/pX21egPAsOoQBcWMq0DA4VZBwcwOLjtfo51","previousCounter":0,"rootKey":"Ugh/S4WZmXx8l0KuQRYcBJbpbqQz7IGQdRcDIPRmmKo="},"indexInfo":{"baseKey":"BcLWDRPpNd2ewex4cS9OsBFb+Q9Pu7gTCZWBpyQyZ+FE","baseKeyType":1,"closed":1734070158988,"used":1734070156251,"created":1734070156251,"remoteIdentityKey":"Bends46dp0TMD/dbxBuUvJuqA2dyMYD7+R3YgoV+v2kM"},"_chains":{"BTQvYNwJJfeeVKyeNTT0a9YnJvzc+btcvtYRGp6sDRYq":{"chainKey":{"counter":-1,"key":"ANwN/KYJNWW1H4RgOEcBaJfe06ZfsEp+kUvlbRmhtBE="},"chainType":1,"messageKeys":{}}},"pendingPreKey":{"signedKeyId":0,"baseKey":"BcLWDRPpNd2ewex4cS9OsBFb+Q9Pu7gTCZWBpyQyZ+FE","preKeyId":15222674}},"BUzVajRldGD79JLNyCNGqkUhuF+C7eUERNY5cuxrRBsU":{"registrationId":477837393,"currentRatchet":{"ephemeralKeyPair":{"pubKey":"BQ4HLkz+d8waUaXLdOdl8v/UJBUZoYAZ7ADdklP0vY8/","privKey":"oFiw/JqlGJtvWzBvTx2SrVnaT2up/BQ6lotnAgiLgkU="},"lastRemoteEphemeralKey":"BZYoiBec/pX21egPAsOoQBcWMq0DA4VZBwcwOLjtfo51","previousCounter":0,"rootKey":"ty/pXC+znDehyzy6zllE1sFXlfOkfh22rIgRKugDSb8="},"indexInfo":{"baseKey":"BUzVajRldGD79JLNyCNGqkUhuF+C7eUERNY5cuxrRBsU","baseKeyType":1,"closed":-1,"used":1734070158985,"created":1734070158985,"remoteIdentityKey":"Bends46dp0TMD/dbxBuUvJuqA2dyMYD7+R3YgoV+v2kM"},"_chains":{"BQ4HLkz+d8waUaXLdOdl8v/UJBUZoYAZ7ADdklP0vY8/":{"chainKey":{"counter":1,"key":"CG+6zDOkgwv02svDKAokvtjglCofya6lJJ90NkA4ryM="},"chainType":1,"messageKeys":{}}},"pendingPreKey":{"signedKeyId":0,"baseKey":"BUzVajRldGD79JLNyCNGqkUhuF+C7eUERNY5cuxrRBsU","preKeyId":15222711}}},"version":"v1"}