{"_sessions":{"Bd7vHQTKgqbhzNkcyJY3Ok2cOqslTLUF6Vh/z/uaf/wQ":{"registrationId":245,"currentRatchet":{"ephemeralKeyPair":{"pubKey":"BY0/SLch8nSM14hIT0QUFuM/+zG5D1YqryWZAQ4HJvVK","privKey":"eFlgC8AYZvEZj6icHccGroxEcrn7lll4L2WKLjnO10Y="},"lastRemoteEphemeralKey":"Bd2Dm4N+kAYIIXP3MO3W895b12Hd9C+SJgKyGj44hx0s","previousCounter":0,"rootKey":"zT1yCd0Prok6NGQNUA4jKBQNRkMK9r9xSmS5bq08mBY="},"indexInfo":{"baseKey":"Bd7vHQTKgqbhzNkcyJY3Ok2cOqslTLUF6Vh/z/uaf/wQ","baseKeyType":1,"closed":-1,"used":1733667577163,"created":1733667577163,"remoteIdentityKey":"BR/OpkKqYtmeTBkH2G2nfKYCCCvRg6J8hLReX07oce4m"},"_chains":{"BY0/SLch8nSM14hIT0QUFuM/+zG5D1YqryWZAQ4HJvVK":{"chainKey":{"counter":4,"key":"lToTC/2ltwe/D5PAuT14pRgwl5mItDn0OcySYT8RV58="},"chainType":1,"messageKeys":{}}},"pendingPreKey":{"signedKeyId":1,"baseKey":"Bd7vHQTKgqbhzNkcyJY3Ok2cOqslTLUF6Vh/z/uaf/wQ"}}},"version":"v1"}