{"_sessions":{"BWKuvTbekguRSciUDF/ITYUJqYUSgkmtDI3OztnStO8t":{"registrationId":252,"currentRatchet":{"ephemeralKeyPair":{"pubKey":"BRZxTm7F0JvTq38Q/mJGLxOwHyRXMk5AjdHvPQn1d9gU","privKey":"AJ2Q2rhb5FdHNJ/lbTrMxzbAUHkh5xLZzZRW/WAnS0A="},"lastRemoteEphemeralKey":"BSJck6z++idFxZcqMasyc4FBSvs7LoKs0YAQCQalVhMT","previousCounter":0,"rootKey":"IwHXH7PF+aWfICuAjqqFyPaX7rDh6Y2h2SVE/H7v/0w="},"indexInfo":{"baseKey":"BWKuvTbekguRSciUDF/ITYUJqYUSgkmtDI3OztnStO8t","baseKeyType":1,"closed":-1,"used":1733667576984,"created":1733667576984,"remoteIdentityKey":"BW1j5e2H0EbT9SmfjyfsK8DJjTmwQcSEE/e1EhP4tuh8"},"_chains":{"BRZxTm7F0JvTq38Q/mJGLxOwHyRXMk5AjdHvPQn1d9gU":{"chainKey":{"counter":11,"key":"WJ+ZIZph8s7c4JdHF51rLRlGj7hMlEveqHQ17URBopc="},"chainType":1,"messageKeys":{}}},"pendingPreKey":{"signedKeyId":1,"baseKey":"BWKuvTbekguRSciUDF/ITYUJqYUSgkmtDI3OztnStO8t"}}},"version":"v1"}