{"_sessions":{"BS8NzBPbfN5Bfe9ft8HyrTyDHBksBR9aBRk94P4r+Wk/":{"registrationId":231,"currentRatchet":{"ephemeralKeyPair":{"pubKey":"BQWlKrRP+ok3/5lCLl3UpPAYOfLcsOBqTdnxkHmfOndu","privKey":"WOozIbz8dGBLnfaK/cXnrGsWihWuoQ/h3016bhQ3Q0w="},"lastRemoteEphemeralKey":"BWzby6zVSS1/ZU/aeSraA37Wp6SZ93HAbhPp9XWP0TcS","previousCounter":0,"rootKey":"LS4N45WuOmj6wPx09cE+H/yzcfrav542xCjnbvw3who="},"indexInfo":{"baseKey":"BS8NzBPbfN5Bfe9ft8HyrTyDHBksBR9aBRk94P4r+Wk/","baseKeyType":1,"closed":1733772953852,"used":1733772952595,"created":1733772952595,"remoteIdentityKey":"BQu0xASB/Rj11ggEa+WaZKpq/2n5j2EmTU78bJkf7Xpf"},"_chains":{"BQWlKrRP+ok3/5lCLl3UpPAYOfLcsOBqTdnxkHmfOndu":{"chainKey":{"counter":0,"key":"HIbE/mRSEdpNg4jyi6PrNfaulC3d0+sd5WaHjDP9G8A="},"chainType":1,"messageKeys":{}}},"pendingPreKey":{"signedKeyId":1,"baseKey":"BS8NzBPbfN5Bfe9ft8HyrTyDHBksBR9aBRk94P4r+Wk/","preKeyId":138}},"BS3kjGAe9hqLhi1gx2y+ax6lnKVMG6B7KKb5WcFhmk9U":{"registrationId":231,"currentRatchet":{"ephemeralKeyPair":{"pubKey":"BeiRVQistCx6mGRaEObtBHxJnVzfjrxmCInYPMSjMAEA","privKey":"2MlGn3ik/X2wCtDAE/IFKXpZJS49GGgYbmzGUZSJ9l0="},"lastRemoteEphemeralKey":"BWzby6zVSS1/ZU/aeSraA37Wp6SZ93HAbhPp9XWP0TcS","previousCounter":0,"rootKey":"LfSCuO5GOOW/SzqRztb9gDb1Mge7hAXGR7KL+aH1eYk="},"indexInfo":{"baseKey":"BS3kjGAe9hqLhi1gx2y+ax6lnKVMG6B7KKb5WcFhmk9U","baseKeyType":1,"closed":1733773000165,"used":1733772953850,"created":1733772953850,"remoteIdentityKey":"BQu0xASB/Rj11ggEa+WaZKpq/2n5j2EmTU78bJkf7Xpf"},"_chains":{"BeiRVQistCx6mGRaEObtBHxJnVzfjrxmCInYPMSjMAEA":{"chainKey":{"counter":0,"key":"hnMkXYJA1m+QM3iEYVNTkHjKfZ14STBhp+uo9b5P3WQ="},"chainType":1,"messageKeys":{}}},"pendingPreKey":{"signedKeyId":1,"baseKey":"BS3kjGAe9hqLhi1gx2y+ax6lnKVMG6B7KKb5WcFhmk9U","preKeyId":131}},"BcggFZrRNL7cg1hkOwNxOBwWy8OYWNByJYkIlh5uJP40":{"registrationId":231,"currentRatchet":{"ephemeralKeyPair":{"pubKey":"BUYOIkfl7vavxc4k4NfANJGk5w6wUK4OEz6DqSkJJhJr","privKey":"aDj0w5Z0tCnkAJj3t4yqwcGHhEVuxC1Fk7kEfVIfkEA="},"lastRemoteEphemeralKey":"BWzby6zVSS1/ZU/aeSraA37Wp6SZ93HAbhPp9XWP0TcS","previousCounter":0,"rootKey":"rN918AaHNp7ApJlWhR1iht0q/MxoYH+KVr8WAIA9Z18="},"indexInfo":{"baseKey":"BcggFZrRNL7cg1hkOwNxOBwWy8OYWNByJYkIlh5uJP40","baseKeyType":1,"closed":1733773038236,"used":1733773000152,"created":1733773000152,"remoteIdentityKey":"BQu0xASB/Rj11ggEa+WaZKpq/2n5j2EmTU78bJkf7Xpf"},"_chains":{"BUYOIkfl7vavxc4k4NfANJGk5w6wUK4OEz6DqSkJJhJr":{"chainKey":{"counter":0,"key":"eGMvhh0on2rKsXU/mOaY0O7bGXUIXAYBRaU6UD9cGGU="},"chainType":1,"messageKeys":{}}},"pendingPreKey":{"signedKeyId":1,"baseKey":"BcggFZrRNL7cg1hkOwNxOBwWy8OYWNByJYkIlh5uJP40","preKeyId":137}},"BbbY+5ksJKPvH/XD9vImMvIRmwZH2q0tnXtPNOKgdB0N":{"registrationId":231,"currentRatchet":{"ephemeralKeyPair":{"pubKey":"BcMZToYFadisma3uOAN/d2RbxstSKc+6TwIQmXtbN3Vh","privKey":"UDQ1U8T5kjAXm6CBZsl8adU1oPsr4aSsVxuBgGwjdUQ="},"lastRemoteEphemeralKey":"BWzby6zVSS1/ZU/aeSraA37Wp6SZ93HAbhPp9XWP0TcS","previousCounter":0,"rootKey":"cU5qV8OPmRsFdP034azOswSwE9YArGVmbWySGeB1E8E="},"indexInfo":{"baseKey":"BbbY+5ksJKPvH/XD9vImMvIRmwZH2q0tnXtPNOKgdB0N","baseKeyType":1,"closed":1733773048238,"used":1733773038231,"created":1733773038231,"remoteIdentityKey":"BQu0xASB/Rj11ggEa+WaZKpq/2n5j2EmTU78bJkf7Xpf"},"_chains":{"BcMZToYFadisma3uOAN/d2RbxstSKc+6TwIQmXtbN3Vh":{"chainKey":{"counter":1,"key":"Kw4uoNFRMZlk8vUF0nEycOQNMoMIgOiNhtFEDujpx5w="},"chainType":1,"messageKeys":{}}},"pendingPreKey":{"signedKeyId":1,"baseKey":"BbbY+5ksJKPvH/XD9vImMvIRmwZH2q0tnXtPNOKgdB0N","preKeyId":111}},"BSdF3yPHsnmut8iNtQGUjrSuxvb0vaTz9VmN8tAyQ5Yw":{"registrationId":231,"currentRatchet":{"ephemeralKeyPair":{"pubKey":"BdV469H1TbQHpOnJ8s4R6P5dEAu5DxsVycaHog0YJiwF","privKey":"+BIAx/Ac+wa5mT7VVbzFI6qp3+aVJrz5NwlP0veAHGI="},"lastRemoteEphemeralKey":"BWzby6zVSS1/ZU/aeSraA37Wp6SZ93HAbhPp9XWP0TcS","previousCounter":0,"rootKey":"mW1QJeFeI/dHt1dk7KqMpLO3JyzdFeOJOdZ2hTOcPNg="},"indexInfo":{"baseKey":"BSdF3yPHsnmut8iNtQGUjrSuxvb0vaTz9VmN8tAyQ5Yw","baseKeyType":1,"closed":-1,"used":1733773048235,"created":1733773048235,"remoteIdentityKey":"BQu0xASB/Rj11ggEa+WaZKpq/2n5j2EmTU78bJkf7Xpf"},"_chains":{"BdV469H1TbQHpOnJ8s4R6P5dEAu5DxsVycaHog0YJiwF":{"chainKey":{"counter":2,"key":"mnP0nvpQ8iKg5pge5CedQp3Z0mPaMgI0LIrE0jM2GQI="},"chainType":1,"messageKeys":{}}},"pendingPreKey":{"signedKeyId":1,"baseKey":"BSdF3yPHsnmut8iNtQGUjrSuxvb0vaTz9VmN8tAyQ5Yw","preKeyId":133}}},"version":"v1"}