{"_sessions":{"BSUnp4plEysV7VV7KDPn0oaS1ueZQv9fEshhusrwK8tt":{"registrationId":33,"currentRatchet":{"ephemeralKeyPair":{"pubKey":"Bdv2HYyxKl8ZTgiZ0SAz24p542eUwekdRTkA3R1aPWhE","privKey":"EAED2EEibx4ns1nVY8C0kj8598CYhqPLzKTpuI0WJX8="},"lastRemoteEphemeralKey":"BdY0BoADDVfmDzKvjwTNVhe+QNl1Ano2Bn3pmgOTgcF6","previousCounter":0,"rootKey":"jxA+MKWbuCExTvIvFylo0e7m9Uo1hz5KmHgORNqvbwE="},"indexInfo":{"baseKey":"BSUnp4plEysV7VV7KDPn0oaS1ueZQv9fEshhusrwK8tt","baseKeyType":1,"closed":-1,"used":1734011791767,"created":1734011791767,"remoteIdentityKey":"BSxDrjrgh9uVWRkPilr/rvl7ENRIULEj0WMNXnoy+K0P"},"_chains":{"Bdv2HYyxKl8ZTgiZ0SAz24p542eUwekdRTkA3R1aPWhE":{"chainKey":{"counter":4,"key":"g4Yy8BMV1sihATjgpshT+TG6V6BxAyCVi3HnTYKl1RA="},"chainType":1,"messageKeys":{}}},"pendingPreKey":{"signedKeyId":1,"baseKey":"BSUnp4plEysV7VV7KDPn0oaS1ueZQv9fEshhusrwK8tt"}}},"version":"v1"}