{"_sessions":{"BWyDKitrojrzRBRIiwJkJmyovt/LsQChz9YXvAh7QGpI":{"registrationId":550059289,"currentRatchet":{"ephemeralKeyPair":{"pubKey":"BQjnjX+tHiHMYU1QC/7MDOdWoaNMsODNMQgr4eAqu41v","privKey":"GDfle+TQUsXrklmGNj+3xQVPQ/12dDB96egzEmP6L3Q="},"lastRemoteEphemeralKey":"BfaHxVlZmmo8Y0qwvwlVdWvteIPjjsDcDPXrSc9kL+Jr","previousCounter":0,"rootKey":"5JU5WELr4xRi4pCebLfuY+kl2np3ZK0pmY3ThFIKexA="},"indexInfo":{"baseKey":"BWyDKitrojrzRBRIiwJkJmyovt/LsQChz9YXvAh7QGpI","baseKeyType":1,"closed":-1,"used":1733667577482,"created":1733667577482,"remoteIdentityKey":"BbxHkMURwtqlPl0yo4nnDmFaC4pvVhhTZGLpnRemBytx"},"_chains":{"BQjnjX+tHiHMYU1QC/7MDOdWoaNMsODNMQgr4eAqu41v":{"chainKey":{"counter":4,"key":"NvWmxCa15JuG/8IWtkHYzvcrRzbD/6qxd+JCxo9SRSk="},"chainType":1,"messageKeys":{}}},"pendingPreKey":{"signedKeyId":0,"baseKey":"BWyDKitrojrzRBRIiwJkJmyovt/LsQChz9YXvAh7QGpI"}}},"version":"v1"}