{"_sessions":{"BXwKvOYO77cmDqx1vAosVPWsfsHQ0Yt2ckEsbJYTWb9T":{"registrationId":17,"currentRatchet":{"ephemeralKeyPair":{"pubKey":"BWu1T+BKfvSgXgQA4CRGpqZj4mnAz4qawsC2MQgch0M+","privKey":"uCDdisbWS+pkG4WCvp3wySiTX1GX47UUGSqtIEXFrVc="},"lastRemoteEphemeralKey":"BRMRvOdAibTecNsdJk5my0aGv2d9il3z0QtNp53Ia7BY","previousCounter":0,"rootKey":"ndgDerSoLB0urZDHfRAhn1njIZknP2PAGvvgBtWk4wE="},"indexInfo":{"baseKey":"BXwKvOYO77cmDqx1vAosVPWsfsHQ0Yt2ckEsbJYTWb9T","baseKeyType":1,"closed":-1,"used":1733667577154,"created":1733667577154,"remoteIdentityKey":"BVq3y9Wzg3VXqwUfWLCW34VzMniAox6oLYPGtt52Kk1z"},"_chains":{"BWu1T+BKfvSgXgQA4CRGpqZj4mnAz4qawsC2MQgch0M+":{"chainKey":{"counter":1,"key":"rX1DKRCbtdmI135roQrUF3svU++2GqWouIt3LOMJyRU="},"chainType":1,"messageKeys":{}}},"pendingPreKey":{"signedKeyId":1,"baseKey":"BXwKvOYO77cmDqx1vAosVPWsfsHQ0Yt2ckEsbJYTWb9T"}}},"version":"v1"}