{"_sessions":{"BVeHgKr+fjsMScDvYbcdUgw3Qw92yirRgCSa7lT8adp3":{"registrationId":1872273043,"currentRatchet":{"ephemeralKeyPair":{"pubKey":"Bd502ZmImhgOjfY+OYFdALXa4HmgJxYWTWgCeZ8R/VAf","privKey":"GFAFL8m5FMksuJcuCgMMLNBKpT/Gd/ezV6c51K/HTWc="},"lastRemoteEphemeralKey":"BQ8f2UmXXIDo1bywota6Nr0659LG2mRaLT7nhRvATSUQ","previousCounter":0,"rootKey":"hct7H//1J/ZMKjDVDA8WllZuWyHNzZyQOQ8S4wcc6Qc="},"indexInfo":{"baseKey":"BVeHgKr+fjsMScDvYbcdUgw3Qw92yirRgCSa7lT8adp3","baseKeyType":1,"closed":-1,"used":1733667715264,"created":1733667715264,"remoteIdentityKey":"BRuobcJWLIUQWHaYINdxHghh6XkzecH/RzHJK+FJZjsu"},"_chains":{"Bd502ZmImhgOjfY+OYFdALXa4HmgJxYWTWgCeZ8R/VAf":{"chainKey":{"counter":21,"key":"+WmWP9E6EQNb5YXc8zn0tvlkjywaiYJvMkbk1ByNjCk="},"chainType":1,"messageKeys":{}}},"pendingPreKey":{"signedKeyId":0,"baseKey":"BVeHgKr+fjsMScDvYbcdUgw3Qw92yirRgCSa7lT8adp3","preKeyId":2358868}}},"version":"v1"}