{"_sessions":{"BetWCs363HsSDWzQ6dwvphWEYRLhnlNkdD+v6RU7sgVY":{"registrationId":1281499102,"currentRatchet":{"ephemeralKeyPair":{"pubKey":"BXfiar2G/sL+0Jo9CwH4EtH5nRK5i7qD4BWdVMkEf5Bn","privKey":"uKkyG+QdqJags+0vscEzxgIv3Tt0R3jjp/Cc9SFnvHY="},"lastRemoteEphemeralKey":"BYZb0IXWSKwCN9M+gB9vJDdk1A8eDNBybBRwUlyY+koN","previousCounter":0,"rootKey":"RTCHk3qiLkpUxcvfzZkcWXFrCiIeJsT1a8Q9MWwEvF0="},"indexInfo":{"baseKey":"BetWCs363HsSDWzQ6dwvphWEYRLhnlNkdD+v6RU7sgVY","baseKeyType":1,"closed":-1,"used":1733667714972,"created":1733667714972,"remoteIdentityKey":"BRzCWoOVwOosRMB9xw5IKpBDE+UeKPwLHJf8RVsyUow8"},"_chains":{"BXfiar2G/sL+0Jo9CwH4EtH5nRK5i7qD4BWdVMkEf5Bn":{"chainKey":{"counter":21,"key":"ugmJZLHmgyY++bG8BX+uM+kjIyVB5uSFn0703sqloyk="},"chainType":1,"messageKeys":{}}},"pendingPreKey":{"signedKeyId":0,"baseKey":"BetWCs363HsSDWzQ6dwvphWEYRLhnlNkdD+v6RU7sgVY","preKeyId":8328716}}},"version":"v1"}