{"_sessions":{"BcXwO1jBVLLzUzPu+xffQbc4YI2dsphrh1Jp56sJNv1F":{"registrationId":2052032211,"currentRatchet":{"ephemeralKeyPair":{"pubKey":"BZ/c84/Bjm/zGhbx4FQo3brkuww8VI5x1Hba4Qk2xus2","privKey":"sI8mzqWvySGqkL3bupQ2jQw5Yfxmz7EI28EeGFAT0UQ="},"lastRemoteEphemeralKey":"BSo/ZT8UijhKpZH8CV1p+fPIVTvSdNOtWVOeCw2697NC","previousCounter":0,"rootKey":"rv2aOYdD4h01C7W+W5dyxN4DuGk3Er/Cc3k8o/QRZdU="},"indexInfo":{"baseKey":"BcXwO1jBVLLzUzPu+xffQbc4YI2dsphrh1Jp56sJNv1F","baseKeyType":1,"closed":-1,"used":1734011798294,"created":1734011798294,"remoteIdentityKey":"BfL66BLmSzHvaO9NiGSeGlwQaBBI/NMiUMNZWab6CKUc"},"_chains":{"BZ/c84/Bjm/zGhbx4FQo3brkuww8VI5x1Hba4Qk2xus2":{"chainKey":{"counter":0,"key":"T4BKuv5acVibN/2sBMf9xeSStirTyli9Ja8gLu7AYSM="},"chainType":1,"messageKeys":{}}},"pendingPreKey":{"signedKeyId":0,"baseKey":"BcXwO1jBVLLzUzPu+xffQbc4YI2dsphrh1Jp56sJNv1F","preKeyId":6031196}}},"version":"v1"}