{"_sessions":{"BRUCYyRWiv/Y5uhtQ0chVbTuT+UFYbJeGZhH8Y0a3WsO":{"registrationId":1514908462,"currentRatchet":{"ephemeralKeyPair":{"pubKey":"BXEs1S4Ex0ekdECW7n+zcckgNBiql+nLvFGto0XfDkBt","privKey":"8CrhlTdjqSH5hAmJTWCZxYdyzOm1+OLHsCh+iQoTuWM="},"lastRemoteEphemeralKey":"BeYNwEzyXX9Xih7JEKU6cH0Ec1MoLWijD/7WIRMINFR+","previousCounter":0,"rootKey":"UcH0aQhO9dvFfZSVPz+DJfGXBcTiFHy9QoudhNby0Is="},"indexInfo":{"baseKey":"BRUCYyRWiv/Y5uhtQ0chVbTuT+UFYbJeGZhH8Y0a3WsO","baseKeyType":1,"closed":-1,"used":1734011798379,"created":1734011798379,"remoteIdentityKey":"BY/1DMo8L9LDnXpqy5K1WpB7BcyGM3lBiIBDzlOnwbsf"},"_chains":{"BXEs1S4Ex0ekdECW7n+zcckgNBiql+nLvFGto0XfDkBt":{"chainKey":{"counter":0,"key":"nQn5JUm5J7ki8Y4DwG+DU1K3jelUKt2yTteYYmh8kpM="},"chainType":1,"messageKeys":{}}},"pendingPreKey":{"signedKeyId":2,"baseKey":"BRUCYyRWiv/Y5uhtQ0chVbTuT+UFYbJeGZhH8Y0a3WsO","preKeyId":5075954}}},"version":"v1"}