{"_sessions":{"BfCOzZCdxhQPGTh6625fbHEaArgyRItAte1ATqGaKcxs":{"registrationId":130,"currentRatchet":{"ephemeralKeyPair":{"pubKey":"BblAMGaBf2hFfA5xFEwsIQ2a8TF+fK4nIECrk4CWCqV4","privKey":"aFNkQPRat7PMU4K4BRDjrT+MlADL1zA97Iagrf9eLFg="},"lastRemoteEphemeralKey":"BZxPhZcdPmtrsZ1s1DAWPkrycw8JwGOZBFmZC4xTicZF","previousCounter":0,"rootKey":"jbuEgtsKhE6hsiwLlDwyC96UjXvV8pcfN8irmrm5ayg="},"indexInfo":{"baseKey":"BfCOzZCdxhQPGTh6625fbHEaArgyRItAte1ATqGaKcxs","baseKeyType":1,"closed":-1,"used":1733667577094,"created":1733667577094,"remoteIdentityKey":"BVWRhDBzHptPxkuvUxWWsdmYmhNgWZvRJkynqguWzlcp"},"_chains":{"BblAMGaBf2hFfA5xFEwsIQ2a8TF+fK4nIECrk4CWCqV4":{"chainKey":{"counter":4,"key":"FORiR+22HCza6lxIsjzi5OE2iieRT2IDuux1Ozl9QN0="},"chainType":1,"messageKeys":{}}},"pendingPreKey":{"signedKeyId":1,"baseKey":"BfCOzZCdxhQPGTh6625fbHEaArgyRItAte1ATqGaKcxs"}}},"version":"v1"}