{"_sessions":{"BXnb/aOB3xv/iEudE+APCke0WKs4oel/qwaGxSlVHiVM":{"registrationId":558047618,"currentRatchet":{"ephemeralKeyPair":{"pubKey":"BUSTjt70Wc8kyAJ17u+WIvoecLFbae6xdKInocIy5NgE","privKey":"kIJXdoP1paSypYIKHpgmKLXdFaX+jveOinSkqwX6bHE="},"lastRemoteEphemeralKey":"BVr9BIEf+EjQuxAX9NmCe7Ed/h/80mKjgeTutCgUsB9T","previousCounter":0,"rootKey":"woS0zWQyyozcLRlKGH5iRWDE/j/s0dWcluaPpWWJ00U="},"indexInfo":{"baseKey":"BXnb/aOB3xv/iEudE+APCke0WKs4oel/qwaGxSlVHiVM","baseKeyType":1,"closed":-1,"used":1734011798271,"created":1734011798271,"remoteIdentityKey":"BaFBMKsPr0OcVTCdFllqnWlyRFl/d9hIQkW3bYc4znh2"},"_chains":{"BUSTjt70Wc8kyAJ17u+WIvoecLFbae6xdKInocIy5NgE":{"chainKey":{"counter":0,"key":"HiaGAIThn7VI8LPoOY4Plo6utLlolalhbljSeA4/Ma0="},"chainType":1,"messageKeys":{}}},"pendingPreKey":{"signedKeyId":7,"baseKey":"BXnb/aOB3xv/iEudE+APCke0WKs4oel/qwaGxSlVHiVM","preKeyId":109484}}},"version":"v1"}