{"_sessions":{"BXK8FBNFdlv5elitFdRTs0xb/BZ+L2b9qujquJGyPUYU":{"registrationId":10720,"currentRatchet":{"ephemeralKeyPair":{"pubKey":"BYStGYACE45LzK5wUwH05VBCrEn+3j1c+IZce2vnoJg7","privKey":"gF+WiWqarqTlR0fW6HkMqBWMB80gSQnbN3xpy/8j2n4="},"lastRemoteEphemeralKey":"Bc9OzXUkPDuglCy5tHeG4Qpkq+p7IlKN6/4BIeSjnmRj","previousCounter":0,"rootKey":"QJM4kK5agWAfwFeiDWNiNsqhp7qPmG1CIiInRwG9saY="},"indexInfo":{"baseKey":"BXK8FBNFdlv5elitFdRTs0xb/BZ+L2b9qujquJGyPUYU","baseKeyType":1,"closed":-1,"used":1733667714796,"created":1733667714796,"remoteIdentityKey":"Bat9Y2RQLFGVg9XmjQxFEJX5vFeYKNIn7Vk3C59I5z0I"},"_chains":{"BYStGYACE45LzK5wUwH05VBCrEn+3j1c+IZce2vnoJg7":{"chainKey":{"counter":21,"key":"I1F8o17cA2tFfDv8FOQLw0XzDEOi7FaaWo/PTnfKD+g="},"chainType":1,"messageKeys":{}}},"pendingPreKey":{"signedKeyId":1,"baseKey":"BXK8FBNFdlv5elitFdRTs0xb/BZ+L2b9qujquJGyPUYU","preKeyId":922}}},"version":"v1"}