{"_sessions":{"BZWqRr3il+8VlokjwOaXFWySrFt4NbWm2K/FeQadwBsL":{"registrationId":568048675,"currentRatchet":{"ephemeralKeyPair":{"pubKey":"BV6FpJHhNxSn8lVYMnvXDrD5Srs2YuwmACgnNPsoV9RD","privKey":"qPqfOQ2m5XXPUzUtWnBmNBJ8PPdpVd6h8sYvAynS4Eg="},"lastRemoteEphemeralKey":"BXhX/BO4h8K7Q4ZOY3aPKulkpm771FK/QaRRdQ5B7tUR","previousCounter":0,"rootKey":"5hVvXU251+gj0qvS21rG3A9E0/0zQMt0+fmKX71g87M="},"indexInfo":{"baseKey":"BZWqRr3il+8VlokjwOaXFWySrFt4NbWm2K/FeQadwBsL","baseKeyType":1,"closed":-1,"used":1733667715080,"created":1733667715080,"remoteIdentityKey":"BezulGURy+rifZYX/1lvsV28/Fghme5KuOo8PXWPGctP"},"_chains":{"BV6FpJHhNxSn8lVYMnvXDrD5Srs2YuwmACgnNPsoV9RD":{"chainKey":{"counter":21,"key":"jIpv6C/GiODqthTcVxrmbXI5yPZR0WxLvkVFGIb7rcE="},"chainType":1,"messageKeys":{}}},"pendingPreKey":{"signedKeyId":2,"baseKey":"BZWqRr3il+8VlokjwOaXFWySrFt4NbWm2K/FeQadwBsL","preKeyId":754532}}},"version":"v1"}