{"_sessions":{"BU9/oRRaCcL/AE8TGdNZNvIQdq/0seV9GSSr5AUFsiUo":{"registrationId":11894,"currentRatchet":{"ephemeralKeyPair":{"pubKey":"BQn5h0LqoA98ukP+Js2eXUY/L8r1CL5g+VXDcfLtWbMb","privKey":"aF6bMMDSGiLVSKwEP9FV4BY+ksRL5uA51okuv/QwZlE="},"lastRemoteEphemeralKey":"BfrRTNsalUtOfCWvNDxljLBeqrZGTZLcO1GSLJNdeeAJ","previousCounter":0,"rootKey":"p8XYjvTyz79XhAqLtNeZWp9Cae+5IzkbMrpKkQ4YR+s="},"indexInfo":{"baseKey":"BU9/oRRaCcL/AE8TGdNZNvIQdq/0seV9GSSr5AUFsiUo","baseKeyType":1,"closed":-1,"used":1733667714789,"created":1733667714789,"remoteIdentityKey":"BVLlB/QkGu9BhncCzimKZ31p2jAkh8VM3yAV832aM4Qh"},"_chains":{"BQn5h0LqoA98ukP+Js2eXUY/L8r1CL5g+VXDcfLtWbMb":{"chainKey":{"counter":2,"key":"9XnqPf0yBNvMEJorvhcZ/eFrYME4oLMJj744F2eRycA="},"chainType":1,"messageKeys":{}}},"pendingPreKey":{"signedKeyId":1,"baseKey":"BU9/oRRaCcL/AE8TGdNZNvIQdq/0seV9GSSr5AUFsiUo","preKeyId":985}}},"version":"v1"}