{"_sessions":{"BeO4Lt5UT//4SEv4Aiw4E3iiDppOOIZ7la725JO6L1N/":{"registrationId":1211201643,"currentRatchet":{"ephemeralKeyPair":{"pubKey":"BXJWoOVh2UCIZPMGeVbXgEvdaUXddwdkiN+aBEN5/fQu","privKey":"CJbw7F4IeOiWu0f1aM9l+vGsOmBah5WiQxlUp5J6Zmo="},"lastRemoteEphemeralKey":"BfLs4P0CIMRrvWJT+LG+lJ69e6byV8gxQicp8lKocf4p","previousCounter":0,"rootKey":"26F9x7LSBeUNEUMQvJDcieiCGkhNSd1/4jIqXdgffZw="},"indexInfo":{"baseKey":"BeO4Lt5UT//4SEv4Aiw4E3iiDppOOIZ7la725JO6L1N/","baseKeyType":1,"closed":1734012177534,"used":1733667577571,"created":1733667577571,"remoteIdentityKey":"BXDmaTAY52JfLaTxqWAsudARqprEggTrno7TzRouL/YU"},"_chains":{"BXJWoOVh2UCIZPMGeVbXgEvdaUXddwdkiN+aBEN5/fQu":{"chainKey":{"counter":2,"key":"1JuUX6eduduZvIOnnm4MIRBecDJI5UESnFx8KHoAD0Y="},"chainType":1,"messageKeys":{}}},"pendingPreKey":{"signedKeyId":0,"baseKey":"BeO4Lt5UT//4SEv4Aiw4E3iiDppOOIZ7la725JO6L1N/","preKeyId":3068384}},"BTTV4Y00Hpv7hg9/yk3NV5oE+mwzK9wfOdWWwpmEsvsN":{"registrationId":1461734447,"currentRatchet":{"ephemeralKeyPair":{"pubKey":"BTn0j8/KhoK2nmw1Jdd4l+EOKhVlTl5biiUkmiBSJYUu","privKey":"EISKHQBN8ylclIMnKzaR96+YpLcndfyIemtaFdyI6nU="},"lastRemoteEphemeralKey":"BX1mQH91D/0y71YjZ2MPY9LGRFuGNgsBN6RfQshAfMdb","previousCounter":0,"rootKey":"m9/DZxCUxhAmyEw6WSTdv1TKdXxEZN7GXUxaJ9PtVLU="},"indexInfo":{"baseKey":"BTTV4Y00Hpv7hg9/yk3NV5oE+mwzK9wfOdWWwpmEsvsN","baseKeyType":1,"closed":-1,"used":1734012177474,"created":1734012177474,"remoteIdentityKey":"BVHHGV63t8+v+0qbK+7ayBhxKTNH4caFDITPfIOISS0I"},"_chains":{"BTn0j8/KhoK2nmw1Jdd4l+EOKhVlTl5biiUkmiBSJYUu":{"chainKey":{"counter":1,"key":"MKBzDEGmGWgIjILLiKZ5zTEXWdpKtght1k55q4naFQM="},"chainType":1,"messageKeys":{}}},"pendingPreKey":{"signedKeyId":0,"baseKey":"BTTV4Y00Hpv7hg9/yk3NV5oE+mwzK9wfOdWWwpmEsvsN","preKeyId":5278363}}},"version":"v1"}