{"_sessions":{"BV7TloRXmnTBCUXRSLHbsPFuqHHbftyMJas2cfIn0t40":{"registrationId":8,"currentRatchet":{"ephemeralKeyPair":{"pubKey":"BXCnCcgVlL0xeJHWCWGVCFHT3n5SMsvVsqKDa2m/XhEe","privKey":"oNX/SaM1Jx7k9RsTRXpl135+TAv/tTMyktIC6N8gPWE="},"lastRemoteEphemeralKey":"BXhTuAnvOdNA2C+pwomkRtlwXn7kyjO/c5RyugmsJX8E","previousCounter":0,"rootKey":"h6EiQTD5UBfKWUo8LtgDTT4vFsu1X3DvFy+FrSI9iVU="},"indexInfo":{"baseKey":"BV7TloRXmnTBCUXRSLHbsPFuqHHbftyMJas2cfIn0t40","baseKeyType":2,"closed":-1,"used":1734085021196,"created":1734085021196,"remoteIdentityKey":"BVC0amGV8dOBUV/i9GgqzNluBQcJjuuPwRGfCDDNbDUX"},"_chains":{"BXhTuAnvOdNA2C+pwomkRtlwXn7kyjO/c5RyugmsJX8E":{"chainKey":{"counter":1,"key":"USaATaECNQa688PDpwOm4RjavwaZbGCSJ/j0CvMWuOo="},"chainType":2,"messageKeys":{}},"BXCnCcgVlL0xeJHWCWGVCFHT3n5SMsvVsqKDa2m/XhEe":{"chainKey":{"counter":1,"key":"PbPUgbBMPiEITWue4qNry5xPljiKsovGyoNSadQF11s="},"chainType":1,"messageKeys":{}}}}},"version":"v1"}