{"_sessions":{"BUwEDZNG1lUlyTL7Y0Yq1oSB6rV5AlTbS/RikkLL9TB7":{"registrationId":292149213,"currentRatchet":{"ephemeralKeyPair":{"pubKey":"BUEjztOZNnX4sUN3PiXh9GRnFh7qT6mczcQj3NNn9nAn","privKey":"MJ49CnFhMkh0h5upvNZ/hrnZ+f2GFzv9tzVTIfhol0U="},"lastRemoteEphemeralKey":"BSWC6IUrOuDli0zPr5+x5ZRId+8odfSQyAx2U0YtfZ5q","previousCounter":0,"rootKey":"vW5zWU/+D1gghXrQL5Uqu1iFmr2d3R/9Y+G8LoLF/bY="},"indexInfo":{"baseKey":"BUwEDZNG1lUlyTL7Y0Yq1oSB6rV5AlTbS/RikkLL9TB7","baseKeyType":1,"closed":-1,"used":1733667715074,"created":1733667715074,"remoteIdentityKey":"BdAbomvGkpKeqzQHVPJNjBd+5KIGq9Z2DuJWCwzoxSNg"},"_chains":{"BUEjztOZNnX4sUN3PiXh9GRnFh7qT6mczcQj3NNn9nAn":{"chainKey":{"counter":21,"key":"PKcf3Wqf0jpl5eN78LKaZkugLWsjf6xHJJmHiukW2ZQ="},"chainType":1,"messageKeys":{}}},"pendingPreKey":{"signedKeyId":1,"baseKey":"BUwEDZNG1lUlyTL7Y0Yq1oSB6rV5AlTbS/RikkLL9TB7","preKeyId":12982041}}},"version":"v1"}