{"_sessions":{"BduZbR8os2Vttm6t95vQXDBQBajXleGhNQn6MW272D9f":{"registrationId":564007278,"currentRatchet":{"ephemeralKeyPair":{"pubKey":"BbKHiyJIkooQFxbcIwwYN6/ElisnCIVkFkmpLkHiaKtt","privKey":"cKZM7KcPoWc1V9D9uHF0iAe8TO6VtWrdERrmBOvHkXI="},"lastRemoteEphemeralKey":"BTXvWO3O09o62LYtnWUKc69MLMowYb1cE5dY1tu+ik9m","previousCounter":0,"rootKey":"W7/TpCbg6efkJ14qCc1T8Lv0YesjyL2RP3Wuj/HoT+4="},"indexInfo":{"baseKey":"BduZbR8os2Vttm6t95vQXDBQBajXleGhNQn6MW272D9f","baseKeyType":1,"closed":-1,"used":1733667715191,"created":1733667715191,"remoteIdentityKey":"BQeQAlcWWArCC0/Xod1J8uESLog7q2B4iajbez4EDPA4"},"_chains":{"BbKHiyJIkooQFxbcIwwYN6/ElisnCIVkFkmpLkHiaKtt":{"chainKey":{"counter":21,"key":"dldlawBTv2sCkZ0pdVFp8lJqfG4EtqBTbBvgF0tGxg0="},"chainType":1,"messageKeys":{}}},"pendingPreKey":{"signedKeyId":0,"baseKey":"BduZbR8os2Vttm6t95vQXDBQBajXleGhNQn6MW272D9f"}}},"version":"v1"}