{"_sessions":{"Bc76NUuvZBjpPuH1dOPgIAN37a2VfHle6TKqlD1mzx4P":{"registrationId":50,"currentRatchet":{"ephemeralKeyPair":{"pubKey":"Bf48BABWZQkEjM4baHaZvtNQGtIFx7vbvvH62mtBtrB/","privKey":"mBtTtOluGyGORaSXhTSjRXI8qhGtSBwXzO3bwv2wCHM="},"lastRemoteEphemeralKey":"Bd9GBVL2yBtP4UdA6YFzt9rMRBITHGQ1DLXQANtbQck1","previousCounter":0,"rootKey":"E98c/SVMW5yHxr7D59bHkciJt9xtuAJV8XqLYzcCABo="},"indexInfo":{"baseKey":"Bc76NUuvZBjpPuH1dOPgIAN37a2VfHle6TKqlD1mzx4P","baseKeyType":1,"closed":-1,"used":1733667714764,"created":1733667714764,"remoteIdentityKey":"BZGl1nvBmCLksJ1Xl2nS7igAYY5LZviG8WtyMva8CDQC"},"_chains":{"Bf48BABWZQkEjM4baHaZvtNQGtIFx7vbvvH62mtBtrB/":{"chainKey":{"counter":9,"key":"vLUohYThrttTg0GTmMi6tkRDFF1UYkhk6eTAmrRKCB8="},"chainType":1,"messageKeys":{}}},"pendingPreKey":{"signedKeyId":1,"baseKey":"Bc76NUuvZBjpPuH1dOPgIAN37a2VfHle6TKqlD1mzx4P"}}},"version":"v1"}