{"_sessions":{"BaS5if+EUnFH1BXAVx0Jed51PPtYXKVdEX+EHPxrkNBP":{"registrationId":110,"currentRatchet":{"ephemeralKeyPair":{"pubKey":"BROOPN+rZuiQjdbPgzja5jqy2uJgjujF4IFJjbMwgJ8+","privKey":"YKSmqHf5W0AyVfvLBKYYcKgxMbTTTMF8pPRrg8CAXnQ="},"lastRemoteEphemeralKey":"Bd5eitjC0b6NLMRsbv2NB0dJwOK18mAlPox2KDPztdc9","previousCounter":0,"rootKey":"qNqiG/SpfiX/o20NTsVnhBY6jwMVHpAmkED3HC8E0NA="},"indexInfo":{"baseKey":"BaS5if+EUnFH1BXAVx0Jed51PPtYXKVdEX+EHPxrkNBP","baseKeyType":1,"closed":-1,"used":1733688130790,"created":1733688130790,"remoteIdentityKey":"Bd/2tLfrGe5Mslf7/7zyL8N+/OASH6IBeBdshWvck9sG"},"_chains":{"BROOPN+rZuiQjdbPgzja5jqy2uJgjujF4IFJjbMwgJ8+":{"chainKey":{"counter":0,"key":"1jMV9K1a3Loq2l7QkkQV9DcPSaNuYwq/LCBabIfpA9s="},"chainType":1,"messageKeys":{}}},"pendingPreKey":{"signedKeyId":1,"baseKey":"BaS5if+EUnFH1BXAVx0Jed51PPtYXKVdEX+EHPxrkNBP"}}},"version":"v1"}