{"_sessions":{"BbIvz6b+sorngmoh3z4vzIBBx1bQE/Sof5HLCX41l7FP":{"registrationId":260475292,"currentRatchet":{"ephemeralKeyPair":{"pubKey":"BeD0UVdtVOgePwspvIxF/hDQTNUhDW0UpJeNw1wZwGYy","privKey":"gMeScEn9NBHrO68OayjNEzW0zZbCnwk8q4V/mBZAHFY="},"lastRemoteEphemeralKey":"BV+VBssnj2zDJlH/jYFB/UghrtU9rFiv4oz0A8YNy2YS","previousCounter":0,"rootKey":"DF2WASUKcOxTv5zQN1kJENgFIJbXshuhGvu111Aomec="},"indexInfo":{"baseKey":"BbIvz6b+sorngmoh3z4vzIBBx1bQE/Sof5HLCX41l7FP","baseKeyType":1,"closed":-1,"used":1734011798386,"created":1734011798386,"remoteIdentityKey":"Be6hiRXWk+irIeBMgTa4TtXRKOVO8zCybeb7fr9nHkh9"},"_chains":{"BeD0UVdtVOgePwspvIxF/hDQTNUhDW0UpJeNw1wZwGYy":{"chainKey":{"counter":0,"key":"+9pI2cM0NB3yMWq+VDWS5hXIihCDHKb8+Jg3dP1xDd4="},"chainType":1,"messageKeys":{}}},"pendingPreKey":{"signedKeyId":2,"baseKey":"BbIvz6b+sorngmoh3z4vzIBBx1bQE/Sof5HLCX41l7FP"}}},"version":"v1"}