{"_sessions":{"BXh2CRJbjHm3/P6IPH/I228T0qjqf/t0Ik5EUzEQ3+Zh":{"registrationId":23,"currentRatchet":{"ephemeralKeyPair":{"pubKey":"BS1OShhYjMxGN6UFkb2bjDx5yIW64cxFbJN9MQIFdnFQ","privKey":"UOQb/ada9bIMb9yPlYOmewBt36Lrt9SbClKmnu299Uc="},"lastRemoteEphemeralKey":"BQNK2rlOLg+MP2rdRFf08S9WyONopu6POLmq8ws1G9sn","previousCounter":0,"rootKey":"uCWdbzJTm0aTTLwpe1+63t5lnjFDxdHEqiluRtaXqHs="},"indexInfo":{"baseKey":"BXh2CRJbjHm3/P6IPH/I228T0qjqf/t0Ik5EUzEQ3+Zh","baseKeyType":1,"closed":1734060947278,"used":1734052624573,"created":1734052624573,"remoteIdentityKey":"BYoDao0i4ZAJLfdVE42MXEZKd8Tc+owfVnIzB/MD7Rhn"},"_chains":{"BS1OShhYjMxGN6UFkb2bjDx5yIW64cxFbJN9MQIFdnFQ":{"chainKey":{"counter":1,"key":"Wm54hwWdUToCGTHUA/axi1sfz3qpmp8BMQMD9FiA7Nk="},"chainType":1,"messageKeys":{}}},"pendingPreKey":{"signedKeyId":1,"baseKey":"BXh2CRJbjHm3/P6IPH/I228T0qjqf/t0Ik5EUzEQ3+Zh","preKeyId":24}},"Bd0Wc7t2ZugrvP/VdfreYPMA7CloOPfo/H1vvqvkjAM6":{"registrationId":23,"currentRatchet":{"ephemeralKeyPair":{"pubKey":"BVb/99kaMeXOlN+5bJh1lpodcKBwqMckLTx/yP1jy0xM","privKey":"kG0ufGO3FSJcWGfq4hjvsk314/6XMj9au6+b1X6I8FE="},"lastRemoteEphemeralKey":"BRtNKgBFV9vpRbfZZ8VQd9g41eK1q1vgLgI4RH44kgQa","previousCounter":1,"rootKey":"yo2spq3OGj2ubEPaAdWRLeZ5Y5HUQKi7vXR21Jcgi9U="},"indexInfo":{"baseKey":"Bd0Wc7t2ZugrvP/VdfreYPMA7CloOPfo/H1vvqvkjAM6","baseKeyType":1,"closed":-1,"used":1734067383081,"created":1734060947275,"remoteIdentityKey":"BYoDao0i4ZAJLfdVE42MXEZKd8Tc+owfVnIzB/MD7Rhn"},"_chains":{"BRtNKgBFV9vpRbfZZ8VQd9g41eK1q1vgLgI4RH44kgQa":{"chainKey":{"counter":5,"key":"lXxZnDU//faJe3v1nzGF4eZS2iucTjaYmZTGJdZPJxw="},"chainType":2,"messageKeys":{"2":"Nm9/TO/CqLjqjSMNQh4SZ+0Be6haj6xtv5joP2iVepw="}},"BVb/99kaMeXOlN+5bJh1lpodcKBwqMckLTx/yP1jy0xM":{"chainKey":{"counter":0,"key":"CjPs1x3pH5TmAv9El1Od/w54qZmqzb9+VwI7Vf373dc="},"chainType":1,"messageKeys":{}}}}},"version":"v1"}