{"_sessions":{"BTc2Fm5f/2EvrljM14avwDpAVutbygyDh9l+HOBDsXIf":{"registrationId":54,"currentRatchet":{"ephemeralKeyPair":{"pubKey":"BfkCtdYo8QYFRMk0MFETAh4vh6akoyeUWcxCT4aNHMlG","privKey":"+ONPFj0GbNoGBPZacRZ3x7qgVhnORy2fQnnevCSRQWc="},"lastRemoteEphemeralKey":"BdxIEvlb8PYGAo9iJlbqlWJN7QcKxsWxYSYaK3qU5XUI","previousCounter":0,"rootKey":"nir01QgG0ObThN6UwsA9E0sPK2L4kn4igxURyEhtEh4="},"indexInfo":{"baseKey":"BTc2Fm5f/2EvrljM14avwDpAVutbygyDh9l+HOBDsXIf","baseKeyType":1,"closed":-1,"used":1733667714892,"created":1733667714892,"remoteIdentityKey":"BUljbtFWaMaRjmIHG0N3HLDjmpaXLIY8Rhe+/RJm9bdQ"},"_chains":{"BfkCtdYo8QYFRMk0MFETAh4vh6akoyeUWcxCT4aNHMlG":{"chainKey":{"counter":2,"key":"9e6kjZpy3Wra6X/4MJL77/fDlngXXiUB+2Lvrd6HpDk="},"chainType":1,"messageKeys":{}}},"pendingPreKey":{"signedKeyId":1,"baseKey":"BTc2Fm5f/2EvrljM14avwDpAVutbygyDh9l+HOBDsXIf"}}},"version":"v1"}