{"_sessions":{"BSbJMprP67uuIvc3pWcO9nsut5iQy3pOmEgs87O+MC4i":{"registrationId":2782136,"currentRatchet":{"ephemeralKeyPair":{"pubKey":"BbHGGkCKYJUCaqYawHrphSMoYZe1XYmZq1Zn0dvT/5M3","privKey":"wE6HnngkHD6YtUeQVg1IfFyCW4RfqR6vHXLsbu6O5XQ="},"lastRemoteEphemeralKey":"Baf+h5sYbTsksttbbowDn974tow16VoGRF0KsVnHHckk","previousCounter":0,"rootKey":"HIr3cp5ePXUGICFs3+OS7S6iMKRW9qUG/T/1prCJWA8="},"indexInfo":{"baseKey":"BSbJMprP67uuIvc3pWcO9nsut5iQy3pOmEgs87O+MC4i","baseKeyType":1,"closed":-1,"used":1734011798459,"created":1734011798459,"remoteIdentityKey":"BRVzdLIu1Tp07Ta8X08pJpP1wSooBRJbNNSydFh4+D8G"},"_chains":{"BbHGGkCKYJUCaqYawHrphSMoYZe1XYmZq1Zn0dvT/5M3":{"chainKey":{"counter":0,"key":"dZBcU/QP9zGaeW1c9NLNrCJ6XyB2mGXrJnTTjOHq+rU="},"chainType":1,"messageKeys":{}}},"pendingPreKey":{"signedKeyId":2,"baseKey":"BSbJMprP67uuIvc3pWcO9nsut5iQy3pOmEgs87O+MC4i","preKeyId":10594024}}},"version":"v1"}