{"_sessions":{"BTySZfr5RKoyoOU7xLi7VHBAl/mgQ/AU/fXjP0ZCocBk":{"registrationId":249748210,"currentRatchet":{"ephemeralKeyPair":{"pubKey":"BSIxKrQR729HfUlK5cI6YRTphzDlbn573+m1TpBuSINN","privKey":"gOy+Q7Q/fQcocaO8Fg2OoXPWHh+4vLaWHxY/VSpZvHg="},"lastRemoteEphemeralKey":"BTruAxOeYzND8mhiH4c4WR8g7EZHAANqX4YxNzIaBqFe","previousCounter":0,"rootKey":"i976xkrsuvR9/G3HMlXBAMLqXgMaHTgdf5t5fI836Sk="},"indexInfo":{"baseKey":"BTySZfr5RKoyoOU7xLi7VHBAl/mgQ/AU/fXjP0ZCocBk","baseKeyType":1,"closed":-1,"used":1733667714881,"created":1733667714881,"remoteIdentityKey":"BWH3nGDrKc7cmrXTsnMqRWo4cQClOmAQjN7P1Mn0IvRm"},"_chains":{"BSIxKrQR729HfUlK5cI6YRTphzDlbn573+m1TpBuSINN":{"chainKey":{"counter":21,"key":"SWQNP62huUyHX128d7gMnPOLR6t8Ae9SZwQ9zUeTA5o="},"chainType":1,"messageKeys":{}}},"pendingPreKey":{"signedKeyId":0,"baseKey":"BTySZfr5RKoyoOU7xLi7VHBAl/mgQ/AU/fXjP0ZCocBk"}}},"version":"v1"}