{"_sessions":{"BdixvAw4yHoU74dYJu/X/gkI5teV6Wc+BsGlcDERd2oj":{"registrationId":1840423784,"currentRatchet":{"ephemeralKeyPair":{"pubKey":"BbOodM6BNuBYV6WBjZL9GKveFk0kga34jZlEBJnufoRy","privKey":"wKjnMenLnk2Ze/XDONJ55/ftNb89ewfAqg51aFoeU3M="},"lastRemoteEphemeralKey":"BRVY5l1orbRmBJSg/al8qxSRfMxg5hkTDHW1ymaow01t","previousCounter":0,"rootKey":"gQcnh3+tl30/C9dt5wR+R2317Xs3poloRj0P0AK/4CE="},"indexInfo":{"baseKey":"BdixvAw4yHoU74dYJu/X/gkI5teV6Wc+BsGlcDERd2oj","baseKeyType":1,"closed":-1,"used":1733667715056,"created":1733667715056,"remoteIdentityKey":"BRg6+P8UPHuu7e3Xkn7Bkh2YIJxIIpHmeHF5Bery+rNw"},"_chains":{"BbOodM6BNuBYV6WBjZL9GKveFk0kga34jZlEBJnufoRy":{"chainKey":{"counter":21,"key":"VaBq1AVewNntCm1sH+RhK1j7sOBGLnVDNhoyMB2vP3Y="},"chainType":1,"messageKeys":{}}},"pendingPreKey":{"signedKeyId":4,"baseKey":"BdixvAw4yHoU74dYJu/X/gkI5teV6Wc+BsGlcDERd2oj","preKeyId":3609115}}},"version":"v1"}