{"_sessions":{"BaRneK3wE300pSMvhEOBVrdZtBoXb5Ik6X1h8CIhL4Nm":{"registrationId":179,"currentRatchet":{"ephemeralKeyPair":{"pubKey":"BfMW+mkpJ9XjmDX2OX6AIWfj9Bz4Gdta6JQQQAcAugIR","privKey":"yLO2DKnybsUGUMmAhRp1oX99JpHwvBwiH3kDuH6ZC2M="},"lastRemoteEphemeralKey":"BfZgrTuoH0//JgVDUUBRAyjYaUjFHpnFVilYP+qdZiEr","previousCounter":0,"rootKey":"krlXojDz1m+xJ/LT6fch9vKmZJeGZjj8FlOvBkTRu0g="},"indexInfo":{"baseKey":"BaRneK3wE300pSMvhEOBVrdZtBoXb5Ik6X1h8CIhL4Nm","baseKeyType":1,"closed":1734056423170,"used":1734056402560,"created":1734056402560,"remoteIdentityKey":"BfF9I+ECxHB5BLxrsZ8AbhVAz0ZtkNJmaWCehEpTPdQ9"},"_chains":{"BfMW+mkpJ9XjmDX2OX6AIWfj9Bz4Gdta6JQQQAcAugIR":{"chainKey":{"counter":-1,"key":"B+D3SukOFREBFNsFVwfMCrXiG6NDun4/dWJzWL6XmgU="},"chainType":1,"messageKeys":{}}},"pendingPreKey":{"signedKeyId":1,"baseKey":"BaRneK3wE300pSMvhEOBVrdZtBoXb5Ik6X1h8CIhL4Nm","preKeyId":218}},"BfjjOvp1bV67dVRdosgGVoYbw5L/T9ZVbOv0yEHGvX8f":{"registrationId":179,"currentRatchet":{"ephemeralKeyPair":{"pubKey":"BdNRFXgboP5n52UuqeD1wk151+d1ZSfCHvb8f2+3nbZe","privKey":"iH4xAbLpz7s85dQ6tEQX59Mw1zyLZW+nbk9XDne4GUQ="},"lastRemoteEphemeralKey":"BfZgrTuoH0//JgVDUUBRAyjYaUjFHpnFVilYP+qdZiEr","previousCounter":0,"rootKey":"G6KjOvQ0DxTAD7smasWx2MCJOh5M+U9utQIn44MYmw8="},"indexInfo":{"baseKey":"BfjjOvp1bV67dVRdosgGVoYbw5L/T9ZVbOv0yEHGvX8f","baseKeyType":1,"closed":1734056425538,"used":1734056423166,"created":1734056423166,"remoteIdentityKey":"BfF9I+ECxHB5BLxrsZ8AbhVAz0ZtkNJmaWCehEpTPdQ9"},"_chains":{"BdNRFXgboP5n52UuqeD1wk151+d1ZSfCHvb8f2+3nbZe":{"chainKey":{"counter":-1,"key":"s/q6X6IhsjXceGvIxeEimyNfVhKtJu9xKiiau3yqqh4="},"chainType":1,"messageKeys":{}}},"pendingPreKey":{"signedKeyId":1,"baseKey":"BfjjOvp1bV67dVRdosgGVoYbw5L/T9ZVbOv0yEHGvX8f","preKeyId":221}},"BZ8g3rzm1dwFltZLBZgLshalLz2tZ3Jbma4+/da0LAo7":{"registrationId":179,"currentRatchet":{"ephemeralKeyPair":{"pubKey":"Ba56uqs1qYNo5U3vYcoCTMrui4kiWSa5CKufJ64/nzUc","privKey":"EPe9IabyZNgWsoDzRDK/r/18AtNyS7L05zBDPlkZYVA="},"lastRemoteEphemeralKey":"BfZgrTuoH0//JgVDUUBRAyjYaUjFHpnFVilYP+qdZiEr","previousCounter":0,"rootKey":"qpXl0dnBPp+HVObyA5pqjIcvJVRuqhRfFWniURjwG9w="},"indexInfo":{"baseKey":"BZ8g3rzm1dwFltZLBZgLshalLz2tZ3Jbma4+/da0LAo7","baseKeyType":1,"closed":1734056426076,"used":1734056425534,"created":1734056425534,"remoteIdentityKey":"BfF9I+ECxHB5BLxrsZ8AbhVAz0ZtkNJmaWCehEpTPdQ9"},"_chains":{"Ba56uqs1qYNo5U3vYcoCTMrui4kiWSa5CKufJ64/nzUc":{"chainKey":{"counter":-1,"key":"du6qo/FF8CzgPde+Maf4lFZ33fuj1P0HyFxSH6ljZMs="},"chainType":1,"messageKeys":{}}},"pendingPreKey":{"signedKeyId":1,"baseKey":"BZ8g3rzm1dwFltZLBZgLshalLz2tZ3Jbma4+/da0LAo7","preKeyId":228}},"BVGBpaChwBzXDaTM+7557RFee8j0zwec50Z+Ejtx6JUi":{"registrationId":179,"currentRatchet":{"ephemeralKeyPair":{"pubKey":"BXltuUBJ/bJ54YExomnJzMkn0k9V+d1c1y3OWcx0L+tD","privKey":"+Dr1ai5J7yc8WM6Bq5c0C7g64B7UmLHXzBTK+8YPU24="},"lastRemoteEphemeralKey":"BfZgrTuoH0//JgVDUUBRAyjYaUjFHpnFVilYP+qdZiEr","previousCounter":0,"rootKey":"YOz0r+EfZ68xXp5WNSRX5WfjFubX6iYZtKdoZnhe1Fg="},"indexInfo":{"baseKey":"BVGBpaChwBzXDaTM+7557RFee8j0zwec50Z+Ejtx6JUi","baseKeyType":1,"closed":1734056426791,"used":1734056426072,"created":1734056426072,"remoteIdentityKey":"BfF9I+ECxHB5BLxrsZ8AbhVAz0ZtkNJmaWCehEpTPdQ9"},"_chains":{"BXltuUBJ/bJ54YExomnJzMkn0k9V+d1c1y3OWcx0L+tD":{"chainKey":{"counter":-1,"key":"4nVzs1JeR1mlnRmxxPZu2b85S8/h0rrrz8Uc+hduDSk="},"chainType":1,"messageKeys":{}}},"pendingPreKey":{"signedKeyId":1,"baseKey":"BVGBpaChwBzXDaTM+7557RFee8j0zwec50Z+Ejtx6JUi","preKeyId":222}},"BWLqPNuyXdYRagP3aOhz/+oaMgeoOpgHio0M/LnNiEEg":{"registrationId":179,"currentRatchet":{"ephemeralKeyPair":{"pubKey":"BZSNiuq/RIKjkVr/WpHetY5TTbt4ee/ThIxaQhxjDNgb","privKey":"KKAop2oAISew35iCG9osxIMb9AdOFtWIwjD8MFvWSGo="},"lastRemoteEphemeralKey":"BfZgrTuoH0//JgVDUUBRAyjYaUjFHpnFVilYP+qdZiEr","previousCounter":0,"rootKey":"CMVMA8ccTNcGc2UXzfwFnEJcOpSKczRA3UDfXiAeC7s="},"indexInfo":{"baseKey":"BWLqPNuyXdYRagP3aOhz/+oaMgeoOpgHio0M/LnNiEEg","baseKeyType":1,"closed":1734056436284,"used":1734056426788,"created":1734056426788,"remoteIdentityKey":"BfF9I+ECxHB5BLxrsZ8AbhVAz0ZtkNJmaWCehEpTPdQ9"},"_chains":{"BZSNiuq/RIKjkVr/WpHetY5TTbt4ee/ThIxaQhxjDNgb":{"chainKey":{"counter":-1,"key":"tgVSM6M2ZvHFtcQ1Tg3Z9j5CHNs8WKEpLPnLFuyRqEc="},"chainType":1,"messageKeys":{}}},"pendingPreKey":{"signedKeyId":1,"baseKey":"BWLqPNuyXdYRagP3aOhz/+oaMgeoOpgHio0M/LnNiEEg","preKeyId":243}},"BSs0FqkGPQoYylSVRfe1X343kxJL9fDpKsTJl3/7pDwf":{"registrationId":179,"currentRatchet":{"ephemeralKeyPair":{"pubKey":"BXzHRAQz6TiSip7SwggWhcqfy526oBDl5YA6vjAmlfpi","privKey":"IIThO/HT7QoPwNf8Khg9sc0Uki7LrCV3UCzJOfjVWF0="},"lastRemoteEphemeralKey":"BfZgrTuoH0//JgVDUUBRAyjYaUjFHpnFVilYP+qdZiEr","previousCounter":0,"rootKey":"stk7TdzVyC5qFdyWWW5VIJhRaz9/DnmPKmPjgKws+D0="},"indexInfo":{"baseKey":"BSs0FqkGPQoYylSVRfe1X343kxJL9fDpKsTJl3/7pDwf","baseKeyType":1,"closed":1734056436816,"used":1734056436277,"created":1734056436277,"remoteIdentityKey":"BfF9I+ECxHB5BLxrsZ8AbhVAz0ZtkNJmaWCehEpTPdQ9"},"_chains":{"BXzHRAQz6TiSip7SwggWhcqfy526oBDl5YA6vjAmlfpi":{"chainKey":{"counter":-1,"key":"XAdqsSGZRqnFypSnZer/3gVAarb5ly1qrtZIzO2LxtI="},"chainType":1,"messageKeys":{}}},"pendingPreKey":{"signedKeyId":1,"baseKey":"BSs0FqkGPQoYylSVRfe1X343kxJL9fDpKsTJl3/7pDwf","preKeyId":230}},"BeSSFnSpefFRSsl509zn4ro4oqrJ3KK1PSPFYuV95TRh":{"registrationId":179,"currentRatchet":{"ephemeralKeyPair":{"pubKey":"BbCxBFxwvQq6mz7nEJgQ5on5chdpM0VvX4+QD+c+v4xJ","privKey":"+FdcDpIllz+36HxhtKsVQ+zG3HXGxxZ5sobglv5IuGw="},"lastRemoteEphemeralKey":"BfZgrTuoH0//JgVDUUBRAyjYaUjFHpnFVilYP+qdZiEr","previousCounter":0,"rootKey":"1dIEYcefvyYSjIqRuyycQqAQDIjhQ6idrFUticqNJqM="},"indexInfo":{"baseKey":"BeSSFnSpefFRSsl509zn4ro4oqrJ3KK1PSPFYuV95TRh","baseKeyType":1,"closed":1734056437483,"used":1734056436814,"created":1734056436814,"remoteIdentityKey":"BfF9I+ECxHB5BLxrsZ8AbhVAz0ZtkNJmaWCehEpTPdQ9"},"_chains":{"BbCxBFxwvQq6mz7nEJgQ5on5chdpM0VvX4+QD+c+v4xJ":{"chainKey":{"counter":-1,"key":"MUvKEb7T/jXiTN/cnN2CIpPyBbdsMOcPIqKgKtUYItI="},"chainType":1,"messageKeys":{}}},"pendingPreKey":{"signedKeyId":1,"baseKey":"BeSSFnSpefFRSsl509zn4ro4oqrJ3KK1PSPFYuV95TRh","preKeyId":227}},"Ba4TfUJHIsjoQkvYwmexbyNQqyEAUITLTO5DXKfrQUli":{"registrationId":179,"currentRatchet":{"ephemeralKeyPair":{"pubKey":"BdcNYy26YYkeQsmvzPrSN0Rhxq+82H6HKz777O8gyj1w","privKey":"KOrtyfpj4cNGDhp7oSSvw0LqR5/TQzjhdQdD0Ztoklc="},"lastRemoteEphemeralKey":"BfZgrTuoH0//JgVDUUBRAyjYaUjFHpnFVilYP+qdZiEr","previousCounter":0,"rootKey":"hdvCbhaHTFc1Rju9pEaqlf0hyVS9lz2tCqu5+2kdSqc="},"indexInfo":{"baseKey":"Ba4TfUJHIsjoQkvYwmexbyNQqyEAUITLTO5DXKfrQUli","baseKeyType":1,"closed":1734056441447,"used":1734056437479,"created":1734056437479,"remoteIdentityKey":"BfF9I+ECxHB5BLxrsZ8AbhVAz0ZtkNJmaWCehEpTPdQ9"},"_chains":{"BdcNYy26YYkeQsmvzPrSN0Rhxq+82H6HKz777O8gyj1w":{"chainKey":{"counter":-1,"key":"4tgve5vYtAqy1j+xBv3HoroT1FMh6sZv9OE6n8xH+dQ="},"chainType":1,"messageKeys":{}}},"pendingPreKey":{"signedKeyId":1,"baseKey":"Ba4TfUJHIsjoQkvYwmexbyNQqyEAUITLTO5DXKfrQUli","preKeyId":232}},"BaBEucW/z5OAXExeJrBV74Wdv5AhkxdeQYXcwuHYQ4x5":{"registrationId":179,"currentRatchet":{"ephemeralKeyPair":{"pubKey":"BUw1/2N7zXnklHfNbuAqXqv2cf9ese6LZj6V1yVcuA4j","privKey":"UOt3GcCOIRiowEf8TesGUrUJUPCED7wGxLWEMBeQW1M="},"lastRemoteEphemeralKey":"BfZgrTuoH0//JgVDUUBRAyjYaUjFHpnFVilYP+qdZiEr","previousCounter":0,"rootKey":"kyZrmC/x6AAg95DUSHtfckVWTG/fSINenTHDZOckB7U="},"indexInfo":{"baseKey":"BaBEucW/z5OAXExeJrBV74Wdv5AhkxdeQYXcwuHYQ4x5","baseKeyType":1,"closed":1734056442031,"used":1734056441443,"created":1734056441443,"remoteIdentityKey":"BfF9I+ECxHB5BLxrsZ8AbhVAz0ZtkNJmaWCehEpTPdQ9"},"_chains":{"BUw1/2N7zXnklHfNbuAqXqv2cf9ese6LZj6V1yVcuA4j":{"chainKey":{"counter":-1,"key":"PC0D6c4+MunDXD+5MMDyXqW9sVeziA3DRFD51sDK5Z0="},"chainType":1,"messageKeys":{}}},"pendingPreKey":{"signedKeyId":1,"baseKey":"BaBEucW/z5OAXExeJrBV74Wdv5AhkxdeQYXcwuHYQ4x5","preKeyId":231}},"BTIVL19bvSKuy3k1OglDT0gkP7f634rxVkQjtAdIU6wm":{"registrationId":179,"currentRatchet":{"ephemeralKeyPair":{"pubKey":"BfBYb7wZy2rdhhTlOHDbVe1PCs9mA0TfE1wtfmK6s5No","privKey":"aM38/6YuQKphRSOYbv7fPrs+Mb1NRh8GAwbdgH0yT0A="},"lastRemoteEphemeralKey":"BfZgrTuoH0//JgVDUUBRAyjYaUjFHpnFVilYP+qdZiEr","previousCounter":0,"rootKey":"p3M97NPtrJBzpJdWOerqlJ2InWMFUERzxBDbZkAHI/M="},"indexInfo":{"baseKey":"BTIVL19bvSKuy3k1OglDT0gkP7f634rxVkQjtAdIU6wm","baseKeyType":1,"closed":1734056443179,"used":1734056441983,"created":1734056441983,"remoteIdentityKey":"BfF9I+ECxHB5BLxrsZ8AbhVAz0ZtkNJmaWCehEpTPdQ9"},"_chains":{"BfBYb7wZy2rdhhTlOHDbVe1PCs9mA0TfE1wtfmK6s5No":{"chainKey":{"counter":-1,"key":"ZAkk3oRgO2OeRJWH5i/y1RMIT1cGkbDZ0WVpmbGBqbE="},"chainType":1,"messageKeys":{}}},"pendingPreKey":{"signedKeyId":1,"baseKey":"BTIVL19bvSKuy3k1OglDT0gkP7f634rxVkQjtAdIU6wm","preKeyId":242}},"BQauWJG81uqq9/Cbnt89XEeElyXyLaPS5uiCeih/sDcx":{"registrationId":179,"currentRatchet":{"ephemeralKeyPair":{"pubKey":"BYkYr65PKAvX614p7bPYjfmzSvmU1E2pMDj1L27Q2Pdq","privKey":"4B5JxUgB0mzxUbilQLtVPar84ztmOOFaSRvflo8Bdkg="},"lastRemoteEphemeralKey":"BfZgrTuoH0//JgVDUUBRAyjYaUjFHpnFVilYP+qdZiEr","previousCounter":0,"rootKey":"kmoWy6lb1GtOsa122JzXxq4006cTeKhpeYEhYC9/VVU="},"indexInfo":{"baseKey":"BQauWJG81uqq9/Cbnt89XEeElyXyLaPS5uiCeih/sDcx","baseKeyType":1,"closed":1734056444062,"used":1734056443175,"created":1734056443175,"remoteIdentityKey":"BfF9I+ECxHB5BLxrsZ8AbhVAz0ZtkNJmaWCehEpTPdQ9"},"_chains":{"BYkYr65PKAvX614p7bPYjfmzSvmU1E2pMDj1L27Q2Pdq":{"chainKey":{"counter":-1,"key":"vh8OIaaq9LyxnDGlg8HNd9qSA5g6Yc+e1VfjMOamiGk="},"chainType":1,"messageKeys":{}}},"pendingPreKey":{"signedKeyId":1,"baseKey":"BQauWJG81uqq9/Cbnt89XEeElyXyLaPS5uiCeih/sDcx","preKeyId":233}},"BSTKl53jTDbnRfmJldLHABBQ10Ol6p54uBSEle8xezgj":{"registrationId":179,"currentRatchet":{"ephemeralKeyPair":{"pubKey":"BePNVqaDdrCySCBZmX2pq8ZkhI4FP1oE16fVGqK9x+gw","privKey":"WEgVkxbCXydYygtVXKVuRtuEMvMeZzesNHjqhwuhqGo="},"lastRemoteEphemeralKey":"BfZgrTuoH0//JgVDUUBRAyjYaUjFHpnFVilYP+qdZiEr","previousCounter":0,"rootKey":"MzVs+vSRlp/az1ZM1XH1t/bkQ9BMGZ++ePwHt2KJH4U="},"indexInfo":{"baseKey":"BSTKl53jTDbnRfmJldLHABBQ10Ol6p54uBSEle8xezgj","baseKeyType":1,"closed":1734056455386,"used":1734056444055,"created":1734056444055,"remoteIdentityKey":"BfF9I+ECxHB5BLxrsZ8AbhVAz0ZtkNJmaWCehEpTPdQ9"},"_chains":{"BePNVqaDdrCySCBZmX2pq8ZkhI4FP1oE16fVGqK9x+gw":{"chainKey":{"counter":-1,"key":"EjJA0zxykXP2orzHhRle677Ehk/uudS70z0Z9K7Pf8A="},"chainType":1,"messageKeys":{}}},"pendingPreKey":{"signedKeyId":1,"baseKey":"BSTKl53jTDbnRfmJldLHABBQ10Ol6p54uBSEle8xezgj"}},"Ba6iQzrz1PjRMOkJF6gTnSzLV3kA7hKXFuKIqVZDxsYM":{"registrationId":179,"currentRatchet":{"ephemeralKeyPair":{"pubKey":"BcQ8eID/XOtvEGphDIEfi3dQqhx2YnXnfXA7+inoltUE","privKey":"UA6EfZ6lnRXMH+dsonNSwbIJJkaXaCf5kspuFFvNRV4="},"lastRemoteEphemeralKey":"BfZgrTuoH0//JgVDUUBRAyjYaUjFHpnFVilYP+qdZiEr","previousCounter":0,"rootKey":"KDcqxmJP1HUHAsp+952YQjhv82rsd3teu3fj3RTPCaI="},"indexInfo":{"baseKey":"Ba6iQzrz1PjRMOkJF6gTnSzLV3kA7hKXFuKIqVZDxsYM","baseKeyType":1,"closed":1734056473582,"used":1734056455381,"created":1734056455381,"remoteIdentityKey":"BfF9I+ECxHB5BLxrsZ8AbhVAz0ZtkNJmaWCehEpTPdQ9"},"_chains":{"BcQ8eID/XOtvEGphDIEfi3dQqhx2YnXnfXA7+inoltUE":{"chainKey":{"counter":-1,"key":"phq8R6SaXV920SuzGYK77AUHRoikq5BTdPl1zKqdfXo="},"chainType":1,"messageKeys":{}}},"pendingPreKey":{"signedKeyId":1,"baseKey":"Ba6iQzrz1PjRMOkJF6gTnSzLV3kA7hKXFuKIqVZDxsYM"}},"BX4ngP3WpXvlylK1PObVy2nAZfg6CjdnekgkLs6xuRtw":{"registrationId":179,"currentRatchet":{"ephemeralKeyPair":{"pubKey":"BTbXnh5qJKvffUmJJ5N9veWS5tSgInSZDPFmD5xiDKZH","privKey":"IOcOI/ZeP6+59SsAmBCHiOdKo477AFCL2fLDKOzmsm8="},"lastRemoteEphemeralKey":"BfZgrTuoH0//JgVDUUBRAyjYaUjFHpnFVilYP+qdZiEr","previousCounter":0,"rootKey":"T5nI0KWC+m0uV/9ydGnivh+CwZUAZfMuWvWCDyMuZT4="},"indexInfo":{"baseKey":"BX4ngP3WpXvlylK1PObVy2nAZfg6CjdnekgkLs6xuRtw","baseKeyType":1,"closed":1734056474166,"used":1734056473571,"created":1734056473571,"remoteIdentityKey":"BfF9I+ECxHB5BLxrsZ8AbhVAz0ZtkNJmaWCehEpTPdQ9"},"_chains":{"BTbXnh5qJKvffUmJJ5N9veWS5tSgInSZDPFmD5xiDKZH":{"chainKey":{"counter":-1,"key":"QD38qhxqP7z4bnwxAxwYzCxrdTLQvSTH/tmu+Kj0SEA="},"chainType":1,"messageKeys":{}}},"pendingPreKey":{"signedKeyId":1,"baseKey":"BX4ngP3WpXvlylK1PObVy2nAZfg6CjdnekgkLs6xuRtw"}},"BfMP+oKVxx38O/XsCkrHbZlXpbzOHiKFL2fhBmk3zBcW":{"registrationId":179,"currentRatchet":{"ephemeralKeyPair":{"pubKey":"BSAreB71y73Ub/jeBeT+jm85LzdYRQr5za2NJ5bUPItf","privKey":"kJ4FtsMtVUdMm/45Jhls/fYIWj77yspeAOxKQE7giV8="},"lastRemoteEphemeralKey":"BfZgrTuoH0//JgVDUUBRAyjYaUjFHpnFVilYP+qdZiEr","previousCounter":0,"rootKey":"Wc65GsjO8u3CgCrgXujJj3tHR7UBCNyyI92iJWr2ER8="},"indexInfo":{"baseKey":"BfMP+oKVxx38O/XsCkrHbZlXpbzOHiKFL2fhBmk3zBcW","baseKeyType":1,"closed":1734056496866,"used":1734056474157,"created":1734056474157,"remoteIdentityKey":"BfF9I+ECxHB5BLxrsZ8AbhVAz0ZtkNJmaWCehEpTPdQ9"},"_chains":{"BSAreB71y73Ub/jeBeT+jm85LzdYRQr5za2NJ5bUPItf":{"chainKey":{"counter":-1,"key":"75rGUbPWQHBXkWBECSR7R8p8+hzDF1Wmdzgt6xhkoro="},"chainType":1,"messageKeys":{}}},"pendingPreKey":{"signedKeyId":1,"baseKey":"BfMP+oKVxx38O/XsCkrHbZlXpbzOHiKFL2fhBmk3zBcW"}},"BR6FCRsp00dx6R9Ek0/CLTgdbQBQrutRrUH8hFl9Y+gp":{"registrationId":179,"currentRatchet":{"ephemeralKeyPair":{"pubKey":"BYW2lbV4LRqp1ahmfKKC5Yo42f2sOY//dZPKUKaZOzxr","privKey":"mFJJ95Gt7WR5DqlrWBL99tInvpFmzIqXNTN4X0VsCl0="},"lastRemoteEphemeralKey":"BfZgrTuoH0//JgVDUUBRAyjYaUjFHpnFVilYP+qdZiEr","previousCounter":0,"rootKey":"s7zUMyvlcWFVmUl4HeBLYBFFh4jA649Thqlkich7qjg="},"indexInfo":{"baseKey":"BR6FCRsp00dx6R9Ek0/CLTgdbQBQrutRrUH8hFl9Y+gp","baseKeyType":1,"closed":1734056497379,"used":1734056496862,"created":1734056496862,"remoteIdentityKey":"BfF9I+ECxHB5BLxrsZ8AbhVAz0ZtkNJmaWCehEpTPdQ9"},"_chains":{"BYW2lbV4LRqp1ahmfKKC5Yo42f2sOY//dZPKUKaZOzxr":{"chainKey":{"counter":-1,"key":"PuEJSjd4st4SWcf+WDJP7PIH68mskJfkBi/jwXi0QMU="},"chainType":1,"messageKeys":{}}},"pendingPreKey":{"signedKeyId":1,"baseKey":"BR6FCRsp00dx6R9Ek0/CLTgdbQBQrutRrUH8hFl9Y+gp"}},"BR+p+RaJvSVFFBHP7nr2vm+11uGYaXqH68eloM5NmEpW":{"registrationId":179,"currentRatchet":{"ephemeralKeyPair":{"pubKey":"BeYwfSLFsWblGjESbWm2gJfkI8jrd/Q2pdSykd4d+aZW","privKey":"iPB0KKddQX5PyYWzoF7FNwOPLKFxR/ZHh/oklYx0IGk="},"lastRemoteEphemeralKey":"BfZgrTuoH0//JgVDUUBRAyjYaUjFHpnFVilYP+qdZiEr","previousCounter":0,"rootKey":"XOE/nuiA0BtiTrGKek6W6U7rBSjWHhBFUMtAPo/OTrw="},"indexInfo":{"baseKey":"BR+p+RaJvSVFFBHP7nr2vm+11uGYaXqH68eloM5NmEpW","baseKeyType":1,"closed":1734056500179,"used":1734056497373,"created":1734056497373,"remoteIdentityKey":"BfF9I+ECxHB5BLxrsZ8AbhVAz0ZtkNJmaWCehEpTPdQ9"},"_chains":{"BeYwfSLFsWblGjESbWm2gJfkI8jrd/Q2pdSykd4d+aZW":{"chainKey":{"counter":-1,"key":"ZZ8w/+0tGGrJWM/4K2Zef+HCiBw4/08/3C7Y678fEt8="},"chainType":1,"messageKeys":{}}},"pendingPreKey":{"signedKeyId":1,"baseKey":"BR+p+RaJvSVFFBHP7nr2vm+11uGYaXqH68eloM5NmEpW"}},"Be/8R4thfDTFw/xt8uc/GqPDM+4ttRhnQSbe8r6s3ZUJ":{"registrationId":179,"currentRatchet":{"ephemeralKeyPair":{"pubKey":"BUiJMRatyuwjHrgrC7/3MX0eSiu6Tn5WPs5m5PzTgwtX","privKey":"2NLE4nDaH4EE0SWNxNG1a6AtE92tRpNY9H0AyOwr72U="},"lastRemoteEphemeralKey":"BfZgrTuoH0//JgVDUUBRAyjYaUjFHpnFVilYP+qdZiEr","previousCounter":0,"rootKey":"iQ8j/Ym8HbFD86MNlGUU23AlDvTFXM0nHICXibBNI+w="},"indexInfo":{"baseKey":"Be/8R4thfDTFw/xt8uc/GqPDM+4ttRhnQSbe8r6s3ZUJ","baseKeyType":1,"closed":1734056501188,"used":1734056500174,"created":1734056500174,"remoteIdentityKey":"BfF9I+ECxHB5BLxrsZ8AbhVAz0ZtkNJmaWCehEpTPdQ9"},"_chains":{"BUiJMRatyuwjHrgrC7/3MX0eSiu6Tn5WPs5m5PzTgwtX":{"chainKey":{"counter":-1,"key":"XO8utg/L52VRDtS1Z6IcNI7L4tOOmMFjiWfcXgqB6ZQ="},"chainType":1,"messageKeys":{}}},"pendingPreKey":{"signedKeyId":1,"baseKey":"Be/8R4thfDTFw/xt8uc/GqPDM+4ttRhnQSbe8r6s3ZUJ"}},"BSMQrllPr6IosHzpZG8kWytWvICGMZy0hamFbGRmgyNA":{"registrationId":179,"currentRatchet":{"ephemeralKeyPair":{"pubKey":"BZesksUqDXLNfVjl+NTS+B9M6hTkbwjdQD6IT9xC47tR","privKey":"0AQeXkoe02z/RNqE3dvtaLl7uwwJaHSRBYjQOYRqGlI="},"lastRemoteEphemeralKey":"BfZgrTuoH0//JgVDUUBRAyjYaUjFHpnFVilYP+qdZiEr","previousCounter":0,"rootKey":"yW0jyBkWn424lTqADXFnB8l/ufwUxTz50HUaYKzHiAo="},"indexInfo":{"baseKey":"BSMQrllPr6IosHzpZG8kWytWvICGMZy0hamFbGRmgyNA","baseKeyType":1,"closed":1734056513504,"used":1734056501183,"created":1734056501183,"remoteIdentityKey":"BfF9I+ECxHB5BLxrsZ8AbhVAz0ZtkNJmaWCehEpTPdQ9"},"_chains":{"BZesksUqDXLNfVjl+NTS+B9M6hTkbwjdQD6IT9xC47tR":{"chainKey":{"counter":-1,"key":"btM50HtjkOhEkHukvOVuJHifPky5Qz1KN5fR9JGE3zw="},"chainType":1,"messageKeys":{}}},"pendingPreKey":{"signedKeyId":1,"baseKey":"BSMQrllPr6IosHzpZG8kWytWvICGMZy0hamFbGRmgyNA"}},"Bcdil25k9LavFSpw0RQP4123xdv0dPzsGrAM1owRatR3":{"registrationId":179,"currentRatchet":{"ephemeralKeyPair":{"pubKey":"BSPes9edQL4JEICCZgxqUdFijHubTCMKIlQScHQCveZH","privKey":"sBN5ZtPfEHBkkbS9UrIG6HSRL8uwxKOBQie0SRk5bEM="},"lastRemoteEphemeralKey":"BfZgrTuoH0//JgVDUUBRAyjYaUjFHpnFVilYP+qdZiEr","previousCounter":0,"rootKey":"QkEqoEQ0m/5OsI5ibWvZxBwoPgMPLEKYTBqc7MVb1KM="},"indexInfo":{"baseKey":"Bcdil25k9LavFSpw0RQP4123xdv0dPzsGrAM1owRatR3","baseKeyType":1,"closed":1734056516025,"used":1734056513498,"created":1734056513498,"remoteIdentityKey":"BfF9I+ECxHB5BLxrsZ8AbhVAz0ZtkNJmaWCehEpTPdQ9"},"_chains":{"BSPes9edQL4JEICCZgxqUdFijHubTCMKIlQScHQCveZH":{"chainKey":{"counter":-1,"key":"Ao9/N00rmLkB/mn3OaZWK/evbVRKe/R9HDfMKYvr7B8="},"chainType":1,"messageKeys":{}}},"pendingPreKey":{"signedKeyId":1,"baseKey":"Bcdil25k9LavFSpw0RQP4123xdv0dPzsGrAM1owRatR3"}},"BRoUBrrMqemD0swZAIBNAKNuaTquDBOzaUuxsYjzA0Ui":{"registrationId":179,"currentRatchet":{"ephemeralKeyPair":{"pubKey":"Be+xH1l3HkUIY7XMkiQu9TSwSyDuJC5Se0AVDCrxCI5h","privKey":"qFYdRnwQfYNDtBsp+GHAm7bvQx5rnOgyLE5P1mhPdW8="},"lastRemoteEphemeralKey":"BfZgrTuoH0//JgVDUUBRAyjYaUjFHpnFVilYP+qdZiEr","previousCounter":0,"rootKey":"ig1peX0q5wboqPNWDkpFfoWbVJE3TDljTzKN7FutDLY="},"indexInfo":{"baseKey":"BRoUBrrMqemD0swZAIBNAKNuaTquDBOzaUuxsYjzA0Ui","baseKeyType":1,"closed":1734056519594,"used":1734056516021,"created":1734056516021,"remoteIdentityKey":"BfF9I+ECxHB5BLxrsZ8AbhVAz0ZtkNJmaWCehEpTPdQ9"},"_chains":{"Be+xH1l3HkUIY7XMkiQu9TSwSyDuJC5Se0AVDCrxCI5h":{"chainKey":{"counter":-1,"key":"RCVvKqNO7Nl3bXayPK69TIWXEzZaQZ/KBxnOkyn/Z8Q="},"chainType":1,"messageKeys":{}}},"pendingPreKey":{"signedKeyId":1,"baseKey":"BRoUBrrMqemD0swZAIBNAKNuaTquDBOzaUuxsYjzA0Ui"}},"BWsaQSUpGaOd9xyfD2nMzcRgFT3Wi0phQlwxNaErnsFe":{"registrationId":179,"currentRatchet":{"ephemeralKeyPair":{"pubKey":"Bbw11DKrmn0e1b9JROc/SlS2F5u42aBVOyzeGZcEruoI","privKey":"oAEOHrh/MehBshOdAir52RHHw6nvnOIKUP3nMELqA2k="},"lastRemoteEphemeralKey":"BfZgrTuoH0//JgVDUUBRAyjYaUjFHpnFVilYP+qdZiEr","previousCounter":0,"rootKey":"xgmFnpIF963hgmJfJDfJJUTfUR1A0mHPUf4vTBXFx2c="},"indexInfo":{"baseKey":"BWsaQSUpGaOd9xyfD2nMzcRgFT3Wi0phQlwxNaErnsFe","baseKeyType":1,"closed":1734056524940,"used":1734056519588,"created":1734056519588,"remoteIdentityKey":"BfF9I+ECxHB5BLxrsZ8AbhVAz0ZtkNJmaWCehEpTPdQ9"},"_chains":{"Bbw11DKrmn0e1b9JROc/SlS2F5u42aBVOyzeGZcEruoI":{"chainKey":{"counter":-1,"key":"xBBKOYT+MsnMDECeokmRVvVQ+BrgCUbmbJvSxUNEEso="},"chainType":1,"messageKeys":{}}},"pendingPreKey":{"signedKeyId":1,"baseKey":"BWsaQSUpGaOd9xyfD2nMzcRgFT3Wi0phQlwxNaErnsFe"}},"BVKx4n9YR95HDnXmED714FayZHnHTSVIOR4ApIZTfEMn":{"registrationId":179,"currentRatchet":{"ephemeralKeyPair":{"pubKey":"BWjQvrCHbLyKQg+i3cjKVtm1Ny5WeTWqa/hn3l6Zfuky","privKey":"IBu7zs9AmKyfzF3Ha2LkEqpeGMHYFdogKQo7Q2yUYVc="},"lastRemoteEphemeralKey":"BfZgrTuoH0//JgVDUUBRAyjYaUjFHpnFVilYP+qdZiEr","previousCounter":0,"rootKey":"2Iu3EGjtj59aTti6tnd/eBUo62gzHCMXS3QkFBjj14Y="},"indexInfo":{"baseKey":"BVKx4n9YR95HDnXmED714FayZHnHTSVIOR4ApIZTfEMn","baseKeyType":1,"closed":1734056528766,"used":1734056524892,"created":1734056524892,"remoteIdentityKey":"BfF9I+ECxHB5BLxrsZ8AbhVAz0ZtkNJmaWCehEpTPdQ9"},"_chains":{"BWjQvrCHbLyKQg+i3cjKVtm1Ny5WeTWqa/hn3l6Zfuky":{"chainKey":{"counter":-1,"key":"LyWDWrfQ5HVuKHr1JWnR3YvAoICtnI/o2nop1ejsNxU="},"chainType":1,"messageKeys":{}}},"pendingPreKey":{"signedKeyId":1,"baseKey":"BVKx4n9YR95HDnXmED714FayZHnHTSVIOR4ApIZTfEMn"}},"BYP0aImakOnreKQSnHVTtQvi/YEtqeDNoB2dRSZiVJha":{"registrationId":179,"currentRatchet":{"ephemeralKeyPair":{"pubKey":"BXV+JKvEHrD2p3/L2dK7vN4cP/SGPdKgOoLP3qHkcMt1","privKey":"AEifkObQwUemiyvPX6GXxa11IRDs+QSDBVDlC0OkM3M="},"lastRemoteEphemeralKey":"BfZgrTuoH0//JgVDUUBRAyjYaUjFHpnFVilYP+qdZiEr","previousCounter":0,"rootKey":"+ElIZcQzWOOz4LFv7OPdi+r7dYPxlItBTs/Wa9bnnKo="},"indexInfo":{"baseKey":"BYP0aImakOnreKQSnHVTtQvi/YEtqeDNoB2dRSZiVJha","baseKeyType":1,"closed":1734056530831,"used":1734056528761,"created":1734056528761,"remoteIdentityKey":"BfF9I+ECxHB5BLxrsZ8AbhVAz0ZtkNJmaWCehEpTPdQ9"},"_chains":{"BXV+JKvEHrD2p3/L2dK7vN4cP/SGPdKgOoLP3qHkcMt1":{"chainKey":{"counter":-1,"key":"i1Oka6JDuaWQUaEB9xqwiRW06gduG/RoB4v3aKVgDD0="},"chainType":1,"messageKeys":{}}},"pendingPreKey":{"signedKeyId":1,"baseKey":"BYP0aImakOnreKQSnHVTtQvi/YEtqeDNoB2dRSZiVJha"}},"Ba/CMctoSCoYsGT4aBa/bJ1txBnw4hElESFp3nD5nhtc":{"registrationId":179,"currentRatchet":{"ephemeralKeyPair":{"pubKey":"BVRX1HgH+1FCZUJhZfFAoILKm2YP0Pg1SA8pDHe6fvpw","privKey":"cGvYU2dg0PXFP4IGyRyGWHIbNUMGMXbj+NqpSCQB53w="},"lastRemoteEphemeralKey":"BfZgrTuoH0//JgVDUUBRAyjYaUjFHpnFVilYP+qdZiEr","previousCounter":0,"rootKey":"z6hwo6Fg8Pcghvyf1LboEF+ie42pcTS40fAvvsOM33s="},"indexInfo":{"baseKey":"Ba/CMctoSCoYsGT4aBa/bJ1txBnw4hElESFp3nD5nhtc","baseKeyType":1,"closed":1734056531254,"used":1734056530783,"created":1734056530783,"remoteIdentityKey":"BfF9I+ECxHB5BLxrsZ8AbhVAz0ZtkNJmaWCehEpTPdQ9"},"_chains":{"BVRX1HgH+1FCZUJhZfFAoILKm2YP0Pg1SA8pDHe6fvpw":{"chainKey":{"counter":-1,"key":"p4lGdoztWOnfQBZKD/L3IMVzRTBh2NjZL4YpISKpKic="},"chainType":1,"messageKeys":{}}},"pendingPreKey":{"signedKeyId":1,"baseKey":"Ba/CMctoSCoYsGT4aBa/bJ1txBnw4hElESFp3nD5nhtc"}},"BY4RSh24L1kcHTjXrOZGm3/C9oWvitpWHsDwXS7FAadu":{"registrationId":179,"currentRatchet":{"ephemeralKeyPair":{"pubKey":"BU2piZQuC1KFNKMlSRIfB7fGqLdLMeuBMkBTaVe4w9F0","privKey":"QORMc5VGDdRMxrq03d4Rnzlr3huVFu8/Z00i6iznNFM="},"lastRemoteEphemeralKey":"BfZgrTuoH0//JgVDUUBRAyjYaUjFHpnFVilYP+qdZiEr","previousCounter":0,"rootKey":"2qddaNiMYnesNxl+NBOt6WLZnFjVmLh/gIBX79ukMJ4="},"indexInfo":{"baseKey":"BY4RSh24L1kcHTjXrOZGm3/C9oWvitpWHsDwXS7FAadu","baseKeyType":1,"closed":1734056532662,"used":1734056531250,"created":1734056531250,"remoteIdentityKey":"BfF9I+ECxHB5BLxrsZ8AbhVAz0ZtkNJmaWCehEpTPdQ9"},"_chains":{"BU2piZQuC1KFNKMlSRIfB7fGqLdLMeuBMkBTaVe4w9F0":{"chainKey":{"counter":-1,"key":"eZm6V1Bl9KBG4HdIzI7v7wbyOVjFHb6+KccnDSbB00o="},"chainType":1,"messageKeys":{}}},"pendingPreKey":{"signedKeyId":1,"baseKey":"BY4RSh24L1kcHTjXrOZGm3/C9oWvitpWHsDwXS7FAadu"}},"BWkgA+wyfUI3J02pcDy37PnIDZPBDem0rYJAO8ESJeRC":{"registrationId":179,"currentRatchet":{"ephemeralKeyPair":{"pubKey":"BeITYNPaYaso4TtahH4EZmZ1KP/7JR0amJXshj5OzTxP","privKey":"oAd32o2n0FQVYRMm51Y3ejlIjuT8+gRBCErtS8DqKWU="},"lastRemoteEphemeralKey":"BfZgrTuoH0//JgVDUUBRAyjYaUjFHpnFVilYP+qdZiEr","previousCounter":0,"rootKey":"R/3vQd+k7SZ2MzpbxRA2YkL82lLb2hXzgpKcy7kZ6b4="},"indexInfo":{"baseKey":"BWkgA+wyfUI3J02pcDy37PnIDZPBDem0rYJAO8ESJeRC","baseKeyType":1,"closed":1734056533071,"used":1734056532657,"created":1734056532657,"remoteIdentityKey":"BfF9I+ECxHB5BLxrsZ8AbhVAz0ZtkNJmaWCehEpTPdQ9"},"_chains":{"BeITYNPaYaso4TtahH4EZmZ1KP/7JR0amJXshj5OzTxP":{"chainKey":{"counter":-1,"key":"tF1km6tku3wc9GY7g8+NF7b1JggOwJ0TdnlSFI9JBDM="},"chainType":1,"messageKeys":{}}},"pendingPreKey":{"signedKeyId":1,"baseKey":"BWkgA+wyfUI3J02pcDy37PnIDZPBDem0rYJAO8ESJeRC"}},"BVJwfpLK715MTqx79wG1fmOoXrR3fzEJHwsfhwY6UhRo":{"registrationId":179,"currentRatchet":{"ephemeralKeyPair":{"pubKey":"BcEj4SVfbmXa6TRTtxgGlgwOMJe4ubx/kUEr6/mlb7Bn","privKey":"eO6xWAvVkowez+IJI1v5yxySudYExPxVVm5esf/VVns="},"lastRemoteEphemeralKey":"BfZgrTuoH0//JgVDUUBRAyjYaUjFHpnFVilYP+qdZiEr","previousCounter":0,"rootKey":"+1tvy2kLlGvC6UMEoi80OeO7bdkjW2HwqjfgsFPOVW0="},"indexInfo":{"baseKey":"BVJwfpLK715MTqx79wG1fmOoXrR3fzEJHwsfhwY6UhRo","baseKeyType":1,"closed":1734056533481,"used":1734056533068,"created":1734056533068,"remoteIdentityKey":"BfF9I+ECxHB5BLxrsZ8AbhVAz0ZtkNJmaWCehEpTPdQ9"},"_chains":{"BcEj4SVfbmXa6TRTtxgGlgwOMJe4ubx/kUEr6/mlb7Bn":{"chainKey":{"counter":-1,"key":"klrUf5KHZHA6eL0GiyTUPESquG5PY3rWCSz2bhFG/WQ="},"chainType":1,"messageKeys":{}}},"pendingPreKey":{"signedKeyId":1,"baseKey":"BVJwfpLK715MTqx79wG1fmOoXrR3fzEJHwsfhwY6UhRo"}},"BfPWFiby+W7KdOQs1nwaqzwyDtwxrVOpvtagLd1AwzxM":{"registrationId":179,"currentRatchet":{"ephemeralKeyPair":{"pubKey":"Bbhdg2lDU3gtaQUkhFES9vSNiqUjPSx4/08baKGbCERS","privKey":"uGceczwvRtRYNcL3job8hk+SOjFCsvfcYIkBeIgcLGU="},"lastRemoteEphemeralKey":"BfZgrTuoH0//JgVDUUBRAyjYaUjFHpnFVilYP+qdZiEr","previousCounter":0,"rootKey":"bMrh0bfgZ9gQPEc5Qn0+qr0AZeKRPi4jPFSoRcXvYRc="},"indexInfo":{"baseKey":"BfPWFiby+W7KdOQs1nwaqzwyDtwxrVOpvtagLd1AwzxM","baseKeyType":1,"closed":1734056534031,"used":1734056533476,"created":1734056533476,"remoteIdentityKey":"BfF9I+ECxHB5BLxrsZ8AbhVAz0ZtkNJmaWCehEpTPdQ9"},"_chains":{"Bbhdg2lDU3gtaQUkhFES9vSNiqUjPSx4/08baKGbCERS":{"chainKey":{"counter":-1,"key":"G2h9sr4bfoImj5jlvEaIIvx0HztKReOxRirhjnb6EEY="},"chainType":1,"messageKeys":{}}},"pendingPreKey":{"signedKeyId":1,"baseKey":"BfPWFiby+W7KdOQs1nwaqzwyDtwxrVOpvtagLd1AwzxM"}},"BTg5P8cy1uRs7/qJmXGHnfbL1NFymQY0T56V2JsxCUdl":{"registrationId":179,"currentRatchet":{"ephemeralKeyPair":{"pubKey":"BSwZeE6dkpLrj07xnxsEGvYz9lvghjoIYlulMeXVFElQ","privKey":"MGrGxo7TbmZl3DdBNg0395u15f2mnDkA1JIzV77fSFc="},"lastRemoteEphemeralKey":"BfZgrTuoH0//JgVDUUBRAyjYaUjFHpnFVilYP+qdZiEr","previousCounter":0,"rootKey":"OhHz+qeRLD9qhHg8xOkaRP6vSvxNqozpDXQ0N1Tc13o="},"indexInfo":{"baseKey":"BTg5P8cy1uRs7/qJmXGHnfbL1NFymQY0T56V2JsxCUdl","baseKeyType":1,"closed":1734056534475,"used":1734056533973,"created":1734056533973,"remoteIdentityKey":"BfF9I+ECxHB5BLxrsZ8AbhVAz0ZtkNJmaWCehEpTPdQ9"},"_chains":{"BSwZeE6dkpLrj07xnxsEGvYz9lvghjoIYlulMeXVFElQ":{"chainKey":{"counter":-1,"key":"lkspoRaEWDsez1wjqn6FurZlZVpIvMKPg7KDqnNjgsk="},"chainType":1,"messageKeys":{}}},"pendingPreKey":{"signedKeyId":1,"baseKey":"BTg5P8cy1uRs7/qJmXGHnfbL1NFymQY0T56V2JsxCUdl"}},"BQ2xfA1xA6pr//4dk0r8wHL84gkgTvkH4fXmamtdu1co":{"registrationId":179,"currentRatchet":{"ephemeralKeyPair":{"pubKey":"BbFW81ieshC11X9upRS4XBaIVoGYYYHB9p+m+wZZdmF4","privKey":"CGnm7qnUq8lacDJ6xzjCB7WFO6DUKMOSZim0qYVSTkw="},"lastRemoteEphemeralKey":"BfZgrTuoH0//JgVDUUBRAyjYaUjFHpnFVilYP+qdZiEr","previousCounter":0,"rootKey":"Kg1gNmX157mFYXErpnkB7h/1oM9PXxk/Swb27AoFRWs="},"indexInfo":{"baseKey":"BQ2xfA1xA6pr//4dk0r8wHL84gkgTvkH4fXmamtdu1co","baseKeyType":1,"closed":1734056534977,"used":1734056534471,"created":1734056534471,"remoteIdentityKey":"BfF9I+ECxHB5BLxrsZ8AbhVAz0ZtkNJmaWCehEpTPdQ9"},"_chains":{"BbFW81ieshC11X9upRS4XBaIVoGYYYHB9p+m+wZZdmF4":{"chainKey":{"counter":-1,"key":"4OM/Ecdv6pJ4AnpAEXXmhnTAecqvZ/QMaPTZNqC4W3g="},"chainType":1,"messageKeys":{}}},"pendingPreKey":{"signedKeyId":1,"baseKey":"BQ2xfA1xA6pr//4dk0r8wHL84gkgTvkH4fXmamtdu1co"}},"BcHcEttBoACVZwocSDoB7IX957cw/xZIViertkKrCsst":{"registrationId":179,"currentRatchet":{"ephemeralKeyPair":{"pubKey":"BVOy4K/erxGSYziNtQQ7776D/ESF/9ck8E4yY873zKs2","privKey":"qE7HVaeDgaKs11oVQXBw23lXED2bojnhloABK5ET9nU="},"lastRemoteEphemeralKey":"BfZgrTuoH0//JgVDUUBRAyjYaUjFHpnFVilYP+qdZiEr","previousCounter":0,"rootKey":"u85byVYdDeGikdpZtteZzIcbPnovlCN5SoFwfPPqARE="},"indexInfo":{"baseKey":"BcHcEttBoACVZwocSDoB7IX957cw/xZIViertkKrCsst","baseKeyType":1,"closed":1734056535578,"used":1734056534966,"created":1734056534966,"remoteIdentityKey":"BfF9I+ECxHB5BLxrsZ8AbhVAz0ZtkNJmaWCehEpTPdQ9"},"_chains":{"BVOy4K/erxGSYziNtQQ7776D/ESF/9ck8E4yY873zKs2":{"chainKey":{"counter":-1,"key":"RtiT+foOAn88BWnu+z0cwcBpL0DyDObzH8Iz0yAzg64="},"chainType":1,"messageKeys":{}}},"pendingPreKey":{"signedKeyId":1,"baseKey":"BcHcEttBoACVZwocSDoB7IX957cw/xZIViertkKrCsst"}},"BY32Tx73vuJ3TJSMvGoQt0U15tAKW5NDowrMuZ6sIpU3":{"registrationId":179,"currentRatchet":{"ephemeralKeyPair":{"pubKey":"BWe4xcRJyOPpfSWBG1vBMx+rcF1AOzc2qcvP13BcT4lj","privKey":"SAKnRs5F4Csi8iUYReGXtiLMeK0woD85hjOtF/Ejpmg="},"lastRemoteEphemeralKey":"BfZgrTuoH0//JgVDUUBRAyjYaUjFHpnFVilYP+qdZiEr","previousCounter":0,"rootKey":"iEvDpXvAVX56yZZwoCIx8QzgATiK6kDLWo+2+GabY3A="},"indexInfo":{"baseKey":"BY32Tx73vuJ3TJSMvGoQt0U15tAKW5NDowrMuZ6sIpU3","baseKeyType":1,"closed":1734056536060,"used":1734056535574,"created":1734056535574,"remoteIdentityKey":"BfF9I+ECxHB5BLxrsZ8AbhVAz0ZtkNJmaWCehEpTPdQ9"},"_chains":{"BWe4xcRJyOPpfSWBG1vBMx+rcF1AOzc2qcvP13BcT4lj":{"chainKey":{"counter":-1,"key":"vL82vDilr0bWrg49oO2gd7GJuco3UayT7eP0Tq5TKaQ="},"chainType":1,"messageKeys":{}}},"pendingPreKey":{"signedKeyId":1,"baseKey":"BY32Tx73vuJ3TJSMvGoQt0U15tAKW5NDowrMuZ6sIpU3"}},"BZ4O9FhMgUCUc5SnW1d93zoMR2lYjmwyaSFqfILj0ncX":{"registrationId":179,"currentRatchet":{"ephemeralKeyPair":{"pubKey":"BWiIB1MMgPCAZ9siAhyVXxHNspOoYDl6VMlPodBdj4lA","privKey":"MEyEAyOZwdZ8pmn++NnoIci7UByj7fm8NAaFeXgQ7lA="},"lastRemoteEphemeralKey":"BfZgrTuoH0//JgVDUUBRAyjYaUjFHpnFVilYP+qdZiEr","previousCounter":0,"rootKey":"9w2qN0JnALt1VxeSZTopGgD5d/PKofGHmthydMJxLKU="},"indexInfo":{"baseKey":"BZ4O9FhMgUCUc5SnW1d93zoMR2lYjmwyaSFqfILj0ncX","baseKeyType":1,"closed":1734056536497,"used":1734056536044,"created":1734056536044,"remoteIdentityKey":"BfF9I+ECxHB5BLxrsZ8AbhVAz0ZtkNJmaWCehEpTPdQ9"},"_chains":{"BWiIB1MMgPCAZ9siAhyVXxHNspOoYDl6VMlPodBdj4lA":{"chainKey":{"counter":-1,"key":"Q6zYXx/HiMgleoopjMKow8vxGAG9E6eosS9toxxtyJs="},"chainType":1,"messageKeys":{}}},"pendingPreKey":{"signedKeyId":1,"baseKey":"BZ4O9FhMgUCUc5SnW1d93zoMR2lYjmwyaSFqfILj0ncX"}},"BX75T2KWHcoH0HShAFG9I1UQbn5WEcYizkALhqbhbVRv":{"registrationId":179,"currentRatchet":{"ephemeralKeyPair":{"pubKey":"BYfvUyZHK55QJBnN7sZ2LfX4+mPPCOz7EWmqas4Z4fRh","privKey":"6DH7Row5wGsfnb/BXw4gMLzDpLIJsCqddFMBhUSqMHw="},"lastRemoteEphemeralKey":"BfZgrTuoH0//JgVDUUBRAyjYaUjFHpnFVilYP+qdZiEr","previousCounter":0,"rootKey":"Brysfgdh5jf64h9z9ksxDwrTpXyqe/FM9bQYsqc3Gn8="},"indexInfo":{"baseKey":"BX75T2KWHcoH0HShAFG9I1UQbn5WEcYizkALhqbhbVRv","baseKeyType":1,"closed":1734056536967,"used":1734056536493,"created":1734056536493,"remoteIdentityKey":"BfF9I+ECxHB5BLxrsZ8AbhVAz0ZtkNJmaWCehEpTPdQ9"},"_chains":{"BYfvUyZHK55QJBnN7sZ2LfX4+mPPCOz7EWmqas4Z4fRh":{"chainKey":{"counter":-1,"key":"vETJ2MidijIw4ucqhe46hm4qsFyB1SCJsQE70YAeK2c="},"chainType":1,"messageKeys":{}}},"pendingPreKey":{"signedKeyId":1,"baseKey":"BX75T2KWHcoH0HShAFG9I1UQbn5WEcYizkALhqbhbVRv"}},"BcxYzCOD7byabBYNMnA9YZV5M+XRepZszG2vYsLoUKwt":{"registrationId":179,"currentRatchet":{"ephemeralKeyPair":{"pubKey":"BeP3YdQymaLxauisbRPA03QHZQwmLClXvFemFSShaScD","privKey":"qDQVGTfcS0TKajY3OHf6GBHP1VMTsbThA8OAB+z333I="},"lastRemoteEphemeralKey":"BfZgrTuoH0//JgVDUUBRAyjYaUjFHpnFVilYP+qdZiEr","previousCounter":0,"rootKey":"0hMPHJTtIqsydiSttdM4HIKWY7qjkcK2+sghJZqYD+Q="},"indexInfo":{"baseKey":"BcxYzCOD7byabBYNMnA9YZV5M+XRepZszG2vYsLoUKwt","baseKeyType":1,"closed":1734056537378,"used":1734056536964,"created":1734056536964,"remoteIdentityKey":"BfF9I+ECxHB5BLxrsZ8AbhVAz0ZtkNJmaWCehEpTPdQ9"},"_chains":{"BeP3YdQymaLxauisbRPA03QHZQwmLClXvFemFSShaScD":{"chainKey":{"counter":-1,"key":"Na8mVYLM0RBBMq+Luq5Mvn1OB6Yay9Dy24ZBE8OZC7g="},"chainType":1,"messageKeys":{}}},"pendingPreKey":{"signedKeyId":1,"baseKey":"BcxYzCOD7byabBYNMnA9YZV5M+XRepZszG2vYsLoUKwt"}},"BXd1NxHglgaRu76vrng1Xu2tJffbGK89XNY4+7tOQyIB":{"registrationId":179,"currentRatchet":{"ephemeralKeyPair":{"pubKey":"BRvFJCSb9G7CGA/QAqC13OxGKq0tnnNtki/3L/KH5u1M","privKey":"cMh3AhOVvFUqf+ePusul8uGFui2s1QN1FFWbsYSEbkY="},"lastRemoteEphemeralKey":"BfZgrTuoH0//JgVDUUBRAyjYaUjFHpnFVilYP+qdZiEr","previousCounter":0,"rootKey":"TJIJznwHcnsH7tO4qmSS961WWpbNLmXek1Ae93ZLvc4="},"indexInfo":{"baseKey":"BXd1NxHglgaRu76vrng1Xu2tJffbGK89XNY4+7tOQyIB","baseKeyType":1,"closed":1734056538943,"used":1734056537373,"created":1734056537373,"remoteIdentityKey":"BfF9I+ECxHB5BLxrsZ8AbhVAz0ZtkNJmaWCehEpTPdQ9"},"_chains":{"BRvFJCSb9G7CGA/QAqC13OxGKq0tnnNtki/3L/KH5u1M":{"chainKey":{"counter":-1,"key":"Kg7t6qsPiCTdCvuPfDEoDMMeVEF86xqrQ973C9phfZs="},"chainType":1,"messageKeys":{}}},"pendingPreKey":{"signedKeyId":1,"baseKey":"BXd1NxHglgaRu76vrng1Xu2tJffbGK89XNY4+7tOQyIB"}},"BSxw9GqaFk8iuqIx4PJTO1YZaLQq/j0yS2yqfx9SupEY":{"registrationId":179,"currentRatchet":{"ephemeralKeyPair":{"pubKey":"BSIrg2Jh/c3V7T9+jrLqRFKs/36QBJeKSQXL6yQ6Abts","privKey":"SCElVPa5F6KfBPm0cDU6iln5e+YAiXAT1KF6p/Sy+Ww="},"lastRemoteEphemeralKey":"BfZgrTuoH0//JgVDUUBRAyjYaUjFHpnFVilYP+qdZiEr","previousCounter":0,"rootKey":"RL4wnjIkbOT3dttGinw2/B+FrHKukNn8gYyoiWbEBKI="},"indexInfo":{"baseKey":"BSxw9GqaFk8iuqIx4PJTO1YZaLQq/j0yS2yqfx9SupEY","baseKeyType":1,"closed":1734056588455,"used":1734056538935,"created":1734056538935,"remoteIdentityKey":"BfF9I+ECxHB5BLxrsZ8AbhVAz0ZtkNJmaWCehEpTPdQ9"},"_chains":{"BSIrg2Jh/c3V7T9+jrLqRFKs/36QBJeKSQXL6yQ6Abts":{"chainKey":{"counter":-1,"key":"kIQlbxvdOWCKjbtNZFcT0I+dfwqF94KVUPcHtGv2sbE="},"chainType":1,"messageKeys":{}}},"pendingPreKey":{"signedKeyId":1,"baseKey":"BSxw9GqaFk8iuqIx4PJTO1YZaLQq/j0yS2yqfx9SupEY"}},"BaCszdaBGO4lo0fXDJTnPCke/gqCpKVnRTabEsQqW4IM":{"registrationId":179,"currentRatchet":{"ephemeralKeyPair":{"pubKey":"BWSNUinQplxvHOXp+zVQZAjMWtHxCtSTi0qKPW8Fc2kB","privKey":"CONnQO0T9k8eSizE9SUrBN7DLj1OleQ7TV+YN0lJAV0="},"lastRemoteEphemeralKey":"BYZxktTDBsFkxmCebE4sTrdz8lJ2OjX5MWUiCRLtDzd4","previousCounter":0,"rootKey":"haAE9xQSiMsbAPAExXWN7ZRMt3zG1+ceZkCRMrPcBFA="},"indexInfo":{"baseKey":"BaCszdaBGO4lo0fXDJTnPCke/gqCpKVnRTabEsQqW4IM","baseKeyType":2,"closed":1734060947863,"used":1734056588462,"created":1734056588462,"remoteIdentityKey":"BfF9I+ECxHB5BLxrsZ8AbhVAz0ZtkNJmaWCehEpTPdQ9"},"_chains":{"BYZxktTDBsFkxmCebE4sTrdz8lJ2OjX5MWUiCRLtDzd4":{"chainKey":{"counter":0,"key":"2D7WiI9QOMjyasudCdZrYOpwaBXJju1WEJ0Nbx05pp8="},"chainType":2,"messageKeys":{}},"BWSNUinQplxvHOXp+zVQZAjMWtHxCtSTi0qKPW8Fc2kB":{"chainKey":{"counter":0,"key":"Bczbmq4iKquX8zalTWtcB2T+t1yVoeXP8AqkaHG0wCk="},"chainType":1,"messageKeys":{}}}},"BWeQyzBPwjOghM5o1/yrIa9xSuxiko8KapnaSdq5AaJU":{"registrationId":179,"currentRatchet":{"ephemeralKeyPair":{"pubKey":"BT4QzfkPMa5R+V/VNPVavywuD1zNolzOnfEnNvH8gah3","privKey":"kPu/Rhh51C/8LuBr/9G7TGheaA6kgeqBhGcdsVV79lU="},"lastRemoteEphemeralKey":"BQIvAUXu/XtrO4AL/OaMem5d6/0GYeSevjK9IHKivjU2","previousCounter":0,"rootKey":"d3qOFOGkozcSDL64WwuUUrrrhl6eM+2hr6y5uToxr6I="},"indexInfo":{"baseKey":"BWeQyzBPwjOghM5o1/yrIa9xSuxiko8KapnaSdq5AaJU","baseKeyType":1,"closed":-1,"used":1734069803964,"created":1734060947858,"remoteIdentityKey":"BfF9I+ECxHB5BLxrsZ8AbhVAz0ZtkNJmaWCehEpTPdQ9"},"_chains":{"BZVFcItkRHXrC1aexSU9MrNLzW7fkbK/GZexJVv8sRg2":{"chainKey":{"counter":0},"chainType":2,"messageKeys":{}},"BQIvAUXu/XtrO4AL/OaMem5d6/0GYeSevjK9IHKivjU2":{"chainKey":{"counter":5,"key":"YdHJTF9JXYM+qbbcza/F/dwn4rlBsduAnHpizp4t5t0="},"chainType":2,"messageKeys":{}},"BT4QzfkPMa5R+V/VNPVavywuD1zNolzOnfEnNvH8gah3":{"chainKey":{"counter":0,"key":"D4L5ryczXQFmLASAgSpei675YyaCBLDlMj7vDDdvooE="},"chainType":1,"messageKeys":{}}}}},"version":"v1"}