{"_sessions":{"BajtAQPh9WYBbSum7w69u0rSo16/TPw8Ez7F8W+gIvYK":{"registrationId":161393640,"currentRatchet":{"ephemeralKeyPair":{"pubKey":"BX7Z3qfg67hHKDE+6HVo4mkiRwzNi8c3476qaG1DZ18l","privKey":"gPLv3AhdMYb5Wo9COe65KVWz1Rz+vs1p13vDUmipz0k="},"lastRemoteEphemeralKey":"BYi0/WxLCuyQU9lD3fd9sK3wuf3c0CP0olxYvaNcA09P","previousCounter":2,"rootKey":"kYBwPSCM2mpoiOAmMMz3ZrkC9oHfhYWBwwXjYPkbvcE="},"indexInfo":{"baseKey":"BajtAQPh9WYBbSum7w69u0rSo16/TPw8Ez7F8W+gIvYK","baseKeyType":1,"closed":-1,"used":1733667769962,"created":1733667577575,"remoteIdentityKey":"BWiFxHlTuT4Zny9bxX1AZq0MvGcakBNgSEXhk/oER6w8"},"_chains":{"BYi0/WxLCuyQU9lD3fd9sK3wuf3c0CP0olxYvaNcA09P":{"chainKey":{"counter":1,"key":"frTMO/Jel8p5xXfecedKasIXzs7+GzXvoRerQuZjSc4="},"chainType":2,"messageKeys":{"0":"aXZZJDC4nm4SlYU0yibS1XtshWOroz4WWNSlw5WV4t8="}},"BX7Z3qfg67hHKDE+6HVo4mkiRwzNi8c3476qaG1DZ18l":{"chainKey":{"counter":1,"key":"V7BFkQX+d+KebvNYZ0uVfZdbjhCBsM1wQnSSyZbvdX4="},"chainType":1,"messageKeys":{}}}}},"version":"v1"}