{"_sessions":{"BT1YBXErVhri+EVy05xqIJ2Tz6Sv4UVAWOMZGQPciq48":{"registrationId":739122660,"currentRatchet":{"ephemeralKeyPair":{"pubKey":"BSiw0KOEXLOSuKacyqxOtKvfAIdBLKGtdCVRR+DFo3hG","privKey":"kBPWQe6Jyl+7LzlhhMvTFeNl7C7wqfGoQ+osztQh8nY="},"lastRemoteEphemeralKey":"BVYvxQxPy0cVCRbUE58HBBdJjzl5QW9P0U8ePZ0wg9Rj","previousCounter":0,"rootKey":"ORTUFGTJ9fBYVFO8Q5rx84OjsHT+w/Zsv8N2wXYyiA4="},"indexInfo":{"baseKey":"BT1YBXErVhri+EVy05xqIJ2Tz6Sv4UVAWOMZGQPciq48","baseKeyType":1,"closed":-1,"used":1734011798360,"created":1734011798360,"remoteIdentityKey":"BTrWBZratbuA08NlWsdGwRf5DhNCyFrCTEGa+RWm7Apy"},"_chains":{"BSiw0KOEXLOSuKacyqxOtKvfAIdBLKGtdCVRR+DFo3hG":{"chainKey":{"counter":0,"key":"Xo9gdsY3u47zTyDed7zl3yiWdGg5qiiKSoZJUG0km8k="},"chainType":1,"messageKeys":{}}},"pendingPreKey":{"signedKeyId":12,"baseKey":"BT1YBXErVhri+EVy05xqIJ2Tz6Sv4UVAWOMZGQPciq48"}}},"version":"v1"}