{"_sessions":{"BRrGx5q+rsptq7eSn0237tYTxJ/+Qaeq5JyxBwxZt95f":{"registrationId":2062660687,"currentRatchet":{"ephemeralKeyPair":{"pubKey":"BS2LMYzoQZIEQMOMa82IINYCtKxxmA3NLt3E9cKDTgsN","privKey":"ICJheBbZ2lV4uBa2cHTGGISMWDeUwJshVkkha5LtZkE="},"lastRemoteEphemeralKey":"BXk9bH/1dOB1ik3rULsvEH2U1v+FKt8OHpL/HbwXoBZf","previousCounter":0,"rootKey":"YUGmfdkl9Vk8YnaqTpPC2YpFzJu+81hWIschqEMpUDQ="},"indexInfo":{"baseKey":"BRrGx5q+rsptq7eSn0237tYTxJ/+Qaeq5JyxBwxZt95f","baseKeyType":1,"closed":-1,"used":1734011803755,"created":1734011803755,"remoteIdentityKey":"BZpbbQWdhrLMxs4gI9uCp+oynnn7oPwV6akm3sQkaFwO"},"_chains":{"BS2LMYzoQZIEQMOMa82IINYCtKxxmA3NLt3E9cKDTgsN":{"chainKey":{"counter":11,"key":"pAl+w5wx/cJZdvhA5iM8w30DizM/xMckE6BvcStkTo0="},"chainType":1,"messageKeys":{}}},"pendingPreKey":{"signedKeyId":0,"baseKey":"BRrGx5q+rsptq7eSn0237tYTxJ/+Qaeq5JyxBwxZt95f","preKeyId":10567389}}},"version":"v1"}