{"_sessions":{"BZJwDjSiP8BdOgke3vdryGqTHFJRqbzZ+LncgVV2S7si":{"registrationId":958751853,"currentRatchet":{"ephemeralKeyPair":{"pubKey":"BRUs3XLm4wvoE2B9Ckd0a4DwAEfInENii/ZVNZgmt0wA","privKey":"mHB/9FdyLAVNp6NuS6/eZSqU4MORPNWCdkQ/eFmpXk8="},"lastRemoteEphemeralKey":"Bd2l4h3xBGi5+ut2DcJJ8TC395hZghbJMjLXigzGCpR9","previousCounter":0,"rootKey":"AdGWbPGnM8o2jntt+YjYgS5U6jw1P9pis1GXKYBqO4c="},"indexInfo":{"baseKey":"BZJwDjSiP8BdOgke3vdryGqTHFJRqbzZ+LncgVV2S7si","baseKeyType":1,"closed":-1,"used":1733667577654,"created":1733667577654,"remoteIdentityKey":"BYFptNU26wzeOwdgTx7B4wU2lFWXIOLkSp36foSDqvQI"},"_chains":{"BRUs3XLm4wvoE2B9Ckd0a4DwAEfInENii/ZVNZgmt0wA":{"chainKey":{"counter":4,"key":"HEw+gcdlludXd8pp76/xel2mxwFl3mk5ZarKEBBlSEU="},"chainType":1,"messageKeys":{}}},"pendingPreKey":{"signedKeyId":1,"baseKey":"BZJwDjSiP8BdOgke3vdryGqTHFJRqbzZ+LncgVV2S7si","preKeyId":12599083}}},"version":"v1"}