{"_sessions":{"BfMndawc+ijmOcCl8Qmzg/wP5o4575qGzVZLs5rwLDlH":{"registrationId":10,"currentRatchet":{"ephemeralKeyPair":{"pubKey":"BR6i2cjnrBUSg2aEyIsh52HujuDkhDkCvM31965/qb97","privKey":"eBzTwoblGal+3tFMxughYuMZSi5CIibJEjBy1RlSHGw="},"lastRemoteEphemeralKey":"BeNBrGR6QkS82u8h3UhoF2iYxPHr5v03Q85iQo50TGAT","previousCounter":0,"rootKey":"8v+QXKO116olT1IZ3DACeF8V6vcGWRHggQkWGwTMNuM="},"indexInfo":{"baseKey":"BfMndawc+ijmOcCl8Qmzg/wP5o4575qGzVZLs5rwLDlH","baseKeyType":1,"closed":-1,"used":1734011791575,"created":1734011791575,"remoteIdentityKey":"BZuGjWHX+jGTrxOqISuCQlN0je+/stYqbGxjLDX9X3YR"},"_chains":{"BR6i2cjnrBUSg2aEyIsh52HujuDkhDkCvM31965/qb97":{"chainKey":{"counter":2,"key":"tB8kGUY9JHc4SuEwvKH/yAbJE7P9quWjxKnVXDq9wfA="},"chainType":1,"messageKeys":{}}},"pendingPreKey":{"signedKeyId":1,"baseKey":"BfMndawc+ijmOcCl8Qmzg/wP5o4575qGzVZLs5rwLDlH"}}},"version":"v1"}