{"_sessions":{"BQ67oq2kity/cZ0hJrmzZIEhQV/EgvdPPOzn6XbGx/QQ":{"registrationId":154249877,"currentRatchet":{"ephemeralKeyPair":{"pubKey":"BcsUGgdno3jono5Tdhp6rtnMrcyHQYdUPLfFi4OaaxwG","privKey":"KMB8GPTJeCIaFYEL1LL9e3mQuutEDWpNYjFivnvHjk4="},"lastRemoteEphemeralKey":"BWDlhjkybZbbzLOpf771G+qvWD7iRani2lIa/0lQU+4z","previousCounter":0,"rootKey":"BMGG3K+IFInQOIHLg7RCNHCXsTcKdr1VS3Gvjppcmn4="},"indexInfo":{"baseKey":"BQ67oq2kity/cZ0hJrmzZIEhQV/EgvdPPOzn6XbGx/QQ","baseKeyType":1,"closed":-1,"used":1733667577696,"created":1733667577696,"remoteIdentityKey":"BQoNT3dWiJqLCfljJ5matvrEWhE8u2RWtXK5EjTHsL5j"},"_chains":{"BcsUGgdno3jono5Tdhp6rtnMrcyHQYdUPLfFi4OaaxwG":{"chainKey":{"counter":11,"key":"GA/K/KPPjfoHBvnRJGxKCcP07og8q3iv3K4LygJ7Pjw="},"chainType":1,"messageKeys":{}}},"pendingPreKey":{"signedKeyId":0,"baseKey":"BQ67oq2kity/cZ0hJrmzZIEhQV/EgvdPPOzn6XbGx/QQ"}}},"version":"v1"}