{"_sessions":{"Bf2nwfltAwX5g6Cj9eJ1EMNaUp1/wJFZpv3xibImBiE+":{"registrationId":1448181790,"currentRatchet":{"ephemeralKeyPair":{"pubKey":"BSY9s0R0MhiDbhQI7GL7Ga6C1OG7YfbICNRSbsJ1a0le","privKey":"OFrp13gNP+YHDYsAKregmUDqgJ41ZePjC1YpK6/UlE4="},"lastRemoteEphemeralKey":"Bb9uO5HFBC68/4EtxzSau3m1nFXuTUoERx3kBfDdfXpe","previousCounter":0,"rootKey":"j29sONTcwksNC/KqFdF40Zgxn2ZO2DgsTqssQZ0gK2A="},"indexInfo":{"baseKey":"Bf2nwfltAwX5g6Cj9eJ1EMNaUp1/wJFZpv3xibImBiE+","baseKeyType":1,"closed":1734092364461,"used":1733667577555,"created":1733667577555,"remoteIdentityKey":"Bei9/ENAestGMuR6eY+6fAvtcmGA6ue0qzEnTjKRyVRT"},"_chains":{"BSY9s0R0MhiDbhQI7GL7Ga6C1OG7YfbICNRSbsJ1a0le":{"chainKey":{"counter":3,"key":"pXBgVQO5PnbczVzD6+aJQeFIiOeu7AUrdV1YnfLDTRI="},"chainType":1,"messageKeys":{}}},"pendingPreKey":{"signedKeyId":0,"baseKey":"Bf2nwfltAwX5g6Cj9eJ1EMNaUp1/wJFZpv3xibImBiE+","preKeyId":13748043}},"BZp14JO+giD/i9ptYKhJt67T5W1jG4bxxVJOTolsH2Re":{"registrationId":1656603347,"currentRatchet":{"ephemeralKeyPair":{"pubKey":"BdqS95Ujn7I+v5xe5KtZ7p3py0W1Gu1fqJW8yuVSeDwy","privKey":"sNZcD4pvUqWT0vvb+WS8b/IspeM9Vk8bti8zxSKuOFc="},"lastRemoteEphemeralKey":"BZGJyHJR/L0mvnLJU/yyZP2dxJ5HbwqpUPSzF/hb+I51","previousCounter":0,"rootKey":"2SzHIOt+yJtD6T6Ns90ShWy7AsYpbjpxBMbprkAmjlg="},"indexInfo":{"baseKey":"BZp14JO+giD/i9ptYKhJt67T5W1jG4bxxVJOTolsH2Re","baseKeyType":1,"closed":1734092365378,"used":1734092364453,"created":1734092364453,"remoteIdentityKey":"BYn5HpQJHQAYBJIhXu28Iz+5P3PgR/1LkGrRISmcctIE"},"_chains":{"BdqS95Ujn7I+v5xe5KtZ7p3py0W1Gu1fqJW8yuVSeDwy":{"chainKey":{"counter":-1,"key":"sJ8j5WM6at8ugw8+K8kIg+gzhZ5Tv3EPT+uOV/VbcwA="},"chainType":1,"messageKeys":{}}},"pendingPreKey":{"signedKeyId":0,"baseKey":"BZp14JO+giD/i9ptYKhJt67T5W1jG4bxxVJOTolsH2Re","preKeyId":3974966}},"BflBCSSAUrl/T9znJ7rm1JZrrLkACa3Ccy9RJbgurjo/":{"registrationId":1656603347,"currentRatchet":{"ephemeralKeyPair":{"pubKey":"BQSUhf46FovHSjl1NJUb03DRcK1WzODKiTvrQP8PPntS","privKey":"yEK7vFa5KRyyPmRg6BGfw/fKGDLwMc8zFmw9mlsx8Hc="},"lastRemoteEphemeralKey":"BZGJyHJR/L0mvnLJU/yyZP2dxJ5HbwqpUPSzF/hb+I51","previousCounter":0,"rootKey":"NQDcY3MwiGzjBEMS0CvskC/T2X4Qn1dS5eAdG7OHwZw="},"indexInfo":{"baseKey":"BflBCSSAUrl/T9znJ7rm1JZrrLkACa3Ccy9RJbgurjo/","baseKeyType":1,"closed":1734092365661,"used":1734092365372,"created":1734092365372,"remoteIdentityKey":"BYn5HpQJHQAYBJIhXu28Iz+5P3PgR/1LkGrRISmcctIE"},"_chains":{"BQSUhf46FovHSjl1NJUb03DRcK1WzODKiTvrQP8PPntS":{"chainKey":{"counter":-1,"key":"bkiOOo8DyOqwltdR8bC9B0ZEW90Nw8D70L7aeO/O+CU="},"chainType":1,"messageKeys":{}}},"pendingPreKey":{"signedKeyId":0,"baseKey":"BflBCSSAUrl/T9znJ7rm1JZrrLkACa3Ccy9RJbgurjo/","preKeyId":3974889}},"Ba9fDHiQ7Aa9dowLSGNNeJAEu/tJAj37DWgsNBC39pdg":{"registrationId":1656603347,"currentRatchet":{"ephemeralKeyPair":{"pubKey":"BceKXTVPlh0bZRaM87H8R9babw3FgvtMuypj++ho879V","privKey":"AIedtiGik/Hf4WciULw59H2yo7jRaWnHbweapu08S1I="},"lastRemoteEphemeralKey":"BZGJyHJR/L0mvnLJU/yyZP2dxJ5HbwqpUPSzF/hb+I51","previousCounter":0,"rootKey":"ps0Gb0Qb3fgGd0Re3pqiX90S1D0xT8SRSsHxhrre5aE="},"indexInfo":{"baseKey":"Ba9fDHiQ7Aa9dowLSGNNeJAEu/tJAj37DWgsNBC39pdg","baseKeyType":1,"closed":1734092369359,"used":1734092365655,"created":1734092365655,"remoteIdentityKey":"BYn5HpQJHQAYBJIhXu28Iz+5P3PgR/1LkGrRISmcctIE"},"_chains":{"BceKXTVPlh0bZRaM87H8R9babw3FgvtMuypj++ho879V":{"chainKey":{"counter":-1,"key":"x5r4wMYSmISTuz5rWbqDbMHNJvYEL+qFVdu0ouXG0BA="},"chainType":1,"messageKeys":{}}},"pendingPreKey":{"signedKeyId":0,"baseKey":"Ba9fDHiQ7Aa9dowLSGNNeJAEu/tJAj37DWgsNBC39pdg","preKeyId":3975563}},"BcFkLQOTlAx926TruMHR461c4e5P2Wj7yfHqGxfPkOEg":{"registrationId":1656603347,"currentRatchet":{"ephemeralKeyPair":{"pubKey":"BRPFahHKG5cT0XYl7SDcnye43O4vw7vnX6XX0nC6GaY4","privKey":"yNX81U4JlDVT++5E9NUbvwXYUXA+Aoxna8CxGeuG834="},"lastRemoteEphemeralKey":"BZGJyHJR/L0mvnLJU/yyZP2dxJ5HbwqpUPSzF/hb+I51","previousCounter":0,"rootKey":"Yjm3WHex0MQQ2jBpxImqg0oNqEt8NOSoJERamCFwM5Q="},"indexInfo":{"baseKey":"BcFkLQOTlAx926TruMHR461c4e5P2Wj7yfHqGxfPkOEg","baseKeyType":1,"closed":1734092370491,"used":1734092368095,"created":1734092368095,"remoteIdentityKey":"BYn5HpQJHQAYBJIhXu28Iz+5P3PgR/1LkGrRISmcctIE"},"_chains":{"BRPFahHKG5cT0XYl7SDcnye43O4vw7vnX6XX0nC6GaY4":{"chainKey":{"counter":-1,"key":"WBM4qt2kc9bCHEfzlGwyRSjw6NltJSFloNVVLMjXB8A="},"chainType":1,"messageKeys":{}}},"pendingPreKey":{"signedKeyId":0,"baseKey":"BcFkLQOTlAx926TruMHR461c4e5P2Wj7yfHqGxfPkOEg","preKeyId":3974891}},"BTQnUdTkP6qmI/MYmyePVxbmBN0mAGOTHhzjO+0JsbQw":{"registrationId":1656603347,"currentRatchet":{"ephemeralKeyPair":{"pubKey":"BbG0c3+Y9si6KwaPTPi93YCn8LafVxjV1UVSCLpIxtcN","privKey":"eHtH/hxyn8glD5eIzETXgV26CEhKnfvZJHcOLHP9sUE="},"lastRemoteEphemeralKey":"BZGJyHJR/L0mvnLJU/yyZP2dxJ5HbwqpUPSzF/hb+I51","previousCounter":0,"rootKey":"zNxP7fxv5f00/PLY/lAhE/w2X74faRXXg9VXWILsC00="},"indexInfo":{"baseKey":"BTQnUdTkP6qmI/MYmyePVxbmBN0mAGOTHhzjO+0JsbQw","baseKeyType":1,"closed":1734092371353,"used":1734092370461,"created":1734092370461,"remoteIdentityKey":"BYn5HpQJHQAYBJIhXu28Iz+5P3PgR/1LkGrRISmcctIE"},"_chains":{"BbG0c3+Y9si6KwaPTPi93YCn8LafVxjV1UVSCLpIxtcN":{"chainKey":{"counter":-1,"key":"djnKcpUFMwPJEa5ZiO1QViHZGuyR0zEyNM1CufJMcTE="},"chainType":1,"messageKeys":{}}},"pendingPreKey":{"signedKeyId":0,"baseKey":"BTQnUdTkP6qmI/MYmyePVxbmBN0mAGOTHhzjO+0JsbQw","preKeyId":3974923}},"BfE1VC+N5QgHBXlt2KE1956MIu3Fg5Opdpp8uALRiDQc":{"registrationId":1656603347,"currentRatchet":{"ephemeralKeyPair":{"pubKey":"BXSYzJeijYrKjVzwlkOW2DGcgbj3SbrUdEZyP+DXaGY3","privKey":"cAwRhO6lXmIQGXrptUELf827figE9OoEOPL+RmO2M24="},"lastRemoteEphemeralKey":"BZGJyHJR/L0mvnLJU/yyZP2dxJ5HbwqpUPSzF/hb+I51","previousCounter":0,"rootKey":"KF27XlASNLiWhr2IZH4FxHfm8FIJUqeKgXMAOIN7gNo="},"indexInfo":{"baseKey":"BfE1VC+N5QgHBXlt2KE1956MIu3Fg5Opdpp8uALRiDQc","baseKeyType":1,"closed":-1,"used":1734092371350,"created":1734092371350,"remoteIdentityKey":"BYn5HpQJHQAYBJIhXu28Iz+5P3PgR/1LkGrRISmcctIE"},"_chains":{"BXSYzJeijYrKjVzwlkOW2DGcgbj3SbrUdEZyP+DXaGY3":{"chainKey":{"counter":0,"key":"bVl3VrrnOIBVUa6sF/72Z0XGuugUKQLYwYxS/yq9yeM="},"chainType":1,"messageKeys":{}}},"pendingPreKey":{"signedKeyId":0,"baseKey":"BfE1VC+N5QgHBXlt2KE1956MIu3Fg5Opdpp8uALRiDQc","preKeyId":3975486}}},"version":"v1"}