{"_sessions":{"Bb/91vurUQBJwxepbfQ4xPNdBSR65JnK8u71A8IKEfhz":{"registrationId":1817228632,"currentRatchet":{"ephemeralKeyPair":{"pubKey":"BVwhAvLAM9dhjLFQPiGUzeKjXuV1FRhDMnhU18dYB9BW","privKey":"CI0nr2PZSOK2m+95X1sV1BOQMprC3JE2xMOQPhG6kG8="},"lastRemoteEphemeralKey":"BSx4LOjp0045LEWcTm2CvJjFMCBmZf1sSRkIo0zXJPNz","previousCounter":0,"rootKey":"KCjsjKhviXnFvog/GLfUvXXnUBIySfIWAGvHY/ChAj8="},"indexInfo":{"baseKey":"Bb/91vurUQBJwxepbfQ4xPNdBSR65JnK8u71A8IKEfhz","baseKeyType":1,"closed":1734065055585,"used":1733667714978,"created":1733667714978,"remoteIdentityKey":"BRR1l8EIu1YvrfceE9w/cpmHCEAwwajcIo3DqI1Y9cFq"},"_chains":{"BVwhAvLAM9dhjLFQPiGUzeKjXuV1FRhDMnhU18dYB9BW":{"chainKey":{"counter":10,"key":"2nwnBCf+LzuJcUeA4J2e6qrcvlXOcIDp3xjxtPOyUiw="},"chainType":1,"messageKeys":{}}},"pendingPreKey":{"signedKeyId":1,"baseKey":"Bb/91vurUQBJwxepbfQ4xPNdBSR65JnK8u71A8IKEfhz","preKeyId":14396428}},"BWuGn6ZdulWr+ZyfoafFjfnJqovf1XlNBZhPx4ySBzIK":{"registrationId":1817228632,"currentRatchet":{"ephemeralKeyPair":{"pubKey":"BV+LaagZ4HsBHqeVylEuBucHQepGKh2eUrwrTgm4PD19","privKey":"oFbo9g5xqqsYJ8nUJpO2oj9UUmLtXG2BMx65qji83HQ="},"lastRemoteEphemeralKey":"BfpYeT31QYZU1Ow0BApv9atZ+vnj47UuoD5lcIW7LYEJ","previousCounter":0,"rootKey":"bcaVi8FpqskG5YeASBYxziQpJ8IzbTtbnTI/a5buzwA="},"indexInfo":{"baseKey":"BWuGn6ZdulWr+ZyfoafFjfnJqovf1XlNBZhPx4ySBzIK","baseKeyType":2,"closed":-1,"used":1734066354437,"created":1734065055598,"remoteIdentityKey":"BRR1l8EIu1YvrfceE9w/cpmHCEAwwajcIo3DqI1Y9cFq"},"_chains":{"BZ/kTmAPXRKWxt3MloyeVhHfOP4jMRnl21EjnXpEyLE9":{"chainKey":{"counter":0},"chainType":2,"messageKeys":{}},"BfpYeT31QYZU1Ow0BApv9atZ+vnj47UuoD5lcIW7LYEJ":{"chainKey":{"counter":0,"key":"7AJSAYhhe385txizTDCsqfoJdD183t8uJRNB/3iTlE4="},"chainType":2,"messageKeys":{}},"BV+LaagZ4HsBHqeVylEuBucHQepGKh2eUrwrTgm4PD19":{"chainKey":{"counter":0,"key":"/6Nj8k44pDSCN+bdfp1j7bKoS5xEPqDwit3YqI53yo4="},"chainType":1,"messageKeys":{}}}}},"version":"v1"}