{"_sessions":{"BQ39FAYgfBXnhoVwC0010YQ+irRoQ2HgfCl1ZcWOyK0J":{"registrationId":788674837,"currentRatchet":{"ephemeralKeyPair":{"pubKey":"Bb7KKJq+B0LunrLmI56mKh0Y7NJxOyqJpOIZ+7vwk7MW","privKey":"qFLuRVn/JDW/c3q8AmB/ITeyuqimpbh5y42t/Qpr+Eg="},"lastRemoteEphemeralKey":"BbKLu3gpWhKU2hpVjCkOwWzn5wgIcU8ZmXOyfTzKnUIj","previousCounter":0,"rootKey":"rfhBYIaefPAcW8orM5D+KpQptSqM+3Vti7WGT5R5pfk="},"indexInfo":{"baseKey":"BQ39FAYgfBXnhoVwC0010YQ+irRoQ2HgfCl1ZcWOyK0J","baseKeyType":1,"closed":-1,"used":1733667715181,"created":1733667715181,"remoteIdentityKey":"BXfH3Gs3zPHTOGO2iuEEOJzvDVYgmx6C/UPsaQLvvlhO"},"_chains":{"Bb7KKJq+B0LunrLmI56mKh0Y7NJxOyqJpOIZ+7vwk7MW":{"chainKey":{"counter":21,"key":"FLurMYrjItG6t0t4Yy5K+WbWMzKnxGPLYDjNRpa1NWo="},"chainType":1,"messageKeys":{}}},"pendingPreKey":{"signedKeyId":0,"baseKey":"BQ39FAYgfBXnhoVwC0010YQ+irRoQ2HgfCl1ZcWOyK0J","preKeyId":10273946}}},"version":"v1"}