{"_sessions":{"BRolbTnIu/glnf69K4LrTrGMv0XIJwGsw9Ch3oQ+Tp8v":{"registrationId":363002345,"currentRatchet":{"ephemeralKeyPair":{"pubKey":"BfSTqGnTQDJ/Hu3pNryE2klF2CJf8emvuSi7xwcNPrZo","privKey":"uBA+Cy+DOrNLDl2CF8SuaQLtgbwyHs41+RA6a0MH8Xk="},"lastRemoteEphemeralKey":"BQtKA9ZCs62Y0q1DFg0T0XiK+WW4lNhJW2AiuDCcZiRg","previousCounter":0,"rootKey":"MXt5+y3xXnFKbYZaAQCgb+xKVoM4aW8O0ad6VVGW4tE="},"indexInfo":{"baseKey":"BRolbTnIu/glnf69K4LrTrGMv0XIJwGsw9Ch3oQ+Tp8v","baseKeyType":1,"closed":-1,"used":1734011798084,"created":1734011798084,"remoteIdentityKey":"BVdYRs7DaIrBuZViPgofZrd5p2OXVxGbxWMOw9KkWwAT"},"_chains":{"BfSTqGnTQDJ/Hu3pNryE2klF2CJf8emvuSi7xwcNPrZo":{"chainKey":{"counter":0,"key":"vUKr4NJKN6yKxF52ZwsioysDtHQtH2btIcV4ye8fg7Q="},"chainType":1,"messageKeys":{}}},"pendingPreKey":{"signedKeyId":0,"baseKey":"BRolbTnIu/glnf69K4LrTrGMv0XIJwGsw9Ch3oQ+Tp8v"}}},"version":"v1"}