{"_sessions":{"BZZoRoXSYxGAubBXQiKzo6x/EkywIqbeRXeI6f/jwZ04":{"registrationId":682763027,"currentRatchet":{"ephemeralKeyPair":{"pubKey":"Bficp2K/EHQhlNW6ocGS2/U7f2Z1dDxIkBlrysZEl7ds","privKey":"EDm88/Vfnt39Y5EzyQuD4XGrvOyUfWG5nZNrvwQKWXQ="},"lastRemoteEphemeralKey":"BRnL+0Zq/ANhT5+Oh4rOWjAHXi+RFSvxZVAeAruzluVY","previousCounter":0,"rootKey":"MN9JZweQxwWr9RjZJE8M1EqUzr0VJIe2Sv829U3Z/9o="},"indexInfo":{"baseKey":"BZZoRoXSYxGAubBXQiKzo6x/EkywIqbeRXeI6f/jwZ04","baseKeyType":1,"closed":-1,"used":1733667577477,"created":1733667577477,"remoteIdentityKey":"BSyOVBxQ0OnEuduzjzPOaxg/5ZB43hBR4ickY6l0wQks"},"_chains":{"Bficp2K/EHQhlNW6ocGS2/U7f2Z1dDxIkBlrysZEl7ds":{"chainKey":{"counter":26,"key":"P3PhX2VZ7pGV6U2bEFj4gxlsc1O6Fr9RiV/8MnJzcUk="},"chainType":1,"messageKeys":{}}},"pendingPreKey":{"signedKeyId":0,"baseKey":"BZZoRoXSYxGAubBXQiKzo6x/EkywIqbeRXeI6f/jwZ04","preKeyId":6592384}}},"version":"v1"}