{"_sessions":{"Be+B3iBFuC61FCjaKY5KSAmY1WG0BBHeaPou7tM81Lkj":{"registrationId":31,"currentRatchet":{"ephemeralKeyPair":{"pubKey":"BZlSi2Hlxslf0eHnB3WaTsr2SZ+jW9IfhvMNdBJ+v9xe","privKey":"ULLehK6NoNcV14bzea0NBLJpYFx3BD/yy0WOXDk4EUE="},"lastRemoteEphemeralKey":"BcZk9OyBAu6q5Nkue7sCnVLdExHmIBFMUec8sWUQ7eBB","previousCounter":0,"rootKey":"SX5ik7C10icExh8K5kxCobpfHzgIGcpHB5Pbv4cskZk="},"indexInfo":{"baseKey":"Be+B3iBFuC61FCjaKY5KSAmY1WG0BBHeaPou7tM81Lkj","baseKeyType":1,"closed":-1,"used":1733667577167,"created":1733667577167,"remoteIdentityKey":"BRVHaAPFIo0BQW9dlP++zAk07WM+KdAO5FMxfoiqK2Q9"},"_chains":{"BZlSi2Hlxslf0eHnB3WaTsr2SZ+jW9IfhvMNdBJ+v9xe":{"chainKey":{"counter":4,"key":"lO9RVkFi9dguw6Dn4sSDTIy7W7Eph1yrW1SbPZtMdec="},"chainType":1,"messageKeys":{}}},"pendingPreKey":{"signedKeyId":1,"baseKey":"Be+B3iBFuC61FCjaKY5KSAmY1WG0BBHeaPou7tM81Lkj"}}},"version":"v1"}