{"_sessions":{"BVjv/lVMB/cIayNn8WIyK5euCIG6mdD/2TIz+fpcvfsd":{"registrationId":1419557974,"currentRatchet":{"ephemeralKeyPair":{"pubKey":"BSI4Zp3XM4Bea+MoTfszuZzswfxeXpxgVO9VAJiRH+VK","privKey":"2KVd+d6YLslVTNmUF0QH/no1LaiyWfoL60nyOHnnRFo="},"lastRemoteEphemeralKey":"BUfhmHGYMIMaapV7+1phe8QzWNStt9Zl5hb7eLFyTwV7","previousCounter":0,"rootKey":"99H8CQI2mMj+jqRjOQvzHkvwH57p8BybFac6lLkD+E8="},"indexInfo":{"baseKey":"BVjv/lVMB/cIayNn8WIyK5euCIG6mdD/2TIz+fpcvfsd","baseKeyType":1,"closed":-1,"used":1733667577468,"created":1733667577468,"remoteIdentityKey":"BW9QKT6Cs/Vvp3GHkIA23wSCgNzERh/HSoUa/sx0a0xI"},"_chains":{"BSI4Zp3XM4Bea+MoTfszuZzswfxeXpxgVO9VAJiRH+VK":{"chainKey":{"counter":7,"key":"+RsGt7FoFvfb/GYxgAdyGMo4shTW5RYhk0KftPdr06M="},"chainType":1,"messageKeys":{}}},"pendingPreKey":{"signedKeyId":0,"baseKey":"BVjv/lVMB/cIayNn8WIyK5euCIG6mdD/2TIz+fpcvfsd","preKeyId":2588364}}},"version":"v1"}