{"_sessions":{"Bb+U1psT1DO8PvdmSLddMh2RO60Mf90Yso6Mc2KWSmUB":{"registrationId":211,"currentRatchet":{"ephemeralKeyPair":{"pubKey":"BZi+7n/4DwQJmwiLFIbtc2Tg1DAD3ZfZS2gt9miKLOw0","privKey":"oJELEoJ050zvqKxKmwvXwPU4X0R1qlAkGK73BEiFwWY="},"lastRemoteEphemeralKey":"BaWWWLxBf9FTPBTsnSGjKpJuQqGXPk+pPKciYiq/xmY3","previousCounter":0,"rootKey":"3KS3++9O0S0vrtyYMNNTxdu46qoxQ7U6ECWN0+WoUkw="},"indexInfo":{"baseKey":"Bb+U1psT1DO8PvdmSLddMh2RO60Mf90Yso6Mc2KWSmUB","baseKeyType":1,"closed":1733772958502,"used":1733772952587,"created":1733772952587,"remoteIdentityKey":"Bb+anDg/Gdukvt1qLU4GlCJD04TyxsojUDYT1+jtbB4c"},"_chains":{"BZi+7n/4DwQJmwiLFIbtc2Tg1DAD3ZfZS2gt9miKLOw0":{"chainKey":{"counter":0,"key":"FTy4p1hkEwInOezsHT37MAyDm4KbK9yATvo6MYifBXE="},"chainType":1,"messageKeys":{}}},"pendingPreKey":{"signedKeyId":1,"baseKey":"Bb+U1psT1DO8PvdmSLddMh2RO60Mf90Yso6Mc2KWSmUB","preKeyId":692}},"BWxLaZvjZ8RS/+tOvP9W3NF8xqdeEOzvIdm02o0ncRt4":{"registrationId":211,"currentRatchet":{"ephemeralKeyPair":{"pubKey":"BUbUCi5svu4NBKsAAGwBuYUJFGVUYRmaNzxGrFz4iOU6","privKey":"gI9aXPzHt5Mx0wjjlqBsmiYim6ij9XIypEYs7OsJ8WQ="},"lastRemoteEphemeralKey":"BaWWWLxBf9FTPBTsnSGjKpJuQqGXPk+pPKciYiq/xmY3","previousCounter":0,"rootKey":"fCHzIp/9x6HMdK3k3YiH73ZWk1pESDwjhzXnOZ1+2sc="},"indexInfo":{"baseKey":"BWxLaZvjZ8RS/+tOvP9W3NF8xqdeEOzvIdm02o0ncRt4","baseKeyType":1,"closed":1733773005271,"used":1733772958483,"created":1733772958483,"remoteIdentityKey":"Bb+anDg/Gdukvt1qLU4GlCJD04TyxsojUDYT1+jtbB4c"},"_chains":{"BUbUCi5svu4NBKsAAGwBuYUJFGVUYRmaNzxGrFz4iOU6":{"chainKey":{"counter":0,"key":"LT4paIyLQELZaPt8PoSIB9TQCZ/zAkyJh1uhNobZikU="},"chainType":1,"messageKeys":{}}},"pendingPreKey":{"signedKeyId":1,"baseKey":"BWxLaZvjZ8RS/+tOvP9W3NF8xqdeEOzvIdm02o0ncRt4","preKeyId":696}},"BaWn+vSnSRQFkyYDNvphWiAvAn37MLk/dan4/lS3jQdb":{"registrationId":211,"currentRatchet":{"ephemeralKeyPair":{"pubKey":"BRv8+Opcp+dLvFFGLFdAvCq7Ih0e1ubPkNZtJOZVYz9T","privKey":"2EFcIMrC6eh0i+7fOMB2at1kEuPLEEj/SFD6VjX4rn0="},"lastRemoteEphemeralKey":"BaWWWLxBf9FTPBTsnSGjKpJuQqGXPk+pPKciYiq/xmY3","previousCounter":0,"rootKey":"iucfmcULP/XPIbsk28lNTN+s1qyhWlkIyd2QTrdn//I="},"indexInfo":{"baseKey":"BaWn+vSnSRQFkyYDNvphWiAvAn37MLk/dan4/lS3jQdb","baseKeyType":1,"closed":1733773043121,"used":1733773005256,"created":1733773005256,"remoteIdentityKey":"Bb+anDg/Gdukvt1qLU4GlCJD04TyxsojUDYT1+jtbB4c"},"_chains":{"BRv8+Opcp+dLvFFGLFdAvCq7Ih0e1ubPkNZtJOZVYz9T":{"chainKey":{"counter":0,"key":"3OqM5rUIkCj9MDRzrXKAepO3kJOo7HDjXt5mQic4e7s="},"chainType":1,"messageKeys":{}}},"pendingPreKey":{"signedKeyId":1,"baseKey":"BaWn+vSnSRQFkyYDNvphWiAvAn37MLk/dan4/lS3jQdb","preKeyId":689}},"BbTdtWdKw8yUZU8jksktKLb/D4G7vn6+n5kLRpg+suo9":{"registrationId":211,"currentRatchet":{"ephemeralKeyPair":{"pubKey":"Ba/JOaxPVQvFT4Ogp26JgFVXbxagunu7tlE3WdmpdmV8","privKey":"4Do0UL63kg9CgRO9zv1M3sKgdc1JBhRyoFFGOHMJHkc="},"lastRemoteEphemeralKey":"BaWWWLxBf9FTPBTsnSGjKpJuQqGXPk+pPKciYiq/xmY3","previousCounter":0,"rootKey":"EvC04gOgB/bfrzdGT0wjOIb/a1LG1hu2u19u5oBYG3s="},"indexInfo":{"baseKey":"BbTdtWdKw8yUZU8jksktKLb/D4G7vn6+n5kLRpg+suo9","baseKeyType":1,"closed":1733773052909,"used":1733773043119,"created":1733773043119,"remoteIdentityKey":"Bb+anDg/Gdukvt1qLU4GlCJD04TyxsojUDYT1+jtbB4c"},"_chains":{"Ba/JOaxPVQvFT4Ogp26JgFVXbxagunu7tlE3WdmpdmV8":{"chainKey":{"counter":1,"key":"tKKcLWQnwgq9zrHR46t5NzYPiyK2usw0TQBkv9N3KrE="},"chainType":1,"messageKeys":{}}},"pendingPreKey":{"signedKeyId":1,"baseKey":"BbTdtWdKw8yUZU8jksktKLb/D4G7vn6+n5kLRpg+suo9","preKeyId":673}},"BfVSHSyTHqXSYxbtzQ2q9FJLbCeuMZ4C/giMjcpnKOAp":{"registrationId":211,"currentRatchet":{"ephemeralKeyPair":{"pubKey":"BY3/eNye2hDHXC7Znmklg9Y3AR/YhjYLB9BHu7Aa2OUU","privKey":"MIK0EWU3xXf8bZIL2e0qH+Wd/tD7YPi0KidZXxzL42A="},"lastRemoteEphemeralKey":"BaWWWLxBf9FTPBTsnSGjKpJuQqGXPk+pPKciYiq/xmY3","previousCounter":0,"rootKey":"X62zwT5pXe6n81EnPuAPCBUGJaA/wbhawPqNE3/lAAk="},"indexInfo":{"baseKey":"BfVSHSyTHqXSYxbtzQ2q9FJLbCeuMZ4C/giMjcpnKOAp","baseKeyType":1,"closed":-1,"used":1733773052899,"created":1733773052899,"remoteIdentityKey":"Bb+anDg/Gdukvt1qLU4GlCJD04TyxsojUDYT1+jtbB4c"},"_chains":{"BY3/eNye2hDHXC7Znmklg9Y3AR/YhjYLB9BHu7Aa2OUU":{"chainKey":{"counter":2,"key":"nAiE1vZ6ZRUdVXDOlGZ/6oxk/jdnRpQN7IMLMznpTR0="},"chainType":1,"messageKeys":{}}},"pendingPreKey":{"signedKeyId":1,"baseKey":"BfVSHSyTHqXSYxbtzQ2q9FJLbCeuMZ4C/giMjcpnKOAp","preKeyId":688}}},"version":"v1"}