{"_sessions":{"BTjIHlw8Ba+d7VPkL6WB6dCSiLmwo2MxvrX0KF8JozcX":{"registrationId":17,"currentRatchet":{"ephemeralKeyPair":{"pubKey":"Bb0qiuJaK2ZcP6wbpZlU5VdOXJr7gdCya2qgh3Qlg6JT","privKey":"AGjnn9+BRmv6LBrftnAhTFGGv0EwiQUCaQG8RsDr/2Y="},"lastRemoteEphemeralKey":"BRL17HxQKFAVdacHHKiwZklplCzc4GS1RLzgGQkW+rFM","previousCounter":0,"rootKey":"plEIF6ApozJEAh6BHm3QI6BqqU7c+Hvtn3+9RX64+ig="},"indexInfo":{"baseKey":"BTjIHlw8Ba+d7VPkL6WB6dCSiLmwo2MxvrX0KF8JozcX","baseKeyType":1,"closed":-1,"used":1734029266354,"created":1734029266354,"remoteIdentityKey":"BVJrcbtcMvubV9HdZqlVZcHW71ScyANK2EM2azGvCfpe"},"_chains":{"Bb0qiuJaK2ZcP6wbpZlU5VdOXJr7gdCya2qgh3Qlg6JT":{"chainKey":{"counter":4,"key":"9IDWaNPdX2vEa90UertuiffX0sw/iVDHTiv0iove0+M="},"chainType":1,"messageKeys":{}}},"pendingPreKey":{"signedKeyId":1,"baseKey":"BTjIHlw8Ba+d7VPkL6WB6dCSiLmwo2MxvrX0KF8JozcX"}}},"version":"v1"}