{"_sessions":{"BWSJDuwB3gyqRj4e36W8dsqDbIsMF+WZYJqTcBpe3Bt3":{"registrationId":57,"currentRatchet":{"ephemeralKeyPair":{"pubKey":"BVt+uZqjHuaolAhmy05gIjlDENOGTUxDckuQlbg7XdRG","privKey":"2LhWd9WJsaG6p935RPWn7VfQxYsvRuTApjahIsGVWH8="},"lastRemoteEphemeralKey":"BS+iYf2tac0iK9aSdBDDRsYFP+qKy/P2Nqe0ChCtLqBR","previousCounter":0,"rootKey":"jt3LvUOfHGkPtLogveEXa3HDWT6ki7cMUhm5FlbmHGo="},"indexInfo":{"baseKey":"BWSJDuwB3gyqRj4e36W8dsqDbIsMF+WZYJqTcBpe3Bt3","baseKeyType":1,"closed":-1,"used":1733772952660,"created":1733772952660,"remoteIdentityKey":"BSuxS1L0+tLF9agRshQMeeIkVL1wSFqS9KUVt/0+S7tG"},"_chains":{"BVt+uZqjHuaolAhmy05gIjlDENOGTUxDckuQlbg7XdRG":{"chainKey":{"counter":9,"key":"rchLNAkNs+/oOkWbVcq7zUymJtJBBCB3I60UxRoSaYM="},"chainType":1,"messageKeys":{}}},"pendingPreKey":{"signedKeyId":1,"baseKey":"BWSJDuwB3gyqRj4e36W8dsqDbIsMF+WZYJqTcBpe3Bt3"}}},"version":"v1"}