{"_sessions":{"BU+90ixQj/4rqyowt35Jo8ygXUfgo1KJ6OP2/RRfK0w7":{"registrationId":1612232435,"currentRatchet":{"ephemeralKeyPair":{"pubKey":"BeeR9bgRwSB9eDJ8qWr87dO2ZFcyCjJp4NH7aMxHLn4Z","privKey":"CBjNuTLYMD73e47xFaZMbYTZXNPD5qgNzMvYgfttLWM="},"lastRemoteEphemeralKey":"Bb9gWirWCH2xD3ra5VhbaOO1hpprJ6zg7T/6JrsoLUAF","previousCounter":0,"rootKey":"O975bCRUFTjmUJOOic758E2bglhZjC1lq5WT8qdmnnM="},"indexInfo":{"baseKey":"BU+90ixQj/4rqyowt35Jo8ygXUfgo1KJ6OP2/RRfK0w7","baseKeyType":1,"closed":-1,"used":1733667577662,"created":1733667577662,"remoteIdentityKey":"BWE/BAsLDiSD+PFf68o2Nt85qEaKeahFz43CTFXGeMAU"},"_chains":{"BeeR9bgRwSB9eDJ8qWr87dO2ZFcyCjJp4NH7aMxHLn4Z":{"chainKey":{"counter":26,"key":"KuPQAklO/bT0dLTB6CbhnLyjso+gs23zJRybrjZnAvE="},"chainType":1,"messageKeys":{}}},"pendingPreKey":{"signedKeyId":1,"baseKey":"BU+90ixQj/4rqyowt35Jo8ygXUfgo1KJ6OP2/RRfK0w7","preKeyId":5210262}}},"version":"v1"}