{"_sessions":{"BbLW8Dl/jiWwlG1c6J0HgQMgzZ20w7bu4/PQtR6QW/Y5":{"registrationId":1950954410,"currentRatchet":{"ephemeralKeyPair":{"pubKey":"BeC/r4EmE9EvvKg7/9pjmq6MTxzdABcQWT73sF8/8ulk","privKey":"AOAeBzUwrsXqfVRWhdeTLBU/4RrgSN58dWFmUETbgHM="},"lastRemoteEphemeralKey":"BU2OyC7PQiBfa1WjJfZldeRZ3rwCIIBBoE4k7f2MyhAS","previousCounter":0,"rootKey":"qsJB0GmA00ni/+eS7IIsY7sPibWENU0QOQgDpnv30o8="},"indexInfo":{"baseKey":"BbLW8Dl/jiWwlG1c6J0HgQMgzZ20w7bu4/PQtR6QW/Y5","baseKeyType":1,"closed":-1,"used":1734011798349,"created":1734011798349,"remoteIdentityKey":"BeFtX+sWUynTwu0zHPmQZSJB/h7j1gDTjdWQMGPQpUxs"},"_chains":{"BeC/r4EmE9EvvKg7/9pjmq6MTxzdABcQWT73sF8/8ulk":{"chainKey":{"counter":0,"key":"mT2NcVj78Cp0J21awEn5tcUvDTxKWtC9RPvxetkgRz4="},"chainType":1,"messageKeys":{}}},"pendingPreKey":{"signedKeyId":13,"baseKey":"BbLW8Dl/jiWwlG1c6J0HgQMgzZ20w7bu4/PQtR6QW/Y5","preKeyId":2861655}}},"version":"v1"}