{"_sessions":{"BcMFdMqHjlQaH65GV/coH/9BPBK9qW9Qo27zS/cK5DgB":{"registrationId":207,"currentRatchet":{"ephemeralKeyPair":{"pubKey":"BZ3xSCHiSSKvcjFY12ZBPMDpPenoG+CHQFB+Z4ZMtFR4","privKey":"+HJisE/jPbY26InyNCZHLff3EcVNgQhOidssIKOE0WA="},"lastRemoteEphemeralKey":"BZyPcO6wuhvlrXZ73xYEdjE/CSVKAI8MN8aCll28NLp+","previousCounter":0,"rootKey":"VJmT5a8uLTlM8421sv2n7R07TF+xQpr53654Xfs15RM="},"indexInfo":{"baseKey":"BcMFdMqHjlQaH65GV/coH/9BPBK9qW9Qo27zS/cK5DgB","baseKeyType":1,"closed":-1,"used":1733667576994,"created":1733667576994,"remoteIdentityKey":"BTDB48Y0HzlntDiVzjFjRdbvjx9GRF6WSqGyCHFapBdI"},"_chains":{"BZ3xSCHiSSKvcjFY12ZBPMDpPenoG+CHQFB+Z4ZMtFR4":{"chainKey":{"counter":11,"key":"BoXPUxj7/vsscvPPds1VUesOHwFc5gFX5i+KP+sJxBE="},"chainType":1,"messageKeys":{}}},"pendingPreKey":{"signedKeyId":1,"baseKey":"BcMFdMqHjlQaH65GV/coH/9BPBK9qW9Qo27zS/cK5DgB"}}},"version":"v1"}