{"_sessions":{"BboJf1Bj0TTu4hxeuPiEKnpmWex5mJYrFP+f8NIKkjtQ":{"registrationId":606402777,"currentRatchet":{"ephemeralKeyPair":{"pubKey":"Bc5yPHP7jZHX4nxDiaFbghFAXvy1vBo+rFY7z0ziMyVd","privKey":"mH1Xocb/XzSzkE0F8EvxsWU5AeDXs9/xIxLySa0koVs="},"lastRemoteEphemeralKey":"BTO4nrYWjhPICV7cMOPXY7nfF03YVsMUwDy2tNZ8HixA","previousCounter":0,"rootKey":"rrHU2aQ3g7LY+602SkFlnNUvvwatJRCrnwpeQb2cL3w="},"indexInfo":{"baseKey":"BboJf1Bj0TTu4hxeuPiEKnpmWex5mJYrFP+f8NIKkjtQ","baseKeyType":1,"closed":-1,"used":1733667577377,"created":1733667577377,"remoteIdentityKey":"BfQiNZihsgYdjMRKQSkdSETbadjIlww7cEIkwVz9nk42"},"_chains":{"Bc5yPHP7jZHX4nxDiaFbghFAXvy1vBo+rFY7z0ziMyVd":{"chainKey":{"counter":4,"key":"YBW00AvfG7VMU7HP/ubclAwa6pJtOgxG27Oeh+SDkE4="},"chainType":1,"messageKeys":{}}},"pendingPreKey":{"signedKeyId":1,"baseKey":"BboJf1Bj0TTu4hxeuPiEKnpmWex5mJYrFP+f8NIKkjtQ","preKeyId":8013048}}},"version":"v1"}