{"_sessions":{"BWErBNXFWb8eRMVGdfyOypR5BC+WNPIVJsIonMG32iwG":{"registrationId":51,"currentRatchet":{"ephemeralKeyPair":{"pubKey":"BWth+VhJt9tkYgQHsTG6JbCxWXIVoSonI3aAJArQDFBx","privKey":"aPCaAsevAcB4iQFBpdUGn4bp9XSFp1MaaB7IYtUhOUs="},"lastRemoteEphemeralKey":"BQ75AnCBWfib9DBM9xGT5q8md/xyDwaMpf4jIE66zB9r","previousCounter":0,"rootKey":"+ls7GNocnrGoN8pfHNdAQCWxvxYadxC8bSdJR6Yupio="},"indexInfo":{"baseKey":"BWErBNXFWb8eRMVGdfyOypR5BC+WNPIVJsIonMG32iwG","baseKeyType":1,"closed":-1,"used":1733667577262,"created":1733667577262,"remoteIdentityKey":"BSQpWXopVh8iJz3gcFxE/mUQgm2Y6+tY+TpBsuwm+x0u"},"_chains":{"BWth+VhJt9tkYgQHsTG6JbCxWXIVoSonI3aAJArQDFBx":{"chainKey":{"counter":4,"key":"2JNOyuerPNSIJmJSne7isG41FYDoPnUEeuwNNpfrX5w="},"chainType":1,"messageKeys":{}}},"pendingPreKey":{"signedKeyId":1,"baseKey":"BWErBNXFWb8eRMVGdfyOypR5BC+WNPIVJsIonMG32iwG"}}},"version":"v1"}