{"_sessions":{"Bf8bjmRmvyRgFNnoJuIBKVzJSTVxF7wto9EW9A6C/Nt1":{"registrationId":1602582529,"currentRatchet":{"ephemeralKeyPair":{"pubKey":"BfmEyhocb+kWUhOLY8UaP6c7515iI7/SH9M3HZZn4PMb","privKey":"qCRjwU5QDvFuRE7wRPCfbuK6snnyrrU3pdlkIcubKms="},"lastRemoteEphemeralKey":"BS4fvHMFWLRVOZhiKHsGpRiE4kQzrt/wWdj9sameJPA/","previousCounter":0,"rootKey":"cpSp7v1z8CdCvwRoDXWq2XF/kLSMqb/GbF6ASkFV57k="},"indexInfo":{"baseKey":"Bf8bjmRmvyRgFNnoJuIBKVzJSTVxF7wto9EW9A6C/Nt1","baseKeyType":1,"closed":-1,"used":1733667715383,"created":1733667715383,"remoteIdentityKey":"BTgChZGOqOJoRd4eR2Af3Y+gjp1Gc3qyS8MAd21HuHZA"},"_chains":{"BfmEyhocb+kWUhOLY8UaP6c7515iI7/SH9M3HZZn4PMb":{"chainKey":{"counter":2,"key":"iD3ZytIPgiXwXE7jEfr4c3k12t+Xano6ZrjrYB7hAJM="},"chainType":1,"messageKeys":{}}},"pendingPreKey":{"signedKeyId":1,"baseKey":"Bf8bjmRmvyRgFNnoJuIBKVzJSTVxF7wto9EW9A6C/Nt1","preKeyId":706910}}},"version":"v1"}