{"_sessions":{"BcYhg1fsUiC6dHa67iWB2xgDcUrQK4n0eaZqlwv8MMtb":{"registrationId":546617803,"currentRatchet":{"ephemeralKeyPair":{"pubKey":"BXqNLJw7g7dnEUTn1jXihmjHCUysGBN2QHqo1CYjLO0S","privKey":"cGgTVXvK3p1tTpilIxwPfwgXpULWm/AfTgjmnTfhCkY="},"lastRemoteEphemeralKey":"BQ0ob5jVBicC3snLykdjN1NP4eN7AgW3ko9PFl/Utftz","previousCounter":0,"rootKey":"f25ijzmp5Un/gZLusXzeNWyhywML0arP81NkEGzYV+0="},"indexInfo":{"baseKey":"BcYhg1fsUiC6dHa67iWB2xgDcUrQK4n0eaZqlwv8MMtb","baseKeyType":1,"closed":-1,"used":1734083197553,"created":1734011798280,"remoteIdentityKey":"BTagAnLr+KI1rrgqSamVPyxOkB5/Ejk3s13kWre7d9M/"},"_chains":{"BQ0ob5jVBicC3snLykdjN1NP4eN7AgW3ko9PFl/Utftz":{"chainKey":{"counter":1,"key":"IIR+LfO86pe36AZs+dzjJtTIXfqh2IoUM6yR5BIMo5Y="},"chainType":2,"messageKeys":{"0":"mX57LPo+xoRukV/WQOPZYZ0hfmSeTsWcU3uM5MXjAhw="}},"BXqNLJw7g7dnEUTn1jXihmjHCUysGBN2QHqo1CYjLO0S":{"chainKey":{"counter":-1,"key":"Uo0mNaPXRiN885CTB5l4ZPKQlkniJEM6K3hLpEyFuAE="},"chainType":1,"messageKeys":{}}}}},"version":"v1"}