{"_sessions":{"BVBGNliNl0BGI7T1FrMX8CprlLS71vCeMfd4PL+3SggH":{"registrationId":179,"currentRatchet":{"ephemeralKeyPair":{"pubKey":"BbXXFBPgA0KFJaaIu3CnbIdR5z/fLG3OHM40kRPC/04w","privKey":"kAL0xHdUke98BUjoQjeLHD6Dr82HezQmSus99Cbmgn4="},"lastRemoteEphemeralKey":"BaZGfKHaS5NFgXVZQ1c5jNXdkGp5WYokPYsm7XCYnEM3","previousCounter":0,"rootKey":"1vRjD56j0xfrTVVgWSmscGFCuOkYVneLTHdKNCB6qPg="},"indexInfo":{"baseKey":"BVBGNliNl0BGI7T1FrMX8CprlLS71vCeMfd4PL+3SggH","baseKeyType":1,"closed":-1,"used":1733667577090,"created":1733667577090,"remoteIdentityKey":"BfUXQIVElU88/nKlsZwX4o/nf5PZPwKDSBBD0SLretRi"},"_chains":{"BbXXFBPgA0KFJaaIu3CnbIdR5z/fLG3OHM40kRPC/04w":{"chainKey":{"counter":4,"key":"fy/1E5z6nsErZfEUcDTOixOSQKdG9VdA56yXtojuDKg="},"chainType":1,"messageKeys":{}}},"pendingPreKey":{"signedKeyId":1,"baseKey":"BVBGNliNl0BGI7T1FrMX8CprlLS71vCeMfd4PL+3SggH"}}},"version":"v1"}