{"_sessions":{"Bak9MORHpaQcA2IdEzbXsHxZ5r293QCIC90oufWNM3RG":{"registrationId":14409,"currentRatchet":{"ephemeralKeyPair":{"pubKey":"BWhopC5VWsRuW20+p6IwmZgjfUu5Ay+jGcfnkMxLju41","privKey":"UGB3B5uLG99NlYL7Har9jaZcQDJvsJ+wiREeGqroGlg="},"lastRemoteEphemeralKey":"BTcz0FXMHlQ71Kj9AR7+xXTMqZGCy7wbN6nUnd3RkGBq","previousCounter":0,"rootKey":"ufuHsGTzgxBuzMxYdKwz1jqf9u9rpagRo4b6S5zTG/4="},"indexInfo":{"baseKey":"Bak9MORHpaQcA2IdEzbXsHxZ5r293QCIC90oufWNM3RG","baseKeyType":1,"closed":-1,"used":1733667577256,"created":1733667577256,"remoteIdentityKey":"BQC66vnxe8Q2z3I58twqU5aZUo3t8LLCc5FL6IhC2RVJ"},"_chains":{"BWhopC5VWsRuW20+p6IwmZgjfUu5Ay+jGcfnkMxLju41":{"chainKey":{"counter":4,"key":"Fm8849qPo3T4U+krWVEiXgwDYeaK+K1YT40tujyLV98="},"chainType":1,"messageKeys":{}}},"pendingPreKey":{"signedKeyId":1,"baseKey":"Bak9MORHpaQcA2IdEzbXsHxZ5r293QCIC90oufWNM3RG"}}},"version":"v1"}