{"_sessions":{"BRL1Znk7z4Q/CyEentWaVxunREcSjJNl7buDgKzK/Ngk":{"registrationId":300672197,"currentRatchet":{"ephemeralKeyPair":{"pubKey":"Bf1vpGpmzy7gV4JSWIeiSDls34AHMZsNA1GhVjNehQkp","privKey":"YD08zkh25eMrBkb9d1SNCBDNDubqJb0OgsU7/AjmhUI="},"lastRemoteEphemeralKey":"BeqHdKBHvTU5Z7EVBJR3LUntKJqlXfQmtimgSHVE1Lg0","previousCounter":0,"rootKey":"TGz/9eQFZ3BxaskW2TKn2ob1dXplEAFRzuC1Kortr9g="},"indexInfo":{"baseKey":"BRL1Znk7z4Q/CyEentWaVxunREcSjJNl7buDgKzK/Ngk","baseKeyType":1,"closed":1733773001017,"used":1733667577683,"created":1733667577683,"remoteIdentityKey":"BTFUNxOgv2CsX0fEz8vgru7ZFV8gKT0WGmGvqPCknGkv"},"_chains":{"Bf1vpGpmzy7gV4JSWIeiSDls34AHMZsNA1GhVjNehQkp":{"chainKey":{"counter":5,"key":"TeYsYmgxhVA543e6dj9H/rjy3RUPWuq7Qux0mvQr+Zk="},"chainType":1,"messageKeys":{}}},"pendingPreKey":{"signedKeyId":1,"baseKey":"BRL1Znk7z4Q/CyEentWaVxunREcSjJNl7buDgKzK/Ngk","preKeyId":14747754}},"BfomLdmAIlUN4gHAz95VkfMZ97fIu0rZ+dtr/5R3PQ9V":{"registrationId":539029123,"currentRatchet":{"ephemeralKeyPair":{"pubKey":"BTqZ19DM4l5XSJMZI27BkTHuvcaoHs7b5eVnBhzoIBUR","privKey":"WE/rpwQreSR6bJaA//n4U1Hy1fkZ+TKpl1Ia4qy8P0s="},"lastRemoteEphemeralKey":"BVX0U0fkauXf2Sca56jdRl3l71HFCNYvB999eKNAswRu","previousCounter":0,"rootKey":"m6WAHx9LuRHjZ2p0vUOnHFEzr4TyQ39oCK4wlv20/0U="},"indexInfo":{"baseKey":"BfomLdmAIlUN4gHAz95VkfMZ97fIu0rZ+dtr/5R3PQ9V","baseKeyType":1,"closed":1734040477095,"used":1733773001015,"created":1733773001015,"remoteIdentityKey":"BSFGgtHfSYegjc4j3XpfHlkaUAA3sReaVQCN6mALpaRr"},"_chains":{"BTqZ19DM4l5XSJMZI27BkTHuvcaoHs7b5eVnBhzoIBUR":{"chainKey":{"counter":10,"key":"wFABZQ3SMBnVOsI8n5dYZ5TUNvk4njdHaqBTRowXYqw="},"chainType":1,"messageKeys":{}}},"pendingPreKey":{"signedKeyId":0,"baseKey":"BfomLdmAIlUN4gHAz95VkfMZ97fIu0rZ+dtr/5R3PQ9V","preKeyId":5114564}},"BUFsivP0LNIaJ6sg9eeB8SbBs7KUqtfcutqSQmeVfv1N":{"registrationId":539029123,"currentRatchet":{"ephemeralKeyPair":{"pubKey":"BRzkEo71Qpbc5E1MEV+Sgo6fPTKc+GA31xEih0DTg3I/","privKey":"kBknLBR0Wbcb3iOnHrAq9C/fEPDQQ9y8MAhzX9SJ6WE="},"lastRemoteEphemeralKey":"BTUGRmUQ3+ZlaBhd5Tu6mtPa4s8sV1ztiDBwMm/Qh+oe","previousCounter":0,"rootKey":"YnWN1Rjn/iu8sHoH8H63LQl6YWcQsW8W/SWhgi+x1ng="},"indexInfo":{"baseKey":"BUFsivP0LNIaJ6sg9eeB8SbBs7KUqtfcutqSQmeVfv1N","baseKeyType":2,"closed":-1,"used":1734079760766,"created":1734040477099,"remoteIdentityKey":"BSFGgtHfSYegjc4j3XpfHlkaUAA3sReaVQCN6mALpaRr"},"_chains":{"BfAs3SIEkU8r2x5vUCXIFJIiG1a6e2vVp2lzqzhU7Wh+":{"chainKey":{"counter":0},"chainType":2,"messageKeys":{}},"BSAXN6tBsTllA5PTttniWWvB4cZ36jnpf9vIHpofbKRF":{"chainKey":{"counter":0},"chainType":2,"messageKeys":{}},"Bc5y2aTwAtGm/+aDlW9qI74NgiqSM6IHWHXLa+h4o5YF":{"chainKey":{"counter":0},"chainType":2,"messageKeys":{}},"BTUGRmUQ3+ZlaBhd5Tu6mtPa4s8sV1ztiDBwMm/Qh+oe":{"chainKey":{"counter":0,"key":"Lio7ZV7Zrmq+vkE//5PtGCI1bQcq3f2ZwzbSTQ+ljfY="},"chainType":2,"messageKeys":{}},"BRzkEo71Qpbc5E1MEV+Sgo6fPTKc+GA31xEih0DTg3I/":{"chainKey":{"counter":0,"key":"nk5Ho3RSW6gNsZ1s6n3VIjkYjQHvLrWQ1ZcBkHU0j9k="},"chainType":1,"messageKeys":{}}}}},"version":"v1"}