{"_sessions":{"BRUc5kQHbeiZ9VM2ecBG31QvV1OOS41zm4EbxnG8a54u":{"registrationId":1695853662,"currentRatchet":{"ephemeralKeyPair":{"pubKey":"BeCWV8uNo8m4hp3ry6sIiiTYa+l/37Mf6dK6oVixRQYJ","privKey":"uGa0znG/7dfhrEY/N0a01Gn0gJguip1Br1p0lA0QxX4="},"lastRemoteEphemeralKey":"Bc0/EylzDpGc++NB9+twDiD6xV+JEQihHUHRAr49Wj8O","previousCounter":0,"rootKey":"coTkCWjWmbWy6Z/WXp6jnpuwI8NGaXWll4Fd3Mtr/Wk="},"indexInfo":{"baseKey":"BRUc5kQHbeiZ9VM2ecBG31QvV1OOS41zm4EbxnG8a54u","baseKeyType":1,"closed":-1,"used":1733667577676,"created":1733667577676,"remoteIdentityKey":"BRnb7SX58sxA9CI0HmMs12P4fKepslZEQoHXMILysOAi"},"_chains":{"BeCWV8uNo8m4hp3ry6sIiiTYa+l/37Mf6dK6oVixRQYJ":{"chainKey":{"counter":4,"key":"8apPquwp/Gnu08KGFAD+jv5zsTkAXiK6EGR/tqzlVCo="},"chainType":1,"messageKeys":{}}},"pendingPreKey":{"signedKeyId":0,"baseKey":"BRUc5kQHbeiZ9VM2ecBG31QvV1OOS41zm4EbxnG8a54u","preKeyId":4729317}}},"version":"v1"}