{"_sessions":{"BRQFkawo0fCQdn1am32JR0iOqzR9XuHNoH3cSbOMA4UX":{"registrationId":601976438,"currentRatchet":{"ephemeralKeyPair":{"pubKey":"BZDuv7Y0if5SVfysFoH8dq8bqjEB0KS4OCTSbMM3OJ1l","privKey":"IHHStW+KaQbxz9pPwh9CW8TEVqhACgg/azfi3ookVGM="},"lastRemoteEphemeralKey":"BcmN6YPyaS5P1hJYVMaCg4OTbOEi4Y0l7mhoicDaPUo9","previousCounter":0,"rootKey":"hB0uCPJtJMM54h4R+0apIZbjhai3ZT5QObvGaewSMiU="},"indexInfo":{"baseKey":"BRQFkawo0fCQdn1am32JR0iOqzR9XuHNoH3cSbOMA4UX","baseKeyType":1,"closed":-1,"used":1733667715285,"created":1733667715285,"remoteIdentityKey":"BZK4m5/Ht4qwPfEBH49DWoKdpdehgvAO37mUqDoIrU0W"},"_chains":{"BZDuv7Y0if5SVfysFoH8dq8bqjEB0KS4OCTSbMM3OJ1l":{"chainKey":{"counter":21,"key":"hhcsXJw+ZEopoSpnV/C4aF9Ny4SKO4t+qcut7S+YSGw="},"chainType":1,"messageKeys":{}}},"pendingPreKey":{"signedKeyId":1,"baseKey":"BRQFkawo0fCQdn1am32JR0iOqzR9XuHNoH3cSbOMA4UX","preKeyId":2135657}}},"version":"v1"}