{"_sessions":{"BVOJ5rcHzXaAn+GSGIEzeMnaY6vZ/LCrxLqZ0RH5UPJ7":{"registrationId":212,"currentRatchet":{"ephemeralKeyPair":{"pubKey":"BQFIpzCeMcD+X3rZT7jxUoSm5c7lCMu1ZrtD/OYamBBb","privKey":"aGrRv5/PnqFD/XSuXDbxscWPz/XYEKPHj3ezvokhAVE="},"lastRemoteEphemeralKey":"BWtZ24wyTBvRDtpBxP0xhJGIGCbrzP0e71e82XUZI5hp","previousCounter":0,"rootKey":"YJ8hmE9+F8OUXsKRkibEUrDmtfXvTcIvjPTauN53GV0="},"indexInfo":{"baseKey":"BVOJ5rcHzXaAn+GSGIEzeMnaY6vZ/LCrxLqZ0RH5UPJ7","baseKeyType":1,"closed":-1,"used":1733667577270,"created":1733667577270,"remoteIdentityKey":"BSJIitpbKfeLtedVWV3hTNLGl1d0haxyL+xlnxo735xk"},"_chains":{"BQFIpzCeMcD+X3rZT7jxUoSm5c7lCMu1ZrtD/OYamBBb":{"chainKey":{"counter":4,"key":"Tf6LCoC16kxtWuN4CMjIcO/gM8tspGJUi6wh3Nmu5zI="},"chainType":1,"messageKeys":{}}},"pendingPreKey":{"signedKeyId":1,"baseKey":"BVOJ5rcHzXaAn+GSGIEzeMnaY6vZ/LCrxLqZ0RH5UPJ7"}}},"version":"v1"}