{"_sessions":{"BXElNuIu30qsQguJVXjSA+BXjoWCJo3UmTyx0bXCFyQ+":{"registrationId":1765665262,"currentRatchet":{"ephemeralKeyPair":{"pubKey":"BQYOFvQpGFTXLHsnlqIHPGJvQDkteqOMytADz6IAHCVK","privKey":"iDQGIuRaNpSOMUgGjCpQOMnziqX6FOnkcqegvaW6fGw="},"lastRemoteEphemeralKey":"BW2+BVUnbhM4vaGab+RuMBVQqSXvQDJY2p2FCe7SZpsz","previousCounter":0,"rootKey":"laNIZ5FGffvJGfLwZDo2uQm5tep5fogCDCJOfBVU/1k="},"indexInfo":{"baseKey":"BXElNuIu30qsQguJVXjSA+BXjoWCJo3UmTyx0bXCFyQ+","baseKeyType":1,"closed":-1,"used":1733667714966,"created":1733667714966,"remoteIdentityKey":"BbQFxedlbJkyV63vZUONohMoH74+AiNAxdpLRO63Bohn"},"_chains":{"BQYOFvQpGFTXLHsnlqIHPGJvQDkteqOMytADz6IAHCVK":{"chainKey":{"counter":21,"key":"6ELKszDVhOd76JGu+Ccb3wC5siESk9iQYymSu5p2qIw="},"chainType":1,"messageKeys":{}}},"pendingPreKey":{"signedKeyId":1,"baseKey":"BXElNuIu30qsQguJVXjSA+BXjoWCJo3UmTyx0bXCFyQ+","preKeyId":5838558}}},"version":"v1"}