{"_sessions":{"BZnIGjfCht6RvICmnVo/tLxapB4L3QtRjoOEJ9J22YAy":{"registrationId":1032268595,"currentRatchet":{"ephemeralKeyPair":{"pubKey":"BXpz2DpMjzs51OHSfd4EzvzItUMCpygW9/8ASeRzMhpu","privKey":"OBf9gnU/rM2QojP0NzTlNwfFvAuZdcZ4S6K7iblRD1E="},"lastRemoteEphemeralKey":"BQZ3OHzhJG5jl1fkQ7ov7zGqVqsIhRht5Fl0kDhEeowf","previousCounter":0,"rootKey":"vIkPiu0lRxIt9KKAEwQNdcmg3BgfPGyjrr/EecqTO3E="},"indexInfo":{"baseKey":"BZnIGjfCht6RvICmnVo/tLxapB4L3QtRjoOEJ9J22YAy","baseKeyType":1,"closed":-1,"used":1734011798484,"created":1734011798484,"remoteIdentityKey":"BRetMb+zu6bUEfEVo6WTlxtgugHsRmomP41EAdkbEvcu"},"_chains":{"BXpz2DpMjzs51OHSfd4EzvzItUMCpygW9/8ASeRzMhpu":{"chainKey":{"counter":0,"key":"8WKdF2Itan27uim21B5YZ54XqY7UIaNjFYcWKjq8xlo="},"chainType":1,"messageKeys":{}}},"pendingPreKey":{"signedKeyId":3,"baseKey":"BZnIGjfCht6RvICmnVo/tLxapB4L3QtRjoOEJ9J22YAy","preKeyId":13863116}}},"version":"v1"}