{"_sessions":{"BbT3onLaQ6zygftOuPBv+Z7pt4eO8iK730XgNuDqAmMF":{"registrationId":793542411,"currentRatchet":{"ephemeralKeyPair":{"pubKey":"BTUm08zx8XA35Vu6JjcS9XukBtxSgFdFRE9Xx0t5z9FO","privKey":"EKniRVaR2E4ikFMByb7+lovAXqWn5PSCQh4bRpJH5VQ="},"lastRemoteEphemeralKey":"BdfVwsYE5ZE+Vwfacd+YW/koWz44Muf6qWk295cjfJ12","previousCounter":0,"rootKey":"sCVOCNlxbFtmYf9R+t2xNM/BClf+nHbpQJJrdSgDEPk="},"indexInfo":{"baseKey":"BbT3onLaQ6zygftOuPBv+Z7pt4eO8iK730XgNuDqAmMF","baseKeyType":1,"closed":-1,"used":1734011798188,"created":1734011798188,"remoteIdentityKey":"BVAMIAvZRKXIadQKHQWklk7q0PoZjOAnt8Omaw2oDk5h"},"_chains":{"BTUm08zx8XA35Vu6JjcS9XukBtxSgFdFRE9Xx0t5z9FO":{"chainKey":{"counter":0,"key":"2jir2KhKpaUYOqgW2yVIPewhp/yUpVXarm5TDNwyXZQ="},"chainType":1,"messageKeys":{}}},"pendingPreKey":{"signedKeyId":12,"baseKey":"BbT3onLaQ6zygftOuPBv+Z7pt4eO8iK730XgNuDqAmMF","preKeyId":3380847}}},"version":"v1"}