{"_sessions":{"BYd/S48NaeFYT8b6ZQDGe0nFnL6z95Yj/ANTrg4Iq0MI":{"registrationId":1866741700,"currentRatchet":{"ephemeralKeyPair":{"pubKey":"BY+Vqynh2QZkkRvSg2kH3AuA2OcJi/61avUUt6Lj7tU7","privKey":"uJv4DAS/D7QzsZVFGes+AM2b+BJlN+GnQyN65mHRTm8="},"lastRemoteEphemeralKey":"BXbtt9U4cONyyyxkg0U0/AERxvJqWkkZeK+pkjgRPVA5","previousCounter":0,"rootKey":"jcyycbrQrIjOsRhhXryBEeZaFSVfxZnpIQD2WoitZ2Q="},"indexInfo":{"baseKey":"BYd/S48NaeFYT8b6ZQDGe0nFnL6z95Yj/ANTrg4Iq0MI","baseKeyType":1,"closed":-1,"used":1733667715186,"created":1733667715186,"remoteIdentityKey":"BQSH8DdazCNl1f+Q3LbS0OrI/qHJuf6E2mnJMhgoQ6J8"},"_chains":{"BY+Vqynh2QZkkRvSg2kH3AuA2OcJi/61avUUt6Lj7tU7":{"chainKey":{"counter":21,"key":"VM4YUxtLU8xMFVGicwrELbSQcMVoFs4mtRi86yoXnJc="},"chainType":1,"messageKeys":{}}},"pendingPreKey":{"signedKeyId":0,"baseKey":"BYd/S48NaeFYT8b6ZQDGe0nFnL6z95Yj/ANTrg4Iq0MI"}}},"version":"v1"}