{"_sessions":{"BVfmyMPOLEEqaebaEpz7visE+xT8E24RPM+83lRPHIBS":{"registrationId":223,"currentRatchet":{"ephemeralKeyPair":{"pubKey":"BUJFDfXdGpgRJ0Wv209ObR6IekJFYLEeNUeiZXvqHEcc","privKey":"GNSJG+3CIJUrTnitK+uC1cE+KydIPLHbisy5tnSvaFw="},"lastRemoteEphemeralKey":"BS8e7jpSpOcJsoQFLawsxNYLlvlnW1uo8AnqSFzBk00w","previousCounter":0,"rootKey":"7NL6KzXORgMbYsL0shVK5Jxz7/Le9UPZzBlxqoEjxkg="},"indexInfo":{"baseKey":"BVfmyMPOLEEqaebaEpz7visE+xT8E24RPM+83lRPHIBS","baseKeyType":1,"closed":-1,"used":1733667714778,"created":1733667714778,"remoteIdentityKey":"BdVylIfpWHMslumAyaxLluCJ/XLR5BIaiBH+/oFwDSFR"},"_chains":{"BUJFDfXdGpgRJ0Wv209ObR6IekJFYLEeNUeiZXvqHEcc":{"chainKey":{"counter":9,"key":"uP2W5okQg0Nm0HHLMhl0YymweG6ce4kNZV59zJsjtig="},"chainType":1,"messageKeys":{}}},"pendingPreKey":{"signedKeyId":1,"baseKey":"BVfmyMPOLEEqaebaEpz7visE+xT8E24RPM+83lRPHIBS"}}},"version":"v1"}