{"_sessions":{"BZ7VUJ60t4waFstA4pnKYQMLEv3mJ5Q72uLgOjC1IFx1":{"registrationId":2088360243,"currentRatchet":{"ephemeralKeyPair":{"pubKey":"Bcl0pdzIgAwKAYQJQmQE0Zg0VNyImojcEKxbsPQM5ski","privKey":"QHKC/fnZFA+SXH420o5BzB0mPUihULbWQW7RLq1a+nk="},"lastRemoteEphemeralKey":"BVyjVa5dt7uHoG6RTLjIBlPX4BnzoLFP1KO5VByVjvI/","previousCounter":0,"rootKey":"H5wQ28Na2VtbOLeLVi58dfmQ2vO8iiUT8S5N02sFzaw="},"indexInfo":{"baseKey":"BZ7VUJ60t4waFstA4pnKYQMLEv3mJ5Q72uLgOjC1IFx1","baseKeyType":1,"closed":-1,"used":1733667715003,"created":1733667715003,"remoteIdentityKey":"Be5NiMyKnrioqeGNpjFUnhs6n130rjn1DuQjP0Z7CbQe"},"_chains":{"Bcl0pdzIgAwKAYQJQmQE0Zg0VNyImojcEKxbsPQM5ski":{"chainKey":{"counter":21,"key":"Az5wo15AtT4hECTtDFYfAWG2yfPeybah8V7svG+yo9I="},"chainType":1,"messageKeys":{}}},"pendingPreKey":{"signedKeyId":0,"baseKey":"BZ7VUJ60t4waFstA4pnKYQMLEv3mJ5Q72uLgOjC1IFx1"}}},"version":"v1"}