{"_sessions":{"BZnSZL9bMGLUz4Y0qRwhnBuShhkO76MrroHnrXuc8sMM":{"registrationId":77,"currentRatchet":{"ephemeralKeyPair":{"pubKey":"Be/ML+k5EndOwQldwleABm50o4LxEjVHOpxrACx69CVr","privKey":"iLlOLVQNjyRRUbKgfCaE6wD2qPuLe+1+xsj2wWUmlWA="},"lastRemoteEphemeralKey":"BS6sr/0xaEyEYYh90gSZtn+djWu1Hqb2So3sIcudP94A","previousCounter":0,"rootKey":"UzjPH0AMMIbEosFrxDvgof9hLmv9kbLcaevFEVk2PBw="},"indexInfo":{"baseKey":"BZnSZL9bMGLUz4Y0qRwhnBuShhkO76MrroHnrXuc8sMM","baseKeyType":1,"closed":-1,"used":1733667714861,"created":1733667714861,"remoteIdentityKey":"BeeMKrDqmInnv1xrPochuc6Kuakkg3xDYhjrtcPHHbgb"},"_chains":{"Be/ML+k5EndOwQldwleABm50o4LxEjVHOpxrACx69CVr":{"chainKey":{"counter":9,"key":"6tX4OzSbfzDfvWOyk7ASdgmOO7UHKjJLFqcRfJ7NAdE="},"chainType":1,"messageKeys":{}}},"pendingPreKey":{"signedKeyId":1,"baseKey":"BZnSZL9bMGLUz4Y0qRwhnBuShhkO76MrroHnrXuc8sMM"}}},"version":"v1"}