{"_sessions":{"BdpePzf1ro3KDKeClv5wbjDABNeQnKMu26pE+5NmTolz":{"registrationId":1593861946,"currentRatchet":{"ephemeralKeyPair":{"pubKey":"Bc/XWVp8Xj8w0608Qj9g5068Q/QvRqYctrgDp35BB2le","privKey":"gE1CJdTY1WNy/QHKEiQrTTN7yOcb/MvFC/rnDOXAzXI="},"lastRemoteEphemeralKey":"BT9IvjgpXLmRnRXdzmMyPN+Jm0DuMRRaBE+v6+9znEs1","previousCounter":0,"rootKey":"yW17uQcZp/O3vCEXpCxlFOx23BV+vVGJFqnlbu8NJi4="},"indexInfo":{"baseKey":"BdpePzf1ro3KDKeClv5wbjDABNeQnKMu26pE+5NmTolz","baseKeyType":1,"closed":-1,"used":1733667577497,"created":1733667577497,"remoteIdentityKey":"BZdviUprc3MG3qkoP6tjMPMY3qddg3tdPxLu0pEyEKka"},"_chains":{"Bc/XWVp8Xj8w0608Qj9g5068Q/QvRqYctrgDp35BB2le":{"chainKey":{"counter":1,"key":"rKc0TZngY/DJhu+WyOLvTMZ+G5auumwmlTX5KOJ+cMY="},"chainType":1,"messageKeys":{}}},"pendingPreKey":{"signedKeyId":0,"baseKey":"BdpePzf1ro3KDKeClv5wbjDABNeQnKMu26pE+5NmTolz","preKeyId":15746127}}},"version":"v1"}