{"_sessions":{"BfAm3/MopkoCtVLkTNZxn3Qyjgb9Ohfuxqnps+s12jxh":{"registrationId":12235,"currentRatchet":{"ephemeralKeyPair":{"pubKey":"BSxq49YSHydXHyhm4zfroLFDJ3wLbYHC4uEDogJ7GUcM","privKey":"cNbqFHtMSi0kgFPsZwxhQ92hq5Su6QAQQXGBCLTHpl4="},"lastRemoteEphemeralKey":"BXCOY8DGWZ/pgJ8nkCcc4waRDozhQJIvGnS0WeEQ/Pp+","previousCounter":0,"rootKey":"ujGiLerPyyxDyxCqyIFAihhjOWuSrV7e0uIKJcaX1GA="},"indexInfo":{"baseKey":"BfAm3/MopkoCtVLkTNZxn3Qyjgb9Ohfuxqnps+s12jxh","baseKeyType":1,"closed":-1,"used":1734011797899,"created":1734011797899,"remoteIdentityKey":"BaUIc44NTJ9Mf5BUMxO4fCNV4sLGxpaiqgsSiojRDNBb"},"_chains":{"BSxq49YSHydXHyhm4zfroLFDJ3wLbYHC4uEDogJ7GUcM":{"chainKey":{"counter":0,"key":"cqEN6xo/Sxf1uv2VpSZ+6EdO03GqbcRKKPRu0R128ks="},"chainType":1,"messageKeys":{}}},"pendingPreKey":{"signedKeyId":1,"baseKey":"BfAm3/MopkoCtVLkTNZxn3Qyjgb9Ohfuxqnps+s12jxh","preKeyId":3675}}},"version":"v1"}