{"_sessions":{"BQSF3zETEphe4CCv7QpSs6FiHlcWwbk92Bfaukhcf8xk":{"registrationId":1685154704,"currentRatchet":{"ephemeralKeyPair":{"pubKey":"BWfu1ph2whFmh6ANajpEgqGHjMm8T/DI+Yfj4oPq8qwI","privKey":"oCmTflmIjPp7H4vIR0SXcEPOQ3Nkh9BrSsWwchuZ8WU="},"lastRemoteEphemeralKey":"BWsHwJZ9KtJWIhc7DJ6oxsBr5L0sgciNaVeheEDM8Q0P","previousCounter":0,"rootKey":"on3Ybr1N+z9I2udujta6/YYmkyJJTObDBsJjhCzr3mw="},"indexInfo":{"baseKey":"BQSF3zETEphe4CCv7QpSs6FiHlcWwbk92Bfaukhcf8xk","baseKeyType":1,"closed":-1,"used":1734011798078,"created":1734011798078,"remoteIdentityKey":"BYRSN+6e3sOOy1qzTNAm+W/I9b+2dKf0mC017cfJgPIg"},"_chains":{"BWfu1ph2whFmh6ANajpEgqGHjMm8T/DI+Yfj4oPq8qwI":{"chainKey":{"counter":0,"key":"I80KLbcfD3q0g7QAUBMT5kck3DMpiMjHoyluHa9od9M="},"chainType":1,"messageKeys":{}}},"pendingPreKey":{"signedKeyId":3,"baseKey":"BQSF3zETEphe4CCv7QpSs6FiHlcWwbk92Bfaukhcf8xk","preKeyId":6902629}}},"version":"v1"}