{"_sessions":{"BQgnytgEDzzi3UgGm3H+OCmWLN7QFTT/vL2OOH3+DI1Z":{"registrationId":212,"currentRatchet":{"ephemeralKeyPair":{"pubKey":"BXbrd0mGgiW5WJyjynV9aITO8aTLj7PHR/BkJT8KyHti","privKey":"WN2XjpdkdHBwwjAu+HsiuPXOIbBpDvP1ZchCORDtd0E="},"lastRemoteEphemeralKey":"BXTMgujUKStZeICsS2vMyFLqR0e7+2YByZxS1Jm6JmIW","previousCounter":0,"rootKey":"XqiYlMNNkBY9oF+ibe1nH8zatD45SPOadYTfrnmpl2U="},"indexInfo":{"baseKey":"BQgnytgEDzzi3UgGm3H+OCmWLN7QFTT/vL2OOH3+DI1Z","baseKeyType":1,"closed":-1,"used":1734011803693,"created":1734011803693,"remoteIdentityKey":"BUCLM7m2CpSxiXAkljC3wmlNBSfMDE33Esth7iEfnRZk"},"_chains":{"BXbrd0mGgiW5WJyjynV9aITO8aTLj7PHR/BkJT8KyHti":{"chainKey":{"counter":11,"key":"l23w1swzmPexcExsN5lJtfjA+GGL6QrWP1vf2gRD8Ys="},"chainType":1,"messageKeys":{}}},"pendingPreKey":{"signedKeyId":1,"baseKey":"BQgnytgEDzzi3UgGm3H+OCmWLN7QFTT/vL2OOH3+DI1Z"}}},"version":"v1"}