{"_sessions":{"BduAzCn3H+nccSotosKCpPCrcqwj+EYypLE4AaHDHxcK":{"registrationId":628637994,"currentRatchet":{"ephemeralKeyPair":{"pubKey":"Bb1DZI0QB92irik+ESv3smWhCGTNGQNlsSGp0zE6jxIW","privKey":"eEkcFkNc6OeGnP7FFENjd8+s1sAkeUOlvY0S2qtmX10="},"lastRemoteEphemeralKey":"BZJ2zDwDf2oPJAoqwBjvR9r8rAxYol+i+zmCs66jJHoT","previousCounter":0,"rootKey":"pRcT7RfY+SQqQHV12ayEbfaAYmPRF677WlKR7fNLkk8="},"indexInfo":{"baseKey":"BduAzCn3H+nccSotosKCpPCrcqwj+EYypLE4AaHDHxcK","baseKeyType":1,"closed":-1,"used":1733667715270,"created":1733667715270,"remoteIdentityKey":"BSlI7U17TWgXUIjkmSXtKhTnVgyT3b2KGmUx/oJDaoEn"},"_chains":{"Bb1DZI0QB92irik+ESv3smWhCGTNGQNlsSGp0zE6jxIW":{"chainKey":{"counter":21,"key":"TkDZxHqKy1cs21LJxJi/dn7zWDOEGP9LANcZDvLF1A0="},"chainType":1,"messageKeys":{}}},"pendingPreKey":{"signedKeyId":3,"baseKey":"BduAzCn3H+nccSotosKCpPCrcqwj+EYypLE4AaHDHxcK","preKeyId":6340225}}},"version":"v1"}