{"_sessions":{"BcOvbn5YT8l4veVeGWLBdT/gz61k/Ws/5X2hIrGMUpsy":{"registrationId":182,"currentRatchet":{"ephemeralKeyPair":{"pubKey":"BdFEO2O1mGWqMvfIjQAdccfZE7sfgEEuytkFQKVKGWxD","privKey":"6C5rKToQz1vQQq6GS17lFtW/pCNlOyNjdFxGJZ2wuWo="},"lastRemoteEphemeralKey":"BQ9Kp0SUlZuwsdSL1pLC2s1zmdSnhhEvTebnw3m6UGds","previousCounter":0,"rootKey":"eMN5b2wZgT79g8+WsLV8Vfk8RLUkD2/oeTF9mOEYdmE="},"indexInfo":{"baseKey":"BcOvbn5YT8l4veVeGWLBdT/gz61k/Ws/5X2hIrGMUpsy","baseKeyType":1,"closed":-1,"used":1733667576987,"created":1733667576987,"remoteIdentityKey":"BbunZpa2eZ2CUf/a3SimTY9t9rmhVJwOnySMCrlw95kG"},"_chains":{"BdFEO2O1mGWqMvfIjQAdccfZE7sfgEEuytkFQKVKGWxD":{"chainKey":{"counter":11,"key":"n6wBYK53h60oYF+KGQjjrtm6vifHIl99xdqRYN4CQjg="},"chainType":1,"messageKeys":{}}},"pendingPreKey":{"signedKeyId":1,"baseKey":"BcOvbn5YT8l4veVeGWLBdT/gz61k/Ws/5X2hIrGMUpsy"}}},"version":"v1"}