{"_sessions":{"BZKt1PpDWrquTw5ZRUQYhpXqQlkd9DKKPfjgGdETTQtb":{"registrationId":164,"currentRatchet":{"ephemeralKeyPair":{"pubKey":"Bb6qFWt8/E5KH/XpbSeyIzK21oCVCwF7EdO0cS8B4XI4","privKey":"IHOPUob6QBSVHVVCojBKP7EDjDJ+odgIZwfmUnrqd3w="},"lastRemoteEphemeralKey":"BagXNxSM8R0mONRn2/JC8+ZEsRiHI25GwxW7KsuQBnI2","previousCounter":0,"rootKey":"FTc8IWHLFDnbZM+oHK0xVTPIWlTNUxPfyRjs6glqymU="},"indexInfo":{"baseKey":"BZKt1PpDWrquTw5ZRUQYhpXqQlkd9DKKPfjgGdETTQtb","baseKeyType":1,"closed":-1,"used":1733667714792,"created":1733667714792,"remoteIdentityKey":"BSnKHX8+7hHNFZ/lndsi9CAzprwdrrPefKDMzL84SpgQ"},"_chains":{"Bb6qFWt8/E5KH/XpbSeyIzK21oCVCwF7EdO0cS8B4XI4":{"chainKey":{"counter":21,"key":"mQVdVD1qa+IwtWFDaAJBaR+IsmtK4s2RcXZWAhSLXJM="},"chainType":1,"messageKeys":{}}},"pendingPreKey":{"signedKeyId":1,"baseKey":"BZKt1PpDWrquTw5ZRUQYhpXqQlkd9DKKPfjgGdETTQtb"}}},"version":"v1"}