{"_sessions":{"BYOxAXYgNdxn9EzE8E2FijiYBzRODilz3ORUuYDvF/0S":{"registrationId":22,"currentRatchet":{"ephemeralKeyPair":{"pubKey":"BfnEqwdVhJtFCdqeURR7g6EkXSB2Xs+KVJWpI2yrDyZp","privKey":"IJzNk3L5rr7d/TPKL+7PNk1FnoFU7xkp9wK0FAT89XY="},"lastRemoteEphemeralKey":"BUzgyl2VtJsPABQW06RvrqEC6/kd5Py+5YAH7X4seiAP","previousCounter":0,"rootKey":"7FYXcLVQgzsxRKh8d07CU/n8jwJ7XKskBalxEH4j+bM="},"indexInfo":{"baseKey":"BYOxAXYgNdxn9EzE8E2FijiYBzRODilz3ORUuYDvF/0S","baseKeyType":1,"closed":-1,"used":1733688130793,"created":1733688130793,"remoteIdentityKey":"BTo+0udcI5342GnoJSg7xwkjC97ZzMD/xR2eTsN/5U52"},"_chains":{"BfnEqwdVhJtFCdqeURR7g6EkXSB2Xs+KVJWpI2yrDyZp":{"chainKey":{"counter":3,"key":"SQ53QYLAZELEfp0Q4YUB13Ly40LUlQm0P8NIYmEUmR0="},"chainType":1,"messageKeys":{}}},"pendingPreKey":{"signedKeyId":1,"baseKey":"BYOxAXYgNdxn9EzE8E2FijiYBzRODilz3ORUuYDvF/0S"}}},"version":"v1"}