{"_sessions":{"BTXtq1QGSRk1vQthcdl3go8b4Nb9K+a2Ee1fi6v668dT":{"registrationId":2139907592,"currentRatchet":{"ephemeralKeyPair":{"pubKey":"BaKyr0gMf5r6T6k2VltDLcx6m7/3qpDTAIgM7v4+nnYJ","privKey":"EEglRzCn9UPBS94h6UIcit8jB/yTYmXbWPf4Tbz7kXU="},"lastRemoteEphemeralKey":"BSLjGxGYffaHJluhIwmTBsA4ZG5+S86dYoiX2ocAgAJF","previousCounter":0,"rootKey":"1O7fQIyTczrt9+1586QqAFrb68GZgSw8OPPm8E7l4Kw="},"indexInfo":{"baseKey":"BTXtq1QGSRk1vQthcdl3go8b4Nb9K+a2Ee1fi6v668dT","baseKeyType":1,"closed":-1,"used":1733667577359,"created":1733667577359,"remoteIdentityKey":"BUGswb4Byx6XCMdT6GxrezlKPq/h+YzZAl4bUNnVmbdr"},"_chains":{"BaKyr0gMf5r6T6k2VltDLcx6m7/3qpDTAIgM7v4+nnYJ":{"chainKey":{"counter":4,"key":"4qSYpX3LaX2jfzPerCIRrWF2vpQVn0GViHhW4sjhnrA="},"chainType":1,"messageKeys":{}}},"pendingPreKey":{"signedKeyId":1,"baseKey":"BTXtq1QGSRk1vQthcdl3go8b4Nb9K+a2Ee1fi6v668dT"}}},"version":"v1"}