{"_sessions":{"BbiAoIzSjNWLCq57t3ld62YaRrWt9W7RyK2xe+iRokoC":{"registrationId":7,"currentRatchet":{"ephemeralKeyPair":{"pubKey":"BXl3Sr5E/Ed/43ys/VN3Lb9YreyqFUftquKitWe7yedF","privKey":"eJircuKVsHdXqRC67/ZPs4354RcvwncJNrpeZVANx3c="},"lastRemoteEphemeralKey":"BY2xEWJx9PPox46W0Z3omUIsyFgIaCPNBqtbwiZXeR0r","previousCounter":0,"rootKey":"eIdHkJLuznvfDx10zWudND3QcrdYeUP2Di+BNVXURp4="},"indexInfo":{"baseKey":"BbiAoIzSjNWLCq57t3ld62YaRrWt9W7RyK2xe+iRokoC","baseKeyType":1,"closed":-1,"used":1733667714856,"created":1733667714856,"remoteIdentityKey":"BaMwxr44X/xrcpvRUh0J0BNzRMfcYkVJuZ/t6ngPTJYe"},"_chains":{"BXl3Sr5E/Ed/43ys/VN3Lb9YreyqFUftquKitWe7yedF":{"chainKey":{"counter":2,"key":"oCmyHv7uQfuJ7LLoHQKI/A3kPYduNd54kJs8SZpuGmc="},"chainType":1,"messageKeys":{}}},"pendingPreKey":{"signedKeyId":1,"baseKey":"BbiAoIzSjNWLCq57t3ld62YaRrWt9W7RyK2xe+iRokoC"}}},"version":"v1"}