{"_sessions":{"BbnnOftty2By3FUltrs29c7L1Qiuw486hdbVwuS9/SVW":{"registrationId":3065637116,"currentRatchet":{"ephemeralKeyPair":{"pubKey":"BR5FXlPQ2FpmZS4SBpYkaFyJ9jh5efOPnYodmfq9GpYq","privKey":"KOsGpgxSxtjq5X/akCuG56+Qp9HAsOid3oXnErVi02U="},"lastRemoteEphemeralKey":"BWIlmHyVCxZNL0XCALmlrfc3G+WL609yqwL/93q1dXBT","previousCounter":0,"rootKey":"/CqXQsxi0G/yWOC0FQsTBiSD1AXaaUKXqBresDrsN/o="},"indexInfo":{"baseKey":"BbnnOftty2By3FUltrs29c7L1Qiuw486hdbVwuS9/SVW","baseKeyType":1,"closed":-1,"used":1734011803665,"created":1734011803665,"remoteIdentityKey":"Bbmr6IihnIWsPAdMShHudArpQ/aLBAyo2B0CczRp6UtI"},"_chains":{"BR5FXlPQ2FpmZS4SBpYkaFyJ9jh5efOPnYodmfq9GpYq":{"chainKey":{"counter":11,"key":"R8RjvwOSM5TP3qCJqYhHqENzobJrfBETp1Aqv9A3r1M="},"chainType":1,"messageKeys":{}}},"pendingPreKey":{"signedKeyId":1,"baseKey":"BbnnOftty2By3FUltrs29c7L1Qiuw486hdbVwuS9/SVW"}}},"version":"v1"}