{"_sessions":{"Bez7pJBuEtO5Fl35wAy8B20hAGhJVIA2CJf08zCggwpM":{"registrationId":815356673,"currentRatchet":{"ephemeralKeyPair":{"pubKey":"BTPlJbKqNG/WFVqM/OBoHSLqHuwUEF6sQLqf396ccdAm","privKey":"QPMbxQQQjymme137XC+N1dBJ+QKaH/rEEUZ/NGshX2E="},"lastRemoteEphemeralKey":"BT+WNfLDsaLbN65O2mBvGufPVB5jI8zeJygoJ5R93nxk","previousCounter":0,"rootKey":"3WPqiW3hQ2ZzxqfYZisLaWT63uDeWMKJebG0Aquy8nI="},"indexInfo":{"baseKey":"Bez7pJBuEtO5Fl35wAy8B20hAGhJVIA2CJf08zCggwpM","baseKeyType":1,"closed":-1,"used":1733667715359,"created":1733667715359,"remoteIdentityKey":"BXQcR6iJg4OKhYZpsUW59fK9kZk3ZtuJDlu+K4fuy2AD"},"_chains":{"BTPlJbKqNG/WFVqM/OBoHSLqHuwUEF6sQLqf396ccdAm":{"chainKey":{"counter":21,"key":"rlGXLzHMzsYU/jiQO3S16sF0Gt3CAzha5jWibjeTsYk="},"chainType":1,"messageKeys":{}}},"pendingPreKey":{"signedKeyId":4,"baseKey":"Bez7pJBuEtO5Fl35wAy8B20hAGhJVIA2CJf08zCggwpM","preKeyId":16336781}}},"version":"v1"}