{"_sessions":{"BU+gxgZg1OyJQVa9j9kgVMTXjqY7DnyEB/9K5/1PIYxG":{"registrationId":7296,"currentRatchet":{"ephemeralKeyPair":{"pubKey":"BSJ0yqVeuwJm1PluSK5xt0YQHSHM5oKwdnLTprPKmjI/","privKey":"0IMOiR8kiuZvZiFV42alGE9DgtjD4Ra6M0PduIL4+10="},"lastRemoteEphemeralKey":"BVb2pO5gLqf+OXMltC1x9QvuPEbBpbh6zChgpQc6s5oa","previousCounter":0,"rootKey":"V124YjCRgcgryt20Jm4vkskrrc5O9InIrAyHALJx3gA="},"indexInfo":{"baseKey":"BU+gxgZg1OyJQVa9j9kgVMTXjqY7DnyEB/9K5/1PIYxG","baseKeyType":1,"closed":-1,"used":1733772952580,"created":1733772952580,"remoteIdentityKey":"Bbec1FqIdwLEBfmaMpn3R9SApUYyk5rZX2tF6iwAjaIh"},"_chains":{"BSJ0yqVeuwJm1PluSK5xt0YQHSHM5oKwdnLTprPKmjI/":{"chainKey":{"counter":19,"key":"4GjkfVZUqxsaI513aSbmGez1oLXuVlB/2P5rGNtoX/8="},"chainType":1,"messageKeys":{}}},"pendingPreKey":{"signedKeyId":1,"baseKey":"BU+gxgZg1OyJQVa9j9kgVMTXjqY7DnyEB/9K5/1PIYxG","preKeyId":25}}},"version":"v1"}