{"_sessions":{"Bbyn0AAjZehAyTy41nKwYMPqnnscLdEPZhuZOGzHTOJ7":{"registrationId":4488,"currentRatchet":{"ephemeralKeyPair":{"pubKey":"Ba0xhcOzLxPSaI45dB5+syznepHGs1K5+IS7jNL8EVsS","privKey":"WPM0pkN95IY2W8GDfRLye8/uIVsh18ThmzFC13Nm2Uw="},"lastRemoteEphemeralKey":"BaN8FPt5zVk+v/0OeIUCDbvo+m6X9jl0TFFcYgLSdKUS","previousCounter":0,"rootKey":"IczewVTGzR65eukeqGJ3stUmTN9mZqlJ77p4L0lNNio="},"indexInfo":{"baseKey":"Bbyn0AAjZehAyTy41nKwYMPqnnscLdEPZhuZOGzHTOJ7","baseKeyType":1,"closed":-1,"used":1733667577076,"created":1733667577076,"remoteIdentityKey":"Bbo69qYZNGrySQAw24WfjdzyxxMd2ZH12H2rNvKDeKoG"},"_chains":{"Ba0xhcOzLxPSaI45dB5+syznepHGs1K5+IS7jNL8EVsS":{"chainKey":{"counter":4,"key":"H+VQhl8nja1P64pVHiBHwF0BaFQKuYnQ/UkeaF6lnbw="},"chainType":1,"messageKeys":{}}},"pendingPreKey":{"signedKeyId":1,"baseKey":"Bbyn0AAjZehAyTy41nKwYMPqnnscLdEPZhuZOGzHTOJ7","preKeyId":19}}},"version":"v1"}