{"_sessions":{"BYOJtOF9uZMj/gmFtQGSXqcxCM5x2pinuVIQtC9Psoor":{"registrationId":16339,"currentRatchet":{"ephemeralKeyPair":{"pubKey":"BbPtu8jpOkpN8mkVzpejrCeuwUJjLS7n/OPJF1cUGFA/","privKey":"UPPgR+KFpxDTVoj+OWkTlW/us3vSbNQnQWVNcndQhH4="},"lastRemoteEphemeralKey":"Bd8c1+KllSrA9llXeQU/k9Te4XDqCiDQn8G4cjHI3aVt","previousCounter":0,"rootKey":"as0eBYE2HTaIXNVA2xedP+XZG+ZxzMd3ynxptXHyQow="},"indexInfo":{"baseKey":"BYOJtOF9uZMj/gmFtQGSXqcxCM5x2pinuVIQtC9Psoor","baseKeyType":1,"closed":-1,"used":1734011797884,"created":1734011797884,"remoteIdentityKey":"BTdgMSpioXWsPr40anb9fWncFbmaZixRXXGTOwZ6jeYx"},"_chains":{"BbPtu8jpOkpN8mkVzpejrCeuwUJjLS7n/OPJF1cUGFA/":{"chainKey":{"counter":0,"key":"s6JFhjkfcAhjkFe9WjUQfD22QmD3utFikOq/iLaabFk="},"chainType":1,"messageKeys":{}}},"pendingPreKey":{"signedKeyId":2,"baseKey":"BYOJtOF9uZMj/gmFtQGSXqcxCM5x2pinuVIQtC9Psoor","preKeyId":19463}}},"version":"v1"}