{"_sessions":{"BavDu+2EIjM1eIsqMe1aEmwkah3JzLSqzGsCTIUMN+JC":{"registrationId":163,"currentRatchet":{"ephemeralKeyPair":{"pubKey":"BfeOvG8QUbXPPYVzPryYwSOqUmVWQv/EdekG3t2VFhxZ","privKey":"SAjxdi6oq9CNpIpao9sM1T8RQBXtaFzw/+q/dR5LA3c="},"lastRemoteEphemeralKey":"BdYsyWAmze1MEptgaRpwYDA6bVdWORyJQYdZnJA8K6AC","previousCounter":0,"rootKey":"H6cGs8ELem0wZKg/lphSd9Mf26c2W0VSWAHlIay3vhQ="},"indexInfo":{"baseKey":"BavDu+2EIjM1eIsqMe1aEmwkah3JzLSqzGsCTIUMN+JC","baseKeyType":1,"closed":-1,"used":1733667714785,"created":1733667714785,"remoteIdentityKey":"BfudYcRxvfhOK/zbvaNUmF8PnH16OzGkprhSBidH6qs1"},"_chains":{"BfeOvG8QUbXPPYVzPryYwSOqUmVWQv/EdekG3t2VFhxZ":{"chainKey":{"counter":9,"key":"UKdxH8XFAFQH35jeH8hmdWXUoMWEkpyM9l9VC3fDIMw="},"chainType":1,"messageKeys":{}}},"pendingPreKey":{"signedKeyId":1,"baseKey":"BavDu+2EIjM1eIsqMe1aEmwkah3JzLSqzGsCTIUMN+JC"}}},"version":"v1"}