{"_sessions":{"Bf0+AcIVIORREmqZzsDeS+wIS98rFMXKDoO036Si0vwa":{"registrationId":1049024329,"currentRatchet":{"ephemeralKeyPair":{"pubKey":"BVJ9x7So2OaMiuX5KHxkzz2fZThuvI7WM+D6yibkoC9t","privKey":"iPoQDbtQzGLFZ8TaGMZMe3c12mHPgAbVuqZ2XcYZzkI="},"lastRemoteEphemeralKey":"BZckJtUNn7bGd/mTxgQxTdffL7+DxB1tiW0PLlCPYqsV","previousCounter":0,"rootKey":"ycUi/bB/ZRgp6tsmAkphN+oW+71XlEmdWNtDaAdeePM="},"indexInfo":{"baseKey":"Bf0+AcIVIORREmqZzsDeS+wIS98rFMXKDoO036Si0vwa","baseKeyType":1,"closed":-1,"used":1733667715454,"created":1733667715454,"remoteIdentityKey":"BdM9VgA3gvwGdkcpcinvFP1ga9uuDf4fnPdgyWKu7dcn"},"_chains":{"BVJ9x7So2OaMiuX5KHxkzz2fZThuvI7WM+D6yibkoC9t":{"chainKey":{"counter":21,"key":"ELswN4SMxsKzmSa+Mi++sg4I3XDOUfSPlxNPukIX8Ew="},"chainType":1,"messageKeys":{}}},"pendingPreKey":{"signedKeyId":2,"baseKey":"Bf0+AcIVIORREmqZzsDeS+wIS98rFMXKDoO036Si0vwa","preKeyId":6972648}}},"version":"v1"}