{"_sessions":{"BZ/7bapiPGQNgHyOCMhQbjSskQ5bW/qdyH2uX5fPE8h6":{"registrationId":12,"currentRatchet":{"ephemeralKeyPair":{"pubKey":"BckeTV4x0+oI8/j43BwTL8PU2tljyyfvho2V10TD1Xx7","privKey":"IMULJ4uS24UQizPFTDNDkJc1alRRlcqUDsM/nw1U9HY="},"lastRemoteEphemeralKey":"BYQbd9fvtSYTw9NJ77OYM8N7KHH8E/QZgvlEQOd13mhZ","previousCounter":0,"rootKey":"OOC6IijkUXkAc/yh1J2UoKqLCTg6ea8Hy6s++zYfRAs="},"indexInfo":{"baseKey":"BZ/7bapiPGQNgHyOCMhQbjSskQ5bW/qdyH2uX5fPE8h6","baseKeyType":1,"closed":-1,"used":1733667714782,"created":1733667714782,"remoteIdentityKey":"Ba6hHdLrIQXROJFGrUmtICHdw2ynjPuhDNZwbStqmy58"},"_chains":{"BckeTV4x0+oI8/j43BwTL8PU2tljyyfvho2V10TD1Xx7":{"chainKey":{"counter":9,"key":"eXjjpxcRrCHaolvRe8xP2hsQ2XDar1Gr+re0C3MzZno="},"chainType":1,"messageKeys":{}}},"pendingPreKey":{"signedKeyId":1,"baseKey":"BZ/7bapiPGQNgHyOCMhQbjSskQ5bW/qdyH2uX5fPE8h6"}}},"version":"v1"}