{"_sessions":{"BXUdk2sQ8eeYExnNPvPrTSfYM6HcYOatOVKirRdPDPI9":{"registrationId":192,"currentRatchet":{"ephemeralKeyPair":{"pubKey":"BarPLeC4fNpLJH/tA+OqiL+hOYb4Y8J7Ii0NuDp0T6pL","privKey":"uCfnJNqJzF3JM8igdQx81OdBR4HYIyBjl8Snxw29a30="},"lastRemoteEphemeralKey":"BVsPeJjH+QvTsXX9LOo1aQW/jhbbf4vPvcc1sHXFVWNl","previousCounter":0,"rootKey":"Sx7GI8o5rzIPG4vvhDRv3QPGimlV0Y6+r61UZOfRI/4="},"indexInfo":{"baseKey":"BXUdk2sQ8eeYExnNPvPrTSfYM6HcYOatOVKirRdPDPI9","baseKeyType":1,"closed":-1,"used":1733667576977,"created":1733667576977,"remoteIdentityKey":"BcAHrTwjO145DJn68myYLtKu28Us8T31Ivana6dO6vwl"},"_chains":{"BarPLeC4fNpLJH/tA+OqiL+hOYb4Y8J7Ii0NuDp0T6pL":{"chainKey":{"counter":1,"key":"pZaQUs0qfBABHM8Aq+/7aQwZeTaEEmnF7nzQ1g2c120="},"chainType":1,"messageKeys":{}}},"pendingPreKey":{"signedKeyId":1,"baseKey":"BXUdk2sQ8eeYExnNPvPrTSfYM6HcYOatOVKirRdPDPI9"}}},"version":"v1"}