{"_sessions":{"BceM2kmYivY8POyVkPwhLFKuQ3GofzblDXHijnF0lWBy":{"registrationId":131,"currentRatchet":{"ephemeralKeyPair":{"pubKey":"BSxL9OUUtSAZ2C06GPc2xGSXaBwXUp2zVKMIlQwLzR0/","privKey":"EBmwc9v1QuoYrMR8iToZvZfOhB3ntag6yfzMlcr1mnk="},"lastRemoteEphemeralKey":"BYrY9TUXShE/UGAxPf+8Wc/AwfsPMycZ81kzLFQAHhQj","previousCounter":0,"rootKey":"kh84mWyirvXv+bct1+4TxVOAYFpnp6zWXPKmsqjjhTw="},"indexInfo":{"baseKey":"BceM2kmYivY8POyVkPwhLFKuQ3GofzblDXHijnF0lWBy","baseKeyType":1,"closed":-1,"used":1734011791771,"created":1734011791771,"remoteIdentityKey":"BSrXsrNYpGWysaNsHA9/sXSYsg9nJo+RlSAzwUe+i+c6"},"_chains":{"BSxL9OUUtSAZ2C06GPc2xGSXaBwXUp2zVKMIlQwLzR0/":{"chainKey":{"counter":3,"key":"JoZW4w6BZWFQnQkiXa80z6oklO0CWFSSjVr4A4eZq0U="},"chainType":1,"messageKeys":{}}},"pendingPreKey":{"signedKeyId":1,"baseKey":"BceM2kmYivY8POyVkPwhLFKuQ3GofzblDXHijnF0lWBy"}}},"version":"v1"}