{"_sessions":{"Be6xcPUbFxG9GZYuV29jPL6g3vBVio9s0COHu7TjawVf":{"registrationId":1139122324,"currentRatchet":{"ephemeralKeyPair":{"pubKey":"Be6RXY4jsGvH7cfo7lB4i+CyljoIm4egcd06eXKEOaxB","privKey":"wAXhiQkxbM66rsT53Q8yHEAvElRaN8qF6wjYBo0pLnQ="},"lastRemoteEphemeralKey":"Bfc5JrvwXkEDDptH5VyyfRUrhjnNRRbDX6IQvbHJpwZO","previousCounter":0,"rootKey":"0ujahr3XMYSXqYWNRGQXJ1sGuiP5yXl5C5t1g/3J5WM="},"indexInfo":{"baseKey":"Be6xcPUbFxG9GZYuV29jPL6g3vBVio9s0COHu7TjawVf","baseKeyType":1,"closed":-1,"used":1733667715258,"created":1733667715258,"remoteIdentityKey":"BVNw8X44IVBfQ5Q2YuE+GXRQXRBuPPWHO9Q8VjtEwooa"},"_chains":{"Be6RXY4jsGvH7cfo7lB4i+CyljoIm4egcd06eXKEOaxB":{"chainKey":{"counter":21,"key":"fGdQJUP4TcvHt0znwrGs8786EH1uAQyFh9bRhdN6IAk="},"chainType":1,"messageKeys":{}}},"pendingPreKey":{"signedKeyId":0,"baseKey":"Be6xcPUbFxG9GZYuV29jPL6g3vBVio9s0COHu7TjawVf"}}},"version":"v1"}