{"_sessions":{"BcRadrxvkjEQ+j8e74y1x6CEy+zmEgQMEXLpkyKTHa0F":{"registrationId":1474116281,"currentRatchet":{"ephemeralKeyPair":{"pubKey":"BabcFEZgp90VWZCYlj+5KwMIxJKil4qdT2zoHPs3HuUY","privKey":"aKmuiGlYPTYpEPHDqbLyIzOfIBNAqKZFqAKwoL/o+ms="},"lastRemoteEphemeralKey":"BVeJtl1EFeqI4ky14clZ5dKyoV2yfybsZfpMEJ2w7wwN","previousCounter":0,"rootKey":"DmxA+4Yao++sjivlRAzzlS2nFuU24fZEjiiZUR78ytU="},"indexInfo":{"baseKey":"BcRadrxvkjEQ+j8e74y1x6CEy+zmEgQMEXLpkyKTHa0F","baseKeyType":1,"closed":-1,"used":1733667714953,"created":1733667714953,"remoteIdentityKey":"BW8bND9Av7/rbId+U2MI2R+LsNuSuIxpDozUWNDMpUBS"},"_chains":{"BabcFEZgp90VWZCYlj+5KwMIxJKil4qdT2zoHPs3HuUY":{"chainKey":{"counter":21,"key":"AC/DXUDAoI9DFpc0l2/uhXPUkeIlgpdFO8X/X2oMhOA="},"chainType":1,"messageKeys":{}}},"pendingPreKey":{"signedKeyId":0,"baseKey":"BcRadrxvkjEQ+j8e74y1x6CEy+zmEgQMEXLpkyKTHa0F"}}},"version":"v1"}