{"_sessions":{"BR2qNodaI8n113cPNN6EhLxFYbyRGaHnGR+wn2imrXRu":{"registrationId":914606426,"currentRatchet":{"ephemeralKeyPair":{"pubKey":"BQ/TFv0bVBRARZ18ZWoWy3rcpkHvoFgyeKgyH3x1nMcF","privKey":"wMDvep/1KoyhyLknXwyYvq+vePO7BpKH+Otu0ga1DX4="},"lastRemoteEphemeralKey":"BUF7Lf/sr+RjKS3WIUsoRFnmOXpfbWxrcAXC/czGTssp","previousCounter":0,"rootKey":"Iptd9dlFjDlYGS53vA5+rAwLXxFJmivtsEIG+AIsaF8="},"indexInfo":{"baseKey":"BR2qNodaI8n113cPNN6EhLxFYbyRGaHnGR+wn2imrXRu","baseKeyType":1,"closed":-1,"used":1733667577473,"created":1733667577473,"remoteIdentityKey":"Bc8P0mrn65yTvyanCx747yYU3PZ65EGjl3ds7kruQCof"},"_chains":{"BQ/TFv0bVBRARZ18ZWoWy3rcpkHvoFgyeKgyH3x1nMcF":{"chainKey":{"counter":4,"key":"QuWyP8HcDi7JVIUKHHBiZfm4z7/loHuVAX9jNVERfTk="},"chainType":1,"messageKeys":{}}},"pendingPreKey":{"signedKeyId":1,"baseKey":"BR2qNodaI8n113cPNN6EhLxFYbyRGaHnGR+wn2imrXRu","preKeyId":10944550}}},"version":"v1"}