{"_sessions":{"BTPg6sHZNGNj2L2vHTtRA2NvXRIe6hrX7GqtGhzQpAQS":{"registrationId":1836022964,"currentRatchet":{"ephemeralKeyPair":{"pubKey":"BX9Xl92p/7RnnBhxIIOX/I+UR8OcIj++mJvYEli4Ue9L","privKey":"KA7ci1e+uRrXQLQWluoZeGCNyB3gtR+ZR+wAFm4ju3g="},"lastRemoteEphemeralKey":"BavQeMJuH9TAZOcHnjifP0sWQXWv8jSrBIWvWRkYsTlb","previousCounter":3,"rootKey":"LaqydfPf27eHgPDoF7iA3TC5o8BE20IfV6izTFn4OfU="},"indexInfo":{"baseKey":"BTPg6sHZNGNj2L2vHTtRA2NvXRIe6hrX7GqtGhzQpAQS","baseKeyType":1,"closed":-1,"used":1734068640509,"created":1733667577672,"remoteIdentityKey":"BYQQpCu0ctPL6CKMQJc5WbjE0cGpPQmoQZESQHmVbcto"},"_chains":{"BavQeMJuH9TAZOcHnjifP0sWQXWv8jSrBIWvWRkYsTlb":{"chainKey":{"counter":0,"key":"9uPD1dzfDhw5re1ijhIXCAfS6qKkdAp/H95sVAFTrgQ="},"chainType":2,"messageKeys":{}},"BX9Xl92p/7RnnBhxIIOX/I+UR8OcIj++mJvYEli4Ue9L":{"chainKey":{"counter":0,"key":"PJ7obQz8GJVGj/I67BBqyQqQPsqVBu3daXxkJdASXfA="},"chainType":1,"messageKeys":{}}}}},"version":"v1"}