{"_sessions":{"BSDYWbD8LTUzTJ2sewthM2bDc+U2JE5l/R9aNRZs7ols":{"registrationId":797647572,"currentRatchet":{"ephemeralKeyPair":{"pubKey":"BeLa4OGSbhLEBFJdkvILUtqiRHoPmBXOe05C3qIyZjAb","privKey":"MCwVJsIn7uA1FEoR9t+pEtcBNtucRLqYNCTXUdnzO2g="},"lastRemoteEphemeralKey":"BbWhmTpS82KLJP2KZp2w/Qb62CbTuaidtoBglKCCFkAb","previousCounter":0,"rootKey":"D3z4uALt/fIMBgm/obRILqWpNyaf9dnzswHU42U+X1s="},"indexInfo":{"baseKey":"BSDYWbD8LTUzTJ2sewthM2bDc+U2JE5l/R9aNRZs7ols","baseKeyType":1,"closed":-1,"used":1734011798252,"created":1734011798252,"remoteIdentityKey":"BelJ++1TC4Iyhm7JTGLwbNMB+rY9hbnbw2SS/PitL+VW"},"_chains":{"BeLa4OGSbhLEBFJdkvILUtqiRHoPmBXOe05C3qIyZjAb":{"chainKey":{"counter":0,"key":"hXtnpcsjjmcDAQF8sWWn402EYlxjP2v0QGUO4ISPBKw="},"chainType":1,"messageKeys":{}}},"pendingPreKey":{"signedKeyId":14,"baseKey":"BSDYWbD8LTUzTJ2sewthM2bDc+U2JE5l/R9aNRZs7ols"}}},"version":"v1"}