{"_sessions":{"BTTqhvRVAANzAYvWFibLbcNuvByKSXbwOdwgry56D+dh":{"registrationId":1107632508,"currentRatchet":{"ephemeralKeyPair":{"pubKey":"BccFGfljkvOg6Ed8Mqzul9lj+z59iU0j1zlHqrCTzP9Q","privKey":"UPkCkMn+jJzsupL4r6yGoM9LyZJwNeWZ5WU6g/X673k="},"lastRemoteEphemeralKey":"BYeJxMN2pNNmnrPnx/mdailPgWhFn6wXFyYoOI+XM48I","previousCounter":0,"rootKey":"54bZxlc4apQgLnDggWaNsYLou03vB3slzLwASItMyWg="},"indexInfo":{"baseKey":"BTTqhvRVAANzAYvWFibLbcNuvByKSXbwOdwgry56D+dh","baseKeyType":1,"closed":-1,"used":1733667715062,"created":1733667715062,"remoteIdentityKey":"BQ4Xollteb4l1GUlwUHWtdAWYr/IkdHHsWx52Mv/1XRK"},"_chains":{"BccFGfljkvOg6Ed8Mqzul9lj+z59iU0j1zlHqrCTzP9Q":{"chainKey":{"counter":21,"key":"/8yScBB1y5VijimbjiJMyqOte0TBVYReOEPa0grkP+Q="},"chainType":1,"messageKeys":{}}},"pendingPreKey":{"signedKeyId":9,"baseKey":"BTTqhvRVAANzAYvWFibLbcNuvByKSXbwOdwgry56D+dh","preKeyId":3811269}}},"version":"v1"}