{"_sessions":{"BXmOonr66WxGiuHFwfq1ZVbapbPZeMHfFCYeuuqiGjMq":{"registrationId":500917733,"currentRatchet":{"ephemeralKeyPair":{"pubKey":"BePzDANaLUY7iKfu8bY/2vQRuMli+MDvuug8sBskwcIv","privKey":"aDIVwLtbiqbBmUggZLHLQh3d6vkeVCteXkt0CVo+r08="},"lastRemoteEphemeralKey":"BUf184lNF/SFN3hbrT0Jxv4Hwb+QRPdGeF0uNhFJI6EA","previousCounter":0,"rootKey":"28f7Y/cD1/lb4IoRuIVkcE6Tf6uk8vRC/EJkr3zqhfw="},"indexInfo":{"baseKey":"BXmOonr66WxGiuHFwfq1ZVbapbPZeMHfFCYeuuqiGjMq","baseKeyType":1,"closed":-1,"used":1734011798071,"created":1734011798071,"remoteIdentityKey":"BehToW3Dyij4pJOQU/0epXmdp6TdNYvx3ixznJL7HKt8"},"_chains":{"BePzDANaLUY7iKfu8bY/2vQRuMli+MDvuug8sBskwcIv":{"chainKey":{"counter":0,"key":"hzVrlmMuX2KN/QmoDI8Q556anoK+3D6O+9MpFj5jfws="},"chainType":1,"messageKeys":{}}},"pendingPreKey":{"signedKeyId":3,"baseKey":"BXmOonr66WxGiuHFwfq1ZVbapbPZeMHfFCYeuuqiGjMq","preKeyId":15710432}}},"version":"v1"}