{"_sessions":{"BV3+5iNbXMFyaiwYFuCFIwZ3NYr3Tj+p26QcXJaPgHMa":{"registrationId":135,"currentRatchet":{"ephemeralKeyPair":{"pubKey":"BY99/EW68K7vkC3aYCSSXiNMcVPodQvMW8L7l+B8p4N9","privKey":"YOzPb57zCM1tEJjtLk2ZpfSa3oayMrVpoB+73nBddWE="},"lastRemoteEphemeralKey":"BWNKhX7JEtcEFMwjesdOb+zk/85kpeTKrWWzS0TTa25h","previousCounter":0,"rootKey":"VS6htGIeVHJbNPJNo9QYYVYAcONisSw4dKr0Cmxkq74="},"indexInfo":{"baseKey":"BV3+5iNbXMFyaiwYFuCFIwZ3NYr3Tj+p26QcXJaPgHMa","baseKeyType":1,"closed":-1,"used":1733667576970,"created":1733667576970,"remoteIdentityKey":"Barm+/kJ/lsuMp5tMyOWzgnNDlQIrgRAFoQl40EEE9cD"},"_chains":{"BY99/EW68K7vkC3aYCSSXiNMcVPodQvMW8L7l+B8p4N9":{"chainKey":{"counter":26,"key":"n+P06H74HRF/XtCgeTDvE1SHzMXV8Q+/3lwNy3pnp58="},"chainType":1,"messageKeys":{}}},"pendingPreKey":{"signedKeyId":1,"baseKey":"BV3+5iNbXMFyaiwYFuCFIwZ3NYr3Tj+p26QcXJaPgHMa"}}},"version":"v1"}