{"_sessions":{"BbzGK7/0obe15v8+3vHPKV2zQGBA2PLkaxFWvysiIxxU":{"registrationId":165,"currentRatchet":{"ephemeralKeyPair":{"pubKey":"BeoEvcfF16sgZ5Zp2i1+/DxRa93+DLWwGpkbAw9zpxQX","privKey":"4CPaXWHHCT9rdYVIYa6DR5ddfP2dXBHxnLoWtLlz20Y="},"lastRemoteEphemeralKey":"BTygcH89onlAzJjYUVO3VUoCVA7SF69n9d0otDGh7osD","previousCounter":0,"rootKey":"NVYLhzB8Lxm1faCm28ahGFDpMSjynH70nBDcCG9sokY="},"indexInfo":{"baseKey":"BbzGK7/0obe15v8+3vHPKV2zQGBA2PLkaxFWvysiIxxU","baseKeyType":1,"closed":-1,"used":1733667577071,"created":1733667577071,"remoteIdentityKey":"Bdtk4kkcOAfMdsMZxb85LIFdGvc1vIsy2SfdgWi0aLdz"},"_chains":{"BeoEvcfF16sgZ5Zp2i1+/DxRa93+DLWwGpkbAw9zpxQX":{"chainKey":{"counter":4,"key":"nxa9YvadYULPP30A9+1gXt2I2hmFXy9u0mVSQ/Mfjcw="},"chainType":1,"messageKeys":{}}},"pendingPreKey":{"signedKeyId":1,"baseKey":"BbzGK7/0obe15v8+3vHPKV2zQGBA2PLkaxFWvysiIxxU"}}},"version":"v1"}