{"_sessions":{"BSoihiCR9azJ8RdUqEn8yFkdn+3wMC5yQlgBGZ2CBLJ8":{"registrationId":2137418006,"currentRatchet":{"ephemeralKeyPair":{"pubKey":"BVi+iCfZK5qtTuTcn/D8mSshnIVAcZ2aQQNBIQ+K/rJ/","privKey":"qLS+NOxugCi8YA0bsOM5RtnwQEe3Ti+jIlGVgggH3kc="},"lastRemoteEphemeralKey":"BfIya5QZRbeL65Eg+76f11V9jMPZ/1yOGoKYc4/1HaUY","previousCounter":0,"rootKey":"gHdQnzGhDulvrcB8JEPWonP5VhERCl024YL9UT1LCPE="},"indexInfo":{"baseKey":"BSoihiCR9azJ8RdUqEn8yFkdn+3wMC5yQlgBGZ2CBLJ8","baseKeyType":1,"closed":1734080165658,"used":1733667715370,"created":1733667715370,"remoteIdentityKey":"BYRqgJ82lxnpLjQeHKRS4OqZxk225V6wUyZl/mathilT"},"_chains":{"BVi+iCfZK5qtTuTcn/D8mSshnIVAcZ2aQQNBIQ+K/rJ/":{"chainKey":{"counter":21,"key":"dcrMQukKMOikclR4C4rhmxcJdoomWjLQ8E4neFhsPbY="},"chainType":1,"messageKeys":{}}},"pendingPreKey":{"signedKeyId":1,"baseKey":"BSoihiCR9azJ8RdUqEn8yFkdn+3wMC5yQlgBGZ2CBLJ8","preKeyId":14041090}},"BSlSA+8x8mMTm9WvDj2RsCpEhI9o7IvnTFy9J/0BIyAo":{"registrationId":2137418006,"currentRatchet":{"ephemeralKeyPair":{"pubKey":"BdHnCsHFM9XiV3YZ2yj6hnpS+tK2n7C4Qb3UVjR+OZ0K","privKey":"KLnUFgQrY0zr8hUE26V6ceSIx9VSYET/cfdmEqAGfVU="},"lastRemoteEphemeralKey":"Bdoap3ipyS1h6Xoi1fz4SHrpi9VWrnXSI2MHOHuhdxRL","previousCounter":0,"rootKey":"Jm9tTodRnmVCZYevgb/qWtYeY2RymiNc49OpmxkQv60="},"indexInfo":{"baseKey":"BSlSA+8x8mMTm9WvDj2RsCpEhI9o7IvnTFy9J/0BIyAo","baseKeyType":2,"closed":-1,"used":1734080165670,"created":1734080165670,"remoteIdentityKey":"BYRqgJ82lxnpLjQeHKRS4OqZxk225V6wUyZl/mathilT"},"_chains":{"Bdoap3ipyS1h6Xoi1fz4SHrpi9VWrnXSI2MHOHuhdxRL":{"chainKey":{"counter":0,"key":"5osAvan4aZMj+EheuQawCje8/A8BsNkYR7WG9+2smCI="},"chainType":2,"messageKeys":{}},"BdHnCsHFM9XiV3YZ2yj6hnpS+tK2n7C4Qb3UVjR+OZ0K":{"chainKey":{"counter":-1,"key":"InK8IR8VofMP2Uf9Tm2SdqkKq8mq/cP9J/wBVN8xAVo="},"chainType":1,"messageKeys":{}}}}},"version":"v1"}