{"_sessions":{"BZJSAU2CqFfY8bnhvnS2nTBeD31QBJcQkiM051ZRMRla":{"registrationId":201,"currentRatchet":{"ephemeralKeyPair":{"pubKey":"BVuTCGCY5ijDPIfjAsaZkL2/gNnTEa2EjoRZS3g0qM4H","privKey":"oNqa0AQnJmeUbMGh5g11bSeKyB5GX7TIKEMeRYnMsGk="},"lastRemoteEphemeralKey":"BeGSZocta+3vhYNpL1xupjiGe/4UTuG930vcPw3/6jsi","previousCounter":0,"rootKey":"d0DKVBAwyJDbb4805D/2e49UC7Vs+fjzpbIg5FHRnTQ="},"indexInfo":{"baseKey":"BZJSAU2CqFfY8bnhvnS2nTBeD31QBJcQkiM051ZRMRla","baseKeyType":1,"closed":-1,"used":1734011803680,"created":1734011803680,"remoteIdentityKey":"BQ47cCmr2Fh4Q0KoHtBBV8jDxbSe9d8KTVIAQ830nLAd"},"_chains":{"BVuTCGCY5ijDPIfjAsaZkL2/gNnTEa2EjoRZS3g0qM4H":{"chainKey":{"counter":1,"key":"oKivYrqETAiU+8I5YFmBrnYzMIbn7Y54El7LyYBO6Xw="},"chainType":1,"messageKeys":{}}},"pendingPreKey":{"signedKeyId":1,"baseKey":"BZJSAU2CqFfY8bnhvnS2nTBeD31QBJcQkiM051ZRMRla"}}},"version":"v1"}