{"_sessions":{"BcviX+FVZziI7TtIYIHg6LZkilDjOPlx5EehfxX+tAdk":{"registrationId":153570938,"currentRatchet":{"ephemeralKeyPair":{"pubKey":"BTIGbY8CvaixQCKBA/hDN7SuqSfXXG4TV6Gnd8/OAc4M","privKey":"YAkTUKbizVS8w1MizBuRa32buEFbN/7jC2KzE+I+l3w="},"lastRemoteEphemeralKey":"BSXLnyrKmNsWzbdYLZRxAZb9fPuRO6lG5x2Kj6Sv1gAr","previousCounter":0,"rootKey":"hITJ4KRSsFSKVwjQuhRlXwe+s9SsZiWDN1oJUwoCEbE="},"indexInfo":{"baseKey":"BcviX+FVZziI7TtIYIHg6LZkilDjOPlx5EehfxX+tAdk","baseKeyType":1,"closed":-1,"used":1733667577300,"created":1733667577300,"remoteIdentityKey":"BdSR+SxYvekvi+FuIglbQbJ7xbLDJkyBzRv6S7QudWBL"},"_chains":{"BTIGbY8CvaixQCKBA/hDN7SuqSfXXG4TV6Gnd8/OAc4M":{"chainKey":{"counter":26,"key":"A2T4N2JhIUtMr1CnkjBHfjn/ur0RwPBLUgZ2XLfL4RQ="},"chainType":1,"messageKeys":{}}},"pendingPreKey":{"signedKeyId":0,"baseKey":"BcviX+FVZziI7TtIYIHg6LZkilDjOPlx5EehfxX+tAdk"}}},"version":"v1"}