{"_sessions":{"BUajK3e/gy2ZkT+STycPowdQulkji+hnu02VFYS3lIdD":{"registrationId":1102857039,"currentRatchet":{"ephemeralKeyPair":{"pubKey":"BZrq6PH18anoLYMh0t8b8OeLdctJM9CvgSBCotCuIYY1","privKey":"4Kk4ATxVCSWvUEVfnGzmtY3tDdXYEK+FEnCwThwe83c="},"lastRemoteEphemeralKey":"BRRQSr22GePL5VjnoEd/BIgU85wd0pu+B1qMTAkfW4N2","previousCounter":0,"rootKey":"C64o6LKyt6wrQl+f6gFyjtw8wiUqmmbhP9tj8l4GJck="},"indexInfo":{"baseKey":"BUajK3e/gy2ZkT+STycPowdQulkji+hnu02VFYS3lIdD","baseKeyType":1,"closed":-1,"used":1733667715198,"created":1733667715198,"remoteIdentityKey":"BejlQ7X/r5FVZsCu9G0DdwJ3dkLz0II7P7Hl6yAWf35p"},"_chains":{"BZrq6PH18anoLYMh0t8b8OeLdctJM9CvgSBCotCuIYY1":{"chainKey":{"counter":21,"key":"oEVzJTkkA5ziDR8HMXQ6M5zseXIDgK7sz+eRc90z2VM="},"chainType":1,"messageKeys":{}}},"pendingPreKey":{"signedKeyId":0,"baseKey":"BUajK3e/gy2ZkT+STycPowdQulkji+hnu02VFYS3lIdD","preKeyId":6565790}}},"version":"v1"}