{"_sessions":{"BT3orE4n1qZDmFUpJhHXy28N/lRhy1UAmFz5wQIckFoB":{"registrationId":192467805,"currentRatchet":{"ephemeralKeyPair":{"pubKey":"BXu8H6cTLgUxFoq7qhHggs9Gur3KqfsEnW1q/BN5VlcW","privKey":"aEywARAa3FtnL+KUAZpPtMh3b2QCgLUluet+T1Ygbnk="},"lastRemoteEphemeralKey":"BfJSvWvZ6xsGxJPqlmuUqzNIuKso85qkz9mP1/wlzmlO","previousCounter":0,"rootKey":"B+KLiRGMRawKeCGHpFDf+msRiVlENYMGMJnueXw9ETU="},"indexInfo":{"baseKey":"BT3orE4n1qZDmFUpJhHXy28N/lRhy1UAmFz5wQIckFoB","baseKeyType":1,"closed":-1,"used":1733667715375,"created":1733667715375,"remoteIdentityKey":"BfuhymAtxAftOXI97ftaqQIlL69Wi5kM9mHGDGw6eMFK"},"_chains":{"BXu8H6cTLgUxFoq7qhHggs9Gur3KqfsEnW1q/BN5VlcW":{"chainKey":{"counter":21,"key":"BQAI350qM6hUkWcU4o09/Ly1PjDIhqvaRtBjFwzqwp8="},"chainType":1,"messageKeys":{}}},"pendingPreKey":{"signedKeyId":2,"baseKey":"BT3orE4n1qZDmFUpJhHXy28N/lRhy1UAmFz5wQIckFoB","preKeyId":1977580}}},"version":"v1"}