{"_sessions":{"BVexKOYGdON/ZQ6umC1aGTNwapWosuzCNsBli5n9Y2xG":{"registrationId":1297476378,"currentRatchet":{"ephemeralKeyPair":{"pubKey":"BbOrPmLHTDQeaYl73M1dpZWshkx/CerQPaArwKyLyWhc","privKey":"WNvsLAc7scgr8hfZ26V2V5XwbLrj2wvve83mRt6ur1c="},"lastRemoteEphemeralKey":"Ba8VlWPhJKDpwwsXwWwtzooGlUfIB0RDIihs501O7QVm","previousCounter":0,"rootKey":"sNhT3V8w6JhhOQiQQiuqXVPsznWeDMFbJJfmcSN8jno="},"indexInfo":{"baseKey":"BVexKOYGdON/ZQ6umC1aGTNwapWosuzCNsBli5n9Y2xG","baseKeyType":1,"closed":-1,"used":1733667577365,"created":1733667577365,"remoteIdentityKey":"Ba5Y3rgTHS63HDFYuE8jpoi3Y2qlEYIZX+FEIh1gnDtu"},"_chains":{"BbOrPmLHTDQeaYl73M1dpZWshkx/CerQPaArwKyLyWhc":{"chainKey":{"counter":4,"key":"IMsPyyYtMzqAtb86aKNbJOujDqFM0oLfz7kaiGJRm+Y="},"chainType":1,"messageKeys":{}}},"pendingPreKey":{"signedKeyId":0,"baseKey":"BVexKOYGdON/ZQ6umC1aGTNwapWosuzCNsBli5n9Y2xG","preKeyId":5137138}}},"version":"v1"}