{"_sessions":{"Bf44dOzEQgEnzqQQ3W8KBtEpppWboB5GonbJ4FTVPA8c":{"registrationId":222,"currentRatchet":{"ephemeralKeyPair":{"pubKey":"BcnCDBRE9G/EZsxjfEA8wz1gxkSlxZRXWWTGIl38NeI6","privKey":"IMK/cl0fU7x9kyxMnCSnFXVQhARoUHdRk15doD+tPWc="},"lastRemoteEphemeralKey":"Bfth/F+3uc5UuSQyQU7BvTVlloaRQ8R6rnJMmahk9pY/","previousCounter":0,"rootKey":"WwCf7O7QsiajzOcA6LOOYkepH29lBOpL0AxdBtJK67U="},"indexInfo":{"baseKey":"Bf44dOzEQgEnzqQQ3W8KBtEpppWboB5GonbJ4FTVPA8c","baseKeyType":1,"closed":-1,"used":1733667577195,"created":1733667577195,"remoteIdentityKey":"BWfkvV07uXJpw9Pl1i22WtcR7jVvbKuiF1xe+4gewXxG"},"_chains":{"BcnCDBRE9G/EZsxjfEA8wz1gxkSlxZRXWWTGIl38NeI6":{"chainKey":{"counter":3,"key":"lslALK2foGQfvWk7ivu6CWW8vZDsi+sEFj2neHso9YU="},"chainType":1,"messageKeys":{}}},"pendingPreKey":{"signedKeyId":1,"baseKey":"Bf44dOzEQgEnzqQQ3W8KBtEpppWboB5GonbJ4FTVPA8c"}}},"version":"v1"}