{"_sessions":{"BVKpjgvT4GcafO/1vetoOQhjgXCpyn9X1XzU5FQdhb4g":{"registrationId":1425849365,"currentRatchet":{"ephemeralKeyPair":{"pubKey":"BdR5DEw4o8fpFcnIR/QxcHyRk4opOs9LRslLUlGlKOFO","privKey":"iDD06B78LXBDlkbdHPtrCfOCZEly+OIclmSsQW8gSX8="},"lastRemoteEphemeralKey":"BRlS6ulKkoHN0Z9ne5wYzCbHAA0t5Y4D08P6QQ52pXMF","previousCounter":0,"rootKey":"iSJZaZLlhp0+HotepiotafAygap5S9SCjYHMDUO/UGY="},"indexInfo":{"baseKey":"BVKpjgvT4GcafO/1vetoOQhjgXCpyn9X1XzU5FQdhb4g","baseKeyType":1,"closed":1734011807472,"used":1733667715254,"created":1733667715253,"remoteIdentityKey":"BV4xIS+8xKRxCNhSvfh5WxoVS9+vE0kYNJdub2ia9Sc8"},"_chains":{"BdR5DEw4o8fpFcnIR/QxcHyRk4opOs9LRslLUlGlKOFO":{"chainKey":{"counter":10,"key":"nu7uu0RjdDTt3qRigM8ngB2SL844YRLFOdfSTfyEm0E="},"chainType":1,"messageKeys":{}}},"pendingPreKey":{"signedKeyId":0,"baseKey":"BVKpjgvT4GcafO/1vetoOQhjgXCpyn9X1XzU5FQdhb4g","preKeyId":4420810}},"BV+sV/E9s0jTTF4tR3L1XHUDfSJivUvat+hja0hM589h":{"registrationId":473962666,"currentRatchet":{"ephemeralKeyPair":{"pubKey":"BRJsQjY2136r8SleWIcrYcrY9fcuwGh21bTqhdALMVsd","privKey":"OHQx0dY1EFO3v8KGlSMXe5FcCfJpXmVzDltEB+VQ1lQ="},"lastRemoteEphemeralKey":"BfP3K6r0OOKYEepphPKrkMeyjw8YfTw628hjn6Fcu2Qe","previousCounter":10,"rootKey":"l+ZoM4NGGQbeDLByLrgiQLa8dl6eOPM4qG1PafIjj1I="},"indexInfo":{"baseKey":"BV+sV/E9s0jTTF4tR3L1XHUDfSJivUvat+hja0hM589h","baseKeyType":1,"closed":-1,"used":1734086241049,"created":1734011807464,"remoteIdentityKey":"BX23TvV8p75EQs2zcBC1i7VwbT3m6LjbbrfiteRVm2Vf"},"_chains":{"BfP3K6r0OOKYEepphPKrkMeyjw8YfTw628hjn6Fcu2Qe":{"chainKey":{"counter":1,"key":"1Mk//3icGlHuIRLU8M237qPyCl1Bivivm8NPzolckIk="},"chainType":2,"messageKeys":{}},"BRJsQjY2136r8SleWIcrYcrY9fcuwGh21bTqhdALMVsd":{"chainKey":{"counter":-1,"key":"W7oHN2g917kDgGBKI7GP+hWCSsLnjKoIkto92JUjG6Q="},"chainType":1,"messageKeys":{}}}}},"version":"v1"}