{"_sessions":{"BbhbZTL+inI6poCCLBgHrX7RcD8XoVtSfid2Mactgm8n":{"registrationId":179,"currentRatchet":{"ephemeralKeyPair":{"pubKey":"Bdnvp1Aq87ZTm6YoSiHoZcsgEmEyPuNWIZtpuhXtP/kk","privKey":"GPNjyfUrOEJ42BINME3a1eNmAQYpRLgDHdnoYndtdUk="},"lastRemoteEphemeralKey":"BcR7Yzsjr3ABSctYiiRFG20e2o8KiN8bos+kzffrDIxE","previousCounter":0,"rootKey":"VMvetEFuchZj1kR4li8BBOFFYkEF/GQtv+L8bbfMy0s="},"indexInfo":{"baseKey":"BbhbZTL+inI6poCCLBgHrX7RcD8XoVtSfid2Mactgm8n","baseKeyType":1,"closed":-1,"used":1733772952601,"created":1733772952601,"remoteIdentityKey":"BYnWA22olGx3fMUlQTePFeNJrnwmWP4/Dnqj15khh5B8"},"_chains":{"Bdnvp1Aq87ZTm6YoSiHoZcsgEmEyPuNWIZtpuhXtP/kk":{"chainKey":{"counter":19,"key":"tq74vszSUU+IYYSN53SCo++4iwePcByhJ/okiX5j+e0="},"chainType":1,"messageKeys":{}}},"pendingPreKey":{"signedKeyId":1,"baseKey":"BbhbZTL+inI6poCCLBgHrX7RcD8XoVtSfid2Mactgm8n"}}},"version":"v1"}