{"_sessions":{"BUurPbauBbKqBTKlzqefmcJf0KqPvDb8j2HXrPjAMl5+":{"registrationId":622020925,"currentRatchet":{"ephemeralKeyPair":{"pubKey":"BaQvcxv7O1fbY6j2NNAJMrCM4LLsQp2MIRmcsbpVVkcP","privKey":"qDuJHJCcLzv+woRGG5EFuBNtOG+0Rw7koeLFbSyZg20="},"lastRemoteEphemeralKey":"BU6uvR1orHrdLPjaKlJubheckckMeEhYBo4NPL8EfsQ/","previousCounter":0,"rootKey":"+O0t+aXft8U+LkvyqzgLq6sKbohm5JF2IkSr4/9VqbM="},"indexInfo":{"baseKey":"BUurPbauBbKqBTKlzqefmcJf0KqPvDb8j2HXrPjAMl5+","baseKeyType":1,"closed":-1,"used":1733667715278,"created":1733667715278,"remoteIdentityKey":"BZAnbPhZp1jgTbZ7zANFqB6xyQoyRcluoejE+bj9INMf"},"_chains":{"BaQvcxv7O1fbY6j2NNAJMrCM4LLsQp2MIRmcsbpVVkcP":{"chainKey":{"counter":21,"key":"nvvcEjCF9g1RDSz1ycQMqpxi6TgPsnyXO155WCb6T2w="},"chainType":1,"messageKeys":{}}},"pendingPreKey":{"signedKeyId":1147665,"baseKey":"BUurPbauBbKqBTKlzqefmcJf0KqPvDb8j2HXrPjAMl5+","preKeyId":16418}}},"version":"v1"}