{"_sessions":{"BZnAwzI4BaakfADzWxAsY5JHEM7cSchYZODbjfzD+Q02":{"registrationId":20,"currentRatchet":{"ephemeralKeyPair":{"pubKey":"BfOPpxrRyRDOI/CTy24k3PJwVY+mROopUStZB4+9wQAd","privKey":"AO4fKkEhw4kw4a8/v5Xya2XpehjcX7YMnniJs0EBM1s="},"lastRemoteEphemeralKey":"BVtP3Q1xFHWZyu1FUVNXDuuR9OJQD2Us8zCbKFbrILV4","previousCounter":0,"rootKey":"I/r50ntWrZt3EOBIYIhcux5SAHe7m/jCSJxzwNfHwmQ="},"indexInfo":{"baseKey":"BZnAwzI4BaakfADzWxAsY5JHEM7cSchYZODbjfzD+Q02","baseKeyType":2,"closed":1733772953607,"used":1733772629326,"created":1733772629326,"remoteIdentityKey":"BSKPUswBaA8p/W6yKUWlom5qmiMBS5KTCg+15mNcYjck"},"_chains":{"BVtP3Q1xFHWZyu1FUVNXDuuR9OJQD2Us8zCbKFbrILV4":{"chainKey":{"counter":0,"key":"ly9B7Pn6s+SC0DHE6XrVIRSlOHW0BBbo/Be88InUI74="},"chainType":2,"messageKeys":{}},"BfOPpxrRyRDOI/CTy24k3PJwVY+mROopUStZB4+9wQAd":{"chainKey":{"counter":0,"key":"cWJXh+C4QFtLVCU81yaHEqkXTSHXiKpOK00jVHks2yw="},"chainType":1,"messageKeys":{}}}},"Ba6fkOo6QnDVf/Bz5zTj+dRGfIBbVA3IyJgJ4sxxemp3":{"registrationId":20,"currentRatchet":{"ephemeralKeyPair":{"pubKey":"BV1XI+KQcUgeAF2DKxwRG7C74iIW2zthBUFKbz8zBcl1","privKey":"sBKVPF+XT6GslTyorb8i1Z/OWaqzKCKV4AZ0h9B/Ams="},"lastRemoteEphemeralKey":"BUv4ROYwDK65YutDovxb8n08w8PE7cBy3r8Cr20eJ79t","previousCounter":0,"rootKey":"jieRxaGoYE8Q4mSXHzX/DJWbVjTRON/JYsKwLPofN+A="},"indexInfo":{"baseKey":"Ba6fkOo6QnDVf/Bz5zTj+dRGfIBbVA3IyJgJ4sxxemp3","baseKeyType":1,"closed":1733773000592,"used":1733772953605,"created":1733772953605,"remoteIdentityKey":"BSKPUswBaA8p/W6yKUWlom5qmiMBS5KTCg+15mNcYjck"},"_chains":{"BV1XI+KQcUgeAF2DKxwRG7C74iIW2zthBUFKbz8zBcl1":{"chainKey":{"counter":0,"key":"YihvSGytLIR0CEgzqpNZ7KtvytElntDUD1nbGCCCEcM="},"chainType":1,"messageKeys":{}}},"pendingPreKey":{"signedKeyId":1,"baseKey":"Ba6fkOo6QnDVf/Bz5zTj+dRGfIBbVA3IyJgJ4sxxemp3","preKeyId":84}},"BXMLFGWW5RvxRRZ8JHqXW3XJltqUt5Jo/FPK4O0dtHdN":{"registrationId":20,"currentRatchet":{"ephemeralKeyPair":{"pubKey":"BVjXj9xqj07Pzo5Z/L0it7DiD0Td1cQs5he6/tHnGwgG","privKey":"CEm6avHz7v/U8ZXY/ACcvRs3DXTZdO2Mj0KW6181x24="},"lastRemoteEphemeralKey":"BUv4ROYwDK65YutDovxb8n08w8PE7cBy3r8Cr20eJ79t","previousCounter":0,"rootKey":"vnfdKzwA+LCs3B3rZClxqi2C9+DTVC0yMC7MnZwJ8LU="},"indexInfo":{"baseKey":"BXMLFGWW5RvxRRZ8JHqXW3XJltqUt5Jo/FPK4O0dtHdN","baseKeyType":1,"closed":1733773038488,"used":1733773000590,"created":1733773000590,"remoteIdentityKey":"BSKPUswBaA8p/W6yKUWlom5qmiMBS5KTCg+15mNcYjck"},"_chains":{"BVjXj9xqj07Pzo5Z/L0it7DiD0Td1cQs5he6/tHnGwgG":{"chainKey":{"counter":0,"key":"qqimsP7DZ4x0+szoehJqMn4EL3H5BvYV5xk6zdMpKgs="},"chainType":1,"messageKeys":{}}},"pendingPreKey":{"signedKeyId":1,"baseKey":"BXMLFGWW5RvxRRZ8JHqXW3XJltqUt5Jo/FPK4O0dtHdN","preKeyId":86}},"BVL+CI38VF81vvHQkEp9a7GhVHzPwZoD7iK6AGcXnFFL":{"registrationId":20,"currentRatchet":{"ephemeralKeyPair":{"pubKey":"BSZ7AhmS/z51jWsWlOC3KhfYqOLEPJzX1JtgyxI24FBY","privKey":"INOoFlXhSfe3K02uoeuyMDKWg+ssjFDsb6Z/5iss4WI="},"lastRemoteEphemeralKey":"BUv4ROYwDK65YutDovxb8n08w8PE7cBy3r8Cr20eJ79t","previousCounter":0,"rootKey":"V1PN32IpHe3N37zhbt4Anl3BVF9ucSVBuXXlAlobmYQ="},"indexInfo":{"baseKey":"BVL+CI38VF81vvHQkEp9a7GhVHzPwZoD7iK6AGcXnFFL","baseKeyType":1,"closed":1733773048491,"used":1733773038485,"created":1733773038485,"remoteIdentityKey":"BSKPUswBaA8p/W6yKUWlom5qmiMBS5KTCg+15mNcYjck"},"_chains":{"BSZ7AhmS/z51jWsWlOC3KhfYqOLEPJzX1JtgyxI24FBY":{"chainKey":{"counter":1,"key":"tbOFGzyjFmKC2lYdjUKQTB9xSXnKZkdc6z2Kg92Utjc="},"chainType":1,"messageKeys":{}}},"pendingPreKey":{"signedKeyId":1,"baseKey":"BVL+CI38VF81vvHQkEp9a7GhVHzPwZoD7iK6AGcXnFFL","preKeyId":79}},"BdmBOX+zt/NC3wvZ3omydVBlamaIOTg7S1WSRR95fhcM":{"registrationId":20,"currentRatchet":{"ephemeralKeyPair":{"pubKey":"BQBWa5LZRRpwFOOYuN1ayAtxhgk4if2XTmkEIh745cwR","privKey":"2JhU92VozoDRWOQF0ugiK5Gs/aivDfQTCo9IunpJJn4="},"lastRemoteEphemeralKey":"BUv4ROYwDK65YutDovxb8n08w8PE7cBy3r8Cr20eJ79t","previousCounter":0,"rootKey":"l3/mP3rTAKb0Ok1Y4m7YJsdX+6PRfLFClkbmN6S4PKg="},"indexInfo":{"baseKey":"BdmBOX+zt/NC3wvZ3omydVBlamaIOTg7S1WSRR95fhcM","baseKeyType":1,"closed":1733773450692,"used":1733773048489,"created":1733773048489,"remoteIdentityKey":"BSKPUswBaA8p/W6yKUWlom5qmiMBS5KTCg+15mNcYjck"},"_chains":{"BQBWa5LZRRpwFOOYuN1ayAtxhgk4if2XTmkEIh745cwR":{"chainKey":{"counter":0,"key":"36f78FacAqfPZfNT8UH4jf1y4aD/buUBaX3i3aA5ei8="},"chainType":1,"messageKeys":{}}},"pendingPreKey":{"signedKeyId":1,"baseKey":"BdmBOX+zt/NC3wvZ3omydVBlamaIOTg7S1WSRR95fhcM","preKeyId":70}},"BbVrmc6AKG+aiSjVmG2yeAJ1A+E8JWW9a6YscOW/rWwn":{"registrationId":20,"currentRatchet":{"ephemeralKeyPair":{"pubKey":"BT8yhCwtW2aQS1mn3XZicihMhcEyWknbsEcUexpvcI97","privKey":"OKDabCRo1sDpZOMZfzi/x3C4IEFKyLz6nJUOJuz3G30="},"lastRemoteEphemeralKey":"BQok82nxeEu0xijVWhDjy7w/P7V3KcNIlKJy3iTso2V5","previousCounter":0,"rootKey":"8Afj667JXj3ogdbW+ly9QPR8sTbwa6DSFMa+T0DnnoI="},"indexInfo":{"baseKey":"BbVrmc6AKG+aiSjVmG2yeAJ1A+E8JWW9a6YscOW/rWwn","baseKeyType":2,"closed":1733774368858,"used":1733773450695,"created":1733773450695,"remoteIdentityKey":"BSKPUswBaA8p/W6yKUWlom5qmiMBS5KTCg+15mNcYjck"},"_chains":{"BQok82nxeEu0xijVWhDjy7w/P7V3KcNIlKJy3iTso2V5":{"chainKey":{"counter":1,"key":"IGHfs5HtlE7uxUkLeHybIOLitXKBxPbH2wx/T3GiriQ="},"chainType":2,"messageKeys":{}},"BT8yhCwtW2aQS1mn3XZicihMhcEyWknbsEcUexpvcI97":{"chainKey":{"counter":-1,"key":"REbqpOWMij87DsepCoEDhuEm46xGDW/TPfG7UVK9wlU="},"chainType":1,"messageKeys":{}}}},"BZ1cjC9Ow9kWKEEWC5DNGsGOIOEVBLhzbGoOYg2QAuFO":{"registrationId":20,"currentRatchet":{"ephemeralKeyPair":{"pubKey":"BSPihXEryCQOG9virvs5tzEYoHfeCDWXqOnOoR2b9uA7","privKey":"yLDotDpERzmM05dTp+N2TvtemnjwRa1t+7I2pjsZy1M="},"lastRemoteEphemeralKey":"BeRYzk821mdNscuyqsPosahZdQ+ebJgyVQCfLw9HKO05","previousCounter":0,"rootKey":"fBVKZvdtDkfNBL/bCSxC1RLSo1iPH7OBnl+eniqLUJ8="},"indexInfo":{"baseKey":"BZ1cjC9Ow9kWKEEWC5DNGsGOIOEVBLhzbGoOYg2QAuFO","baseKeyType":2,"closed":1733774372255,"used":1733774368862,"created":1733774368862,"remoteIdentityKey":"BSKPUswBaA8p/W6yKUWlom5qmiMBS5KTCg+15mNcYjck"},"_chains":{"BeRYzk821mdNscuyqsPosahZdQ+ebJgyVQCfLw9HKO05":{"chainKey":{"counter":0,"key":"AsXAeEVZCUTQu99kQ0gmAERL/4ug4ikoKhYDKd2xSCc="},"chainType":2,"messageKeys":{}},"BSPihXEryCQOG9virvs5tzEYoHfeCDWXqOnOoR2b9uA7":{"chainKey":{"counter":-1,"key":"z/VpaEVeBq3vD9wFiwAblfKtM1QTqjjLNjcxk/GDBaw="},"chainType":1,"messageKeys":{}}}},"BXLGYWlmW+R8ntD3raPeKKGvFdz7qxbzJTeN5iJqeWAG":{"registrationId":20,"currentRatchet":{"ephemeralKeyPair":{"pubKey":"BSTr7/yTr9SWSjPcUFixoq/4g0dhrVrYY3TCW4J4+r9i","privKey":"YFj7vkO+ExXAlu0hEq2ILgjV2AbvQ2YOgWTaNGYiwlg="},"lastRemoteEphemeralKey":"BUv4ROYwDK65YutDovxb8n08w8PE7cBy3r8Cr20eJ79t","previousCounter":0,"rootKey":"iRFrqyPrMQdsosGhGsuUQRQJaKwlm7MOvf+WhvJaOBM="},"indexInfo":{"baseKey":"BXLGYWlmW+R8ntD3raPeKKGvFdz7qxbzJTeN5iJqeWAG","baseKeyType":1,"closed":1733774817045,"used":1733774372229,"created":1733774372229,"remoteIdentityKey":"BSKPUswBaA8p/W6yKUWlom5qmiMBS5KTCg+15mNcYjck"},"_chains":{"BSTr7/yTr9SWSjPcUFixoq/4g0dhrVrYY3TCW4J4+r9i":{"chainKey":{"counter":0,"key":"Rd2wFvydzddZC1UM/8thNhI90GMAe5iElZ0DEJbVACY="},"chainType":1,"messageKeys":{}}},"pendingPreKey":{"signedKeyId":1,"baseKey":"BXLGYWlmW+R8ntD3raPeKKGvFdz7qxbzJTeN5iJqeWAG","preKeyId":72}},"BbzOcugVoNFIdrJZZII33PWw39v3uNRZhhrjv8DiZDRl":{"registrationId":20,"currentRatchet":{"ephemeralKeyPair":{"pubKey":"BU0Cn7x8kPPbTGR1ORK8XDKcOcb+FWA5MUk+kkyVOhF4","privKey":"6LvQyXgtLN1C4rY+n3m5rUBvZ/n+Fkdv781Iq9oJImE="},"lastRemoteEphemeralKey":"BUv4ROYwDK65YutDovxb8n08w8PE7cBy3r8Cr20eJ79t","previousCounter":0,"rootKey":"5mkbVOS+DPsnZ8g8EawQR7PT3fBX5YitzTa8oQUZlhY="},"indexInfo":{"baseKey":"BbzOcugVoNFIdrJZZII33PWw39v3uNRZhhrjv8DiZDRl","baseKeyType":1,"closed":1733775599942,"used":1733774817042,"created":1733774817042,"remoteIdentityKey":"BSKPUswBaA8p/W6yKUWlom5qmiMBS5KTCg+15mNcYjck"},"_chains":{"BU0Cn7x8kPPbTGR1ORK8XDKcOcb+FWA5MUk+kkyVOhF4":{"chainKey":{"counter":0,"key":"75hJ0k9vmoyVYRGEwhAPidPohVJa8NgO9Z2KdMyKp8w="},"chainType":1,"messageKeys":{}}},"pendingPreKey":{"signedKeyId":1,"baseKey":"BbzOcugVoNFIdrJZZII33PWw39v3uNRZhhrjv8DiZDRl"}},"BWIvhoeb6i+e5/dX0N638WA3bHMLNbTZpLqU30OX3phL":{"registrationId":20,"currentRatchet":{"ephemeralKeyPair":{"pubKey":"BVQUo+P6KUyYYFNo4hGsmCgr175v7XdmEy5y5dpTvLgU","privKey":"AGQBlxkE+qZHIkYmNXEYqq6S9It1LBLOHwyr1bGjDlc="},"lastRemoteEphemeralKey":"BX5sMz1rFnY1TC1tVUST8HSTsb9oDwoME0vAi7M87PtY","previousCounter":0,"rootKey":"j2Zl6h3L1zaxLGyQgznYx0n5AeK6wu8xGFx0MOCz52A="},"indexInfo":{"baseKey":"BWIvhoeb6i+e5/dX0N638WA3bHMLNbTZpLqU30OX3phL","baseKeyType":2,"closed":1733775627751,"used":1733775599945,"created":1733775599945,"remoteIdentityKey":"BSKPUswBaA8p/W6yKUWlom5qmiMBS5KTCg+15mNcYjck"},"_chains":{"BX5sMz1rFnY1TC1tVUST8HSTsb9oDwoME0vAi7M87PtY":{"chainKey":{"counter":0,"key":"PhVn6M68bleMOOHoAPy85CRzW1yenv9RrjE9YSVixmI="},"chainType":2,"messageKeys":{}},"BVQUo+P6KUyYYFNo4hGsmCgr175v7XdmEy5y5dpTvLgU":{"chainKey":{"counter":-1,"key":"44la338CuMaimVaIDy9Jm/AoEvSlOG50jpy/Clj2FEA="},"chainType":1,"messageKeys":{}}}},"BZKxSUIrdhlR/iLSiOVZIOV7+Lw/w/JJGHq+PxpXe1Fu":{"registrationId":20,"currentRatchet":{"ephemeralKeyPair":{"pubKey":"BQiogzJ1otPUB2fL0GkpaLI4csZ2rj51XchZWlhMTLkq","privKey":"6BpX6cO0bLD1cBzbfvy9Orf17N9exffpF/8IGJLhxFQ="},"lastRemoteEphemeralKey":"BUv4ROYwDK65YutDovxb8n08w8PE7cBy3r8Cr20eJ79t","previousCounter":0,"rootKey":"N5FHgwP5Uk6cEz62EozzmbsL9TzUwQJSbyyQltw9GLU="},"indexInfo":{"baseKey":"BZKxSUIrdhlR/iLSiOVZIOV7+Lw/w/JJGHq+PxpXe1Fu","baseKeyType":1,"closed":-1,"used":1733775627749,"created":1733775627749,"remoteIdentityKey":"BSKPUswBaA8p/W6yKUWlom5qmiMBS5KTCg+15mNcYjck"},"_chains":{"BQiogzJ1otPUB2fL0GkpaLI4csZ2rj51XchZWlhMTLkq":{"chainKey":{"counter":15,"key":"V8BqHedkvSCab52mEWznUWo8IaqzdYuKLg0+7p/qN6Y="},"chainType":1,"messageKeys":{}}},"pendingPreKey":{"signedKeyId":1,"baseKey":"BZKxSUIrdhlR/iLSiOVZIOV7+Lw/w/JJGHq+PxpXe1Fu"}}},"version":"v1"}