{"_sessions":{"BTt9VZLUjFCKAz+iKNMne4feXW3qo4xxUDqHE9nXz19O":{"registrationId":193,"currentRatchet":{"ephemeralKeyPair":{"pubKey":"BTg0uHPsjHZk6fqPtlOApdhw54LR34LwE/RHBHmo7xEO","privKey":"OF/iZhhgmRfy1+gyM3gj9ctEEPUhzI/EoybN2fOeLGk="},"lastRemoteEphemeralKey":"BXyyXMNsBV2Q0SplVOvteIP+oOZM0WXffjwPmIlr/GN8","previousCounter":0,"rootKey":"ncTuLXU+5CtIuJW3umjEdmGA6fHtionXANg/qnASNWA="},"indexInfo":{"baseKey":"BTt9VZLUjFCKAz+iKNMne4feXW3qo4xxUDqHE9nXz19O","baseKeyType":1,"closed":-1,"used":1733667577080,"created":1733667577080,"remoteIdentityKey":"BYlvJoKY9dlu8NS2gB64HwP2eOCritq3D+Apa8JZPMFk"},"_chains":{"BTg0uHPsjHZk6fqPtlOApdhw54LR34LwE/RHBHmo7xEO":{"chainKey":{"counter":0,"key":"UYjogXmKkykvW79Wt2Rdi10QSC5mqHvc1WeflsBEpmk="},"chainType":1,"messageKeys":{}}},"pendingPreKey":{"signedKeyId":1,"baseKey":"BTt9VZLUjFCKAz+iKNMne4feXW3qo4xxUDqHE9nXz19O"}}},"version":"v1"}