{"_sessions":{"BW33pr4OTGufk43E+8zNFYcI65vJ9EuwT4EpvkvS+/tR":{"registrationId":1676838398,"currentRatchet":{"ephemeralKeyPair":{"pubKey":"BU13gzNnoZnuEWE2rgSraniS7uGphSprO3IP/vO7r4pj","privKey":"eNfVA+xPksc7hyu4A8LnTV8LSJKsHsxA/dEfgET222M="},"lastRemoteEphemeralKey":"BXOV9P0KNzYhm1HsMx0au6QeLpTaN3xQzOdw/iEwmVBv","previousCounter":0,"rootKey":"AxLBTk7Tl7HXRkDvtv/nts0U91ArheIgmgTjyhK2NU8="},"indexInfo":{"baseKey":"BW33pr4OTGufk43E+8zNFYcI65vJ9EuwT4EpvkvS+/tR","baseKeyType":1,"closed":-1,"used":1734011782769,"created":1734011782769,"remoteIdentityKey":"BYiojsuaQoEBiDWF1lqAkPxMDphj0U42FT1zwo/mnbQr"},"_chains":{"BU13gzNnoZnuEWE2rgSraniS7uGphSprO3IP/vO7r4pj":{"chainKey":{"counter":2,"key":"oDQj6wJdda1C0CiSGHMyqes7xro9PWmhvi6+gmsA7O8="},"chainType":1,"messageKeys":{}}},"pendingPreKey":{"signedKeyId":6,"baseKey":"BW33pr4OTGufk43E+8zNFYcI65vJ9EuwT4EpvkvS+/tR","preKeyId":10773020}}},"version":"v1"}