{"_sessions":{"BZxKMDfrV6pidKqTt5TAtxEgK5wKOYKOylJwVJLDqTZh":{"registrationId":109,"currentRatchet":{"ephemeralKeyPair":{"pubKey":"BRBioKH0brK+PUKV6P28F7lsDAmUH/VrOWRo6cARxNtU","privKey":"wB5uGQTL2JK8pBnr40aSCKIMJ18vUQ5TO0luKJ5CN28="},"lastRemoteEphemeralKey":"BcQtjerzjo2tFUSzywKlL5O4umS4gEGQcEdAClIxImEz","previousCounter":0,"rootKey":"E8tpODTotiq+uX3MhYDQTgWcPRGZrwIr5drenUMGU84="},"indexInfo":{"baseKey":"BZxKMDfrV6pidKqTt5TAtxEgK5wKOYKOylJwVJLDqTZh","baseKeyType":1,"closed":1734011800557,"used":1734011791586,"created":1734011791586,"remoteIdentityKey":"BUWJWI8sdYgrwjO+sWsN4GNK1hTkOfPMLnPAWJaD7dUD"},"_chains":{"BRBioKH0brK+PUKV6P28F7lsDAmUH/VrOWRo6cARxNtU":{"chainKey":{"counter":0,"key":"Pg/Uw4t5dm1cnK92acAu0l6NPqz3uFvy6qH/kEJmSxI="},"chainType":1,"messageKeys":{}}},"pendingPreKey":{"signedKeyId":1,"baseKey":"BZxKMDfrV6pidKqTt5TAtxEgK5wKOYKOylJwVJLDqTZh","preKeyId":301}},"Ba/CaEwH6heAxy+ES+8aKT6vxb84NcJChIiYae8Wp9Ed":{"registrationId":109,"currentRatchet":{"ephemeralKeyPair":{"pubKey":"Bc5QeNT84AgAQPi+thI7mmmfqhn/+IiY7Kz8oy3ip/4C","privKey":"oA4qxvcxdcLqcV7EBW6AXOVHass4mslWttc1SgGjDl4="},"lastRemoteEphemeralKey":"BcQtjerzjo2tFUSzywKlL5O4umS4gEGQcEdAClIxImEz","previousCounter":0,"rootKey":"kzofHcAw4Pmpg7Ze93QvJSHWp5ju+4l6UvNPv0oEHxQ="},"indexInfo":{"baseKey":"Ba/CaEwH6heAxy+ES+8aKT6vxb84NcJChIiYae8Wp9Ed","baseKeyType":1,"closed":1734011810844,"used":1734011800474,"created":1734011800474,"remoteIdentityKey":"BUWJWI8sdYgrwjO+sWsN4GNK1hTkOfPMLnPAWJaD7dUD"},"_chains":{"Bc5QeNT84AgAQPi+thI7mmmfqhn/+IiY7Kz8oy3ip/4C":{"chainKey":{"counter":0,"key":"e0/VknDwOT3+reIaqMFM6RNBuPteDBl6gN1MtEo3HKo="},"chainType":1,"messageKeys":{}}},"pendingPreKey":{"signedKeyId":1,"baseKey":"Ba/CaEwH6heAxy+ES+8aKT6vxb84NcJChIiYae8Wp9Ed","preKeyId":286}},"Ba2+9Vt35QyuW2KzFa876dp6FndUxJCDWf2CjNIt3N9g":{"registrationId":109,"currentRatchet":{"ephemeralKeyPair":{"pubKey":"BZMtbXemCR5WFa6SX82lD15sJNMDcPw+j3FkbE9A+a5M","privKey":"mG9D3hlKWB1iICaJs8QvAy9d6nLS6MsiO9wwOhn9LF4="},"lastRemoteEphemeralKey":"BcQtjerzjo2tFUSzywKlL5O4umS4gEGQcEdAClIxImEz","previousCounter":0,"rootKey":"3xoW6RyWE1aUp5UWTTdzr8ZR4tI9JD9LHaArmFmMaJ4="},"indexInfo":{"baseKey":"Ba2+9Vt35QyuW2KzFa876dp6FndUxJCDWf2CjNIt3N9g","baseKeyType":1,"closed":1734012156390,"used":1734011810684,"created":1734011810684,"remoteIdentityKey":"BUWJWI8sdYgrwjO+sWsN4GNK1hTkOfPMLnPAWJaD7dUD"},"_chains":{"BZMtbXemCR5WFa6SX82lD15sJNMDcPw+j3FkbE9A+a5M":{"chainKey":{"counter":1,"key":"V/ICFH5ielEsGSRtSMvmujPIWs4rbRyAuVwPNnsZSkM="},"chainType":1,"messageKeys":{}}},"pendingPreKey":{"signedKeyId":1,"baseKey":"Ba2+9Vt35QyuW2KzFa876dp6FndUxJCDWf2CjNIt3N9g","preKeyId":298}},"BaqKDbfrKB82v5mscKThgKugvt8a5udBi+EEGiJP23UB":{"registrationId":109,"currentRatchet":{"ephemeralKeyPair":{"pubKey":"BWAeFH8/a3O/rLGcrO0S37LkpSfAtuRFqwYjFPLOYsxX","privKey":"yIDbcX7bgTymXcKI9rDEIwyYC3OC0qP0XOarRip7THc="},"lastRemoteEphemeralKey":"BcQtjerzjo2tFUSzywKlL5O4umS4gEGQcEdAClIxImEz","previousCounter":0,"rootKey":"ng8Hv0e4QATdxqcRb2WzCQ0w6a54Joi8WEpT6kzxYo0="},"indexInfo":{"baseKey":"BaqKDbfrKB82v5mscKThgKugvt8a5udBi+EEGiJP23UB","baseKeyType":1,"closed":-1,"used":1734012156384,"created":1734012156384,"remoteIdentityKey":"BUWJWI8sdYgrwjO+sWsN4GNK1hTkOfPMLnPAWJaD7dUD"},"_chains":{"BWAeFH8/a3O/rLGcrO0S37LkpSfAtuRFqwYjFPLOYsxX":{"chainKey":{"counter":9,"key":"Qjs4ADzpdTHw0ijKndXMuPLV52eCUxsyzDmLsUwPbuI="},"chainType":1,"messageKeys":{}}},"pendingPreKey":{"signedKeyId":1,"baseKey":"BaqKDbfrKB82v5mscKThgKugvt8a5udBi+EEGiJP23UB"}}},"version":"v1"}