{"_sessions":{"BQf1VtU/81OoD0JLocIQ65XarxBeDcyKD6gRyyQEM8pY":{"registrationId":1425622453,"currentRatchet":{"ephemeralKeyPair":{"pubKey":"BYjE1zLdSFj7FvGk16DIejYvJ/FObBeaapa7QFANQitD","privKey":"iLOIxdMRJ/z3CPHLit4TUuTg40vooSUI2XWZu/DJU3E="},"lastRemoteEphemeralKey":"BR1XrabtqpmI1lruUTyBjRKpWcFQUg7TUpSpatjOsAR1","previousCounter":0,"rootKey":"RewHtRJk9XeO/4XuR/nIQKLqMAiJpdqrLlh3uIaNly4="},"indexInfo":{"baseKey":"BQf1VtU/81OoD0JLocIQ65XarxBeDcyKD6gRyyQEM8pY","baseKeyType":1,"closed":-1,"used":1734011798577,"created":1734011798577,"remoteIdentityKey":"BeHmepChUwe0yQi78RouYC+5/9U2vZvlz2VWYqewRyVR"},"_chains":{"BYjE1zLdSFj7FvGk16DIejYvJ/FObBeaapa7QFANQitD":{"chainKey":{"counter":0,"key":"noHEzMSYmiMURTtSvBbzIf20uGzCA5+GMxRpe5oWoMQ="},"chainType":1,"messageKeys":{}}},"pendingPreKey":{"signedKeyId":3,"baseKey":"BQf1VtU/81OoD0JLocIQ65XarxBeDcyKD6gRyyQEM8pY","preKeyId":10726398}}},"version":"v1"}