{"_sessions":{"BefY2iRQ6IM/eKQBOqxCrOVlVfor2Xts6nOnYQ728jpa":{"registrationId":206,"currentRatchet":{"ephemeralKeyPair":{"pubKey":"BUQyqW9//L3tvni+ga8cFVZzyEp4xnhOQzL+axDwpude","privKey":"ePHEvEf3vWg4aYdMUgwbjX6futl9Wd62/MNlsVUjSEQ="},"lastRemoteEphemeralKey":"BcwNsnJh+jXkYKkZao/Ta4ZjvneUbGuLyRqLQ8NBigR/","previousCounter":0,"rootKey":"xeCIhc8cjVS6sYFgQFahM8QgYDvkd4vX0Vbj96Qs7Mw="},"indexInfo":{"baseKey":"BefY2iRQ6IM/eKQBOqxCrOVlVfor2Xts6nOnYQ728jpa","baseKeyType":1,"closed":-1,"used":1734011782757,"created":1734011782757,"remoteIdentityKey":"BaAm9tV5xEollwCFCtxcwr6raBZdX6JLlNcTyo1OtYkO"},"_chains":{"BUQyqW9//L3tvni+ga8cFVZzyEp4xnhOQzL+axDwpude":{"chainKey":{"counter":2,"key":"oflQgFBlfAQ0Z7MmMLPB2/76fKtdlQh18nuPXEXX2zs="},"chainType":1,"messageKeys":{}}},"pendingPreKey":{"signedKeyId":1,"baseKey":"BefY2iRQ6IM/eKQBOqxCrOVlVfor2Xts6nOnYQ728jpa"}}},"version":"v1"}