{"_sessions":{"BfMg3a1SEJcnctLM36q+Zr4rn0k1u1lKsKDw/FvOGK0z":{"registrationId":1164060700,"currentRatchet":{"ephemeralKeyPair":{"pubKey":"Be6gyzwgJSowcHW9LPFxm18lja688NvhIgI5IkWrc2RD","privKey":"8Gw94gb2zuXoGN8lJ4DoybEWaIlINvs9bvBmiaI1m3A="},"lastRemoteEphemeralKey":"BSgxmDfgqqfZetu3zpoUULYXokggMSOr9G3NgnDifskA","previousCounter":2,"rootKey":"JFBA2Q/NbSyTAReHvfAB02a0jcg9Lemg6naf/WA33Yc="},"indexInfo":{"baseKey":"BfMg3a1SEJcnctLM36q+Zr4rn0k1u1lKsKDw/FvOGK0z","baseKeyType":1,"closed":-1,"used":1734069078877,"created":1734011791948,"remoteIdentityKey":"BTOvmQBmj6xxqEI7+tJ+HSFMQswGO3oOYG1+qsdOcZoT"},"_chains":{"BSgxmDfgqqfZetu3zpoUULYXokggMSOr9G3NgnDifskA":{"chainKey":{"counter":0,"key":"612Iw21lGYidbVuALERNduqnhtqlY/0vDyOSjRvDkMc="},"chainType":2,"messageKeys":{}},"Be6gyzwgJSowcHW9LPFxm18lja688NvhIgI5IkWrc2RD":{"chainKey":{"counter":0,"key":"X9VhPH2Ek+QbYe30IiwctJgoDaBUDQzhg7vcXCj5p5g="},"chainType":1,"messageKeys":{}}}}},"version":"v1"}