{"_sessions":{"BZ6jXJ6LKcIxV5t9ZnxhFCMwnLty849kPUO/IiidsKI+":{"registrationId":290064097,"currentRatchet":{"ephemeralKeyPair":{"pubKey":"BfCdw3uEjLSDLAW+xiGkwTO2WhYZfc2/P1tnn++jOddQ","privKey":"6HAHO/UXL2Z8IyBfqydgRgyS+bD8iufMLpzWU/uiwVs="},"lastRemoteEphemeralKey":"BUGl32F+U1aexldmG0C9FHk6dbDufUV/BgoAhQbhXzJG","previousCounter":0,"rootKey":"tdUSZVW9+a3fr9370s+ImyJGT0xnu/lxLPr6KqaqORk="},"indexInfo":{"baseKey":"BZ6jXJ6LKcIxV5t9ZnxhFCMwnLty849kPUO/IiidsKI+","baseKeyType":1,"closed":-1,"used":1734011798478,"created":1734011798478,"remoteIdentityKey":"BT2n8QY9lqSxHN9J9GuAwQ/o1vCZVJpK74VtTl05ft1a"},"_chains":{"BfCdw3uEjLSDLAW+xiGkwTO2WhYZfc2/P1tnn++jOddQ":{"chainKey":{"counter":0,"key":"vHwVgl6VZmK1dDLM4/obqemi9O+KfLb/HA6595zu8o0="},"chainType":1,"messageKeys":{}}},"pendingPreKey":{"signedKeyId":4,"baseKey":"BZ6jXJ6LKcIxV5t9ZnxhFCMwnLty849kPUO/IiidsKI+"}}},"version":"v1"}