{"_sessions":{"BWP/VTv79Ke+7+Ua5bAIcG6hLiti9JA3+m9+C2Bu2isX":{"registrationId":388529445,"currentRatchet":{"ephemeralKeyPair":{"pubKey":"BdZ0C98Rg8qtobE2A8vQZJDKKScCEXqcXelu55VtSKVB","privKey":"sIBwHEMWj0L9M7Tw9Xoqa+GsjoXZwrL3f2yuVe3+OGA="},"lastRemoteEphemeralKey":"BWsgaxj0OebnjuRG7ekx61rF5Hf+5Z+IcAxOxs7xszFS","previousCounter":0,"rootKey":"7PeF+f+O4nZuUWJAUTB1RQVMxpJ+FaDobTNHoMu2HSc="},"indexInfo":{"baseKey":"BWP/VTv79Ke+7+Ua5bAIcG6hLiti9JA3+m9+C2Bu2isX","baseKeyType":1,"closed":1733773112718,"used":1733667715391,"created":1733667715391,"remoteIdentityKey":"BeHABt6SUUcuUMIVrdLc9Va6T70BtLRCiUYE8t69WE9w"},"_chains":{"BdZ0C98Rg8qtobE2A8vQZJDKKScCEXqcXelu55VtSKVB":{"chainKey":{"counter":7,"key":"R0ykNC2YijpCHbcP5whzEy1QLopmb2oGLysi8Cj5N80="},"chainType":1,"messageKeys":{}}},"pendingPreKey":{"signedKeyId":0,"baseKey":"BWP/VTv79Ke+7+Ua5bAIcG6hLiti9JA3+m9+C2Bu2isX","preKeyId":1834258}},"BWLLi7kQZAxFMeKb+xKAmAG+I59DSzjt8jZd/day8Vlz":{"registrationId":388529445,"currentRatchet":{"ephemeralKeyPair":{"pubKey":"BV/bulIaI1Q+qffpWr4PrHPQ3g2qCX8DkpMWdQPI7TIF","privKey":"GNGO0J6kA2OMiszL/sxvTdFJYzLKXauwgKfGw23IPF4="},"lastRemoteEphemeralKey":"BVTVnhMWi4FEmv8YJQwhHg8IYgKefE8PadJfuFXHNxYK","previousCounter":0,"rootKey":"wzrtFnKc0S0AYZwADGLskuIU20m2knNE1uOGVoRqCjI="},"indexInfo":{"baseKey":"BWLLi7kQZAxFMeKb+xKAmAG+I59DSzjt8jZd/day8Vlz","baseKeyType":2,"closed":1733773113370,"used":1733773112722,"created":1733773112722,"remoteIdentityKey":"BeHABt6SUUcuUMIVrdLc9Va6T70BtLRCiUYE8t69WE9w"},"_chains":{"BVTVnhMWi4FEmv8YJQwhHg8IYgKefE8PadJfuFXHNxYK":{"chainKey":{"counter":0,"key":"RzU75gfVxJYA3NGEtgqZcje9WJoAuppHjEDwJAoD1ZE="},"chainType":2,"messageKeys":{}},"BV/bulIaI1Q+qffpWr4PrHPQ3g2qCX8DkpMWdQPI7TIF":{"chainKey":{"counter":-1,"key":"Ji+aPdMeKDlMp1AdheZ8USjXldL8h4d4nnygCQZkLlY="},"chainType":1,"messageKeys":{}}}},"BUrAdZekodxviODfbCVrW/1lZ1G92Is3v9LZ4AX9lUNk":{"registrationId":388529445,"currentRatchet":{"ephemeralKeyPair":{"pubKey":"BbQBMWFq91kR7V7J5x0zwzLF2dpR59adD9nj+Gp3pDRG","privKey":"4JynTjykJVSKbyaxAaH0MpsEFxTU/kXjaI6Zr14p20E="},"lastRemoteEphemeralKey":"BQb8v4m7of81NeprDliCCLMeXCMQdZIiktdoRGy9jvdn","previousCounter":1,"rootKey":"qsyCrNWulMiljh0OPvjCbskivf/e7wsHLAiZNLktl74="},"indexInfo":{"baseKey":"BUrAdZekodxviODfbCVrW/1lZ1G92Is3v9LZ4AX9lUNk","baseKeyType":2,"closed":1734011786262,"used":1733774839373,"created":1733773113374,"remoteIdentityKey":"BeHABt6SUUcuUMIVrdLc9Va6T70BtLRCiUYE8t69WE9w"},"_chains":{"Bbsu/cQokuHLZKld1oAMCHpGdNSKk0F8IDJ+A3iwNKUp":{"chainKey":{"counter":0},"chainType":2,"messageKeys":{}},"BUOE8/7JjULKwZyO8+i8iazURVTl1ghZaJVY49KMf3B0":{"chainKey":{"counter":0},"chainType":2,"messageKeys":{}},"BQb8v4m7of81NeprDliCCLMeXCMQdZIiktdoRGy9jvdn":{"chainKey":{"counter":0,"key":"I7Gajn2GmQJqvPBRgdijpQbiZJp4Z4ZpaDgCivHcOOA="},"chainType":2,"messageKeys":{}},"BbQBMWFq91kR7V7J5x0zwzLF2dpR59adD9nj+Gp3pDRG":{"chainKey":{"counter":0,"key":"Jm22jUDhBolUWWJbL4SuG0iJxFoNJflBpazJB59026A="},"chainType":1,"messageKeys":{}}}},"BefcKAPfzgUGV7iC5a+FuWQ9gkKVcQQqDppbulSuYhhh":{"registrationId":388529445,"currentRatchet":{"ephemeralKeyPair":{"pubKey":"Bdhjv1xog0ZWEYC2yBOSbWzCxP1b5q2AeETcnFBrDiUh","privKey":"qArgrWOSOp/QNUUFN0Yqwaj7nxhODvROENAJy6Lan30="},"lastRemoteEphemeralKey":"BadGeklrl//4WUjXiJETT8j58ep7pjDjQ5DsUXivNCAu","previousCounter":4,"rootKey":"xfLwXIFwahErvcdFDA328zEGGJp8y7tQLWjhXXcq/V4="},"indexInfo":{"baseKey":"BefcKAPfzgUGV7iC5a+FuWQ9gkKVcQQqDppbulSuYhhh","baseKeyType":1,"closed":-1,"used":1734081234281,"created":1734011786248,"remoteIdentityKey":"BeHABt6SUUcuUMIVrdLc9Va6T70BtLRCiUYE8t69WE9w"},"_chains":{"BSLgLW/3bxoj2tDXLSlh8LBe6cD0m0F26ezVtNp8ZYA3":{"chainKey":{"counter":0},"chainType":2,"messageKeys":{}},"BadGeklrl//4WUjXiJETT8j58ep7pjDjQ5DsUXivNCAu":{"chainKey":{"counter":0,"key":"w0n9ZhLFjhDqDXTjTPGVJg/tPSgIuJAsJfu98Z4PkF0="},"chainType":2,"messageKeys":{}},"Bdhjv1xog0ZWEYC2yBOSbWzCxP1b5q2AeETcnFBrDiUh":{"chainKey":{"counter":-1,"key":"D00rzQTOsk/SMzNLZKVFYqEnPjJSKnDNvfuWwuIsU0w="},"chainType":1,"messageKeys":{}}}}},"version":"v1"}