{"_sessions":{"BSWnvOucbAZt+1eDOFmia0/Gul/0D303rWZ5foB29rYH":{"registrationId":1219026755,"currentRatchet":{"ephemeralKeyPair":{"pubKey":"Be6IU4EVgQXRcpM/kgZCS2Cobc2yS62MA1/j81fw1OEs","privKey":"OH3iYNoQ87CqF9N31QE5zOCcMlQs9YQhe6ip8RTkgGc="},"lastRemoteEphemeralKey":"BZjUTLoPuf3vvUGk1B0FW+5gNgCm4Ui8aVaIbwFUfIlS","previousCounter":0,"rootKey":"2RipXlrn6ZFHU/9e/0fsb1ZWVtkfYSEhqtfKPZy/THs="},"indexInfo":{"baseKey":"BSWnvOucbAZt+1eDOFmia0/Gul/0D303rWZ5foB29rYH","baseKeyType":1,"closed":-1,"used":1734011798172,"created":1734011798172,"remoteIdentityKey":"Balfs+SOGgAv0yn/zkXT1O/oPDT60llRpdIb1jJhnsIA"},"_chains":{"Be6IU4EVgQXRcpM/kgZCS2Cobc2yS62MA1/j81fw1OEs":{"chainKey":{"counter":0,"key":"Pg8+/8XZGuGigqwJHkdhGVPgA3Nnen4cjFQK2By9rww="},"chainType":1,"messageKeys":{}}},"pendingPreKey":{"signedKeyId":2,"baseKey":"BSWnvOucbAZt+1eDOFmia0/Gul/0D303rWZ5foB29rYH","preKeyId":3732077}}},"version":"v1"}