{"_sessions":{"BfU52Akt7UItirbebukzXPr/lwonerJ5l1rP87aLwAM3":{"registrationId":2088803460,"currentRatchet":{"ephemeralKeyPair":{"pubKey":"BegS9to8DDXY1X0nB91mfRtOxhij4wP/sGbFYAnkzaRK","privKey":"ODFp0KuIepZeWhFC8/0TtcDnNnj9CaiZgzQ5EeLUmU4="},"lastRemoteEphemeralKey":"BZFyNo5KoMYPgR4ZKE9zu93De3yRgKvPCv0QVjkEJiQN","previousCounter":0,"rootKey":"NiLn0Q8mo8Ny/7VPYFXps4ZGxymBknesSaPhgcrTFZ8="},"indexInfo":{"baseKey":"BfU52Akt7UItirbebukzXPr/lwonerJ5l1rP87aLwAM3","baseKeyType":1,"closed":-1,"used":1734011798178,"created":1734011798178,"remoteIdentityKey":"BYgxUiDlj4S2sA9CQknSOqOcZtON5D28ELntmPwixF8U"},"_chains":{"BegS9to8DDXY1X0nB91mfRtOxhij4wP/sGbFYAnkzaRK":{"chainKey":{"counter":0,"key":"OFjbD3rO9Ew5SP+mF/eLlPGN2mRs2zLJ8vqHSMFTIlk="},"chainType":1,"messageKeys":{}}},"pendingPreKey":{"signedKeyId":3,"baseKey":"BfU52Akt7UItirbebukzXPr/lwonerJ5l1rP87aLwAM3","preKeyId":4199805}}},"version":"v1"}