{"_sessions":{"BcbsGkV5Saj+K983lvXY5W8ivcgy07pn/9QwqTqCzs0N":{"registrationId":1875890726,"currentRatchet":{"ephemeralKeyPair":{"pubKey":"BcVji4mky9Lqm6rWnHxLM08xEfnmwo5h4xcubcCkcDZm","privKey":"EBJRrw9ZKbCFVSsU9DSdQfT0Jq1xDhVvxUiUlk6s2E4="},"lastRemoteEphemeralKey":"Bc8wwNtRT6jlSSvknqe0GaAubLxfknRLodj0IlBt8rwL","previousCounter":0,"rootKey":"rQRFrlxPkBTv3MQNsmkUTKjDFJ0oPLfMcAOigcYQQrA="},"indexInfo":{"baseKey":"BcbsGkV5Saj+K983lvXY5W8ivcgy07pn/9QwqTqCzs0N","baseKeyType":1,"closed":-1,"used":1734011798149,"created":1734011798149,"remoteIdentityKey":"BYRUUz3gcwZ8Gt7iroKX2cRbkWmPmFTJoHQ9W63frOBD"},"_chains":{"BcVji4mky9Lqm6rWnHxLM08xEfnmwo5h4xcubcCkcDZm":{"chainKey":{"counter":0,"key":"epyvwWSgNh1/8jncV2VlkJktERSgFJ65vyE7lliu6jc="},"chainType":1,"messageKeys":{}}},"pendingPreKey":{"signedKeyId":18,"baseKey":"BcbsGkV5Saj+K983lvXY5W8ivcgy07pn/9QwqTqCzs0N","preKeyId":4155327}}},"version":"v1"}