{"_sessions":{"BX1YIqkxIc0lhe3TyflMemtWV7cxb6pGShWKnNpEsRos":{"registrationId":1510264048,"currentRatchet":{"ephemeralKeyPair":{"pubKey":"BR4g/RqViwoNC2Vu/LyhnBpu7XzRiIFHB+rThNgfxNU0","privKey":"AMgRwRJd54q/cKDW7XiRHKjysPlpyctCFOlYE9RYDk0="},"lastRemoteEphemeralKey":"BcQf9eeTLb3/luRRNByZagjvt6GkdRvOjFfVoIiO6/F+","previousCounter":0,"rootKey":"in8cl6EJVDlYatuUHadO7Rd4ih8wgeMMesCMdTFZw6I="},"indexInfo":{"baseKey":"BX1YIqkxIc0lhe3TyflMemtWV7cxb6pGShWKnNpEsRos","baseKeyType":1,"closed":-1,"used":1734011803744,"created":1734011803744,"remoteIdentityKey":"BUa5mosN6Drl46VVS9ylqfa1v9d5gwScYXSIBPul5xUA"},"_chains":{"BR4g/RqViwoNC2Vu/LyhnBpu7XzRiIFHB+rThNgfxNU0":{"chainKey":{"counter":11,"key":"sMvtMu3BRHllJcifactYHyC7mnhqqAmqahpgyQwiX74="},"chainType":1,"messageKeys":{}}},"pendingPreKey":{"signedKeyId":0,"baseKey":"BX1YIqkxIc0lhe3TyflMemtWV7cxb6pGShWKnNpEsRos","preKeyId":12009979}}},"version":"v1"}