{"_sessions":{"BRzRgeTjnBnWC62wx62HyWHKBS1oqnqbEBU3oAaGldh0":{"registrationId":115,"currentRatchet":{"ephemeralKeyPair":{"pubKey":"Bc6ScOfwqBZgXj93+8y7umOFcNTqR6LnO+rT1XG5WohJ","privKey":"gL2Ngz0xcmHdPUE4bre5hgpo5zS9RdswkabHqb6593k="},"lastRemoteEphemeralKey":"BfHOQHj3Sr/GRT+giNw/o1Bzny538a80PEa4tEAwpqsx","previousCounter":0,"rootKey":"2SAOb6irk5/ZlriMcYaSIpA7YQrv8q6ASUM/HRHeUcc="},"indexInfo":{"baseKey":"BRzRgeTjnBnWC62wx62HyWHKBS1oqnqbEBU3oAaGldh0","baseKeyType":1,"closed":-1,"used":1734086391579,"created":1734086391579,"remoteIdentityKey":"BUVuF9wHNei3tdwR0brZw1dV6q5p3lJosrhlRG8xANgH"},"_chains":{"Bc6ScOfwqBZgXj93+8y7umOFcNTqR6LnO+rT1XG5WohJ":{"chainKey":{"counter":1,"key":"k2A93wHvU/TF1ckb98tHnV9zS+J8JLIJDGgXE0XBuos="},"chainType":1,"messageKeys":{}}},"pendingPreKey":{"signedKeyId":1,"baseKey":"BRzRgeTjnBnWC62wx62HyWHKBS1oqnqbEBU3oAaGldh0"}}},"version":"v1"}