{"_sessions":{"BR5wN6UTd3chuehlTfTxRff9Q8SGo5pxyaFb8fX6pFB5":{"registrationId":241,"currentRatchet":{"ephemeralKeyPair":{"pubKey":"BVhQkl8z8DKLREhP0OFlm2RXxcOtq8Yl3Rmd32ppEFIU","privKey":"kHzCN80s/Kzo/c9z+0LZ2AYpM/nbqTOw+p4uBO6bKFs="},"lastRemoteEphemeralKey":"BQ/mMWOCIxJhDpafxsXfvmsO4YGyISRGxOgW12anZw8e","previousCounter":0,"rootKey":"SJW4/gKZsEU0si6HzL48Z3h0h/nvssjBCO/S8OKSyPM="},"indexInfo":{"baseKey":"BR5wN6UTd3chuehlTfTxRff9Q8SGo5pxyaFb8fX6pFB5","baseKeyType":1,"closed":-1,"used":1734011791789,"created":1734011791789,"remoteIdentityKey":"BWCCfVkKJOJqjH3PZcPOyOnhOy0p3Ba5SKPD9wbi0ilo"},"_chains":{"BVhQkl8z8DKLREhP0OFlm2RXxcOtq8Yl3Rmd32ppEFIU":{"chainKey":{"counter":2,"key":"HzfagfTZ0gMm7FXvZ+Kw8iKmXJMUg4gQZlQmL0Qt+4c="},"chainType":1,"messageKeys":{}}},"pendingPreKey":{"signedKeyId":1,"baseKey":"BR5wN6UTd3chuehlTfTxRff9Q8SGo5pxyaFb8fX6pFB5"}}},"version":"v1"}