{"_sessions":{"BSe0SabWHxUoyqfqdUMn97Zi4US18p/r/HGmjyD5COR2":{"registrationId":202118150,"currentRatchet":{"ephemeralKeyPair":{"pubKey":"BTPyXgnWngDk+YbQoUtW9b7xydFCFaG55HDx1N8Jeb4q","privKey":"sCwYCK5hL5KZRBA3m9jhD6MZ424MhPhTfrdgzcGKCHA="},"lastRemoteEphemeralKey":"Bekw/dS8ct4t93GeHheF7+6FAxb9HTIjQiN65ZxgLnYA","previousCounter":4,"rootKey":"hug+8of+Sj6ciH+xOOJYqcxxZnNKrxl7cuilxNaD8C0="},"indexInfo":{"baseKey":"BSe0SabWHxUoyqfqdUMn97Zi4US18p/r/HGmjyD5COR2","baseKeyType":1,"closed":-1,"used":1734050784981,"created":1733667715387,"remoteIdentityKey":"BZSOwDKL0LdVI94CA6lGOsKM+RNaJ4y7shoN4YEjikcm"},"_chains":{"BZMCRj4NnF7x+ik3Y/VOUpLNBQHhyS2GjQDklHCqtsIc":{"chainKey":{"counter":0},"chainType":2,"messageKeys":{}},"Bekw/dS8ct4t93GeHheF7+6FAxb9HTIjQiN65ZxgLnYA":{"chainKey":{"counter":1,"key":"uMfWeGe08OLDKYzzSDU6ffC7p/1FZ4F8/8/u14Xv6lU="},"chainType":2,"messageKeys":{}},"BTPyXgnWngDk+YbQoUtW9b7xydFCFaG55HDx1N8Jeb4q":{"chainKey":{"counter":5,"key":"bXgNqjRooF9bUfsmj2ASHRDtPORqWvwKVcfK7ImmvfU="},"chainType":1,"messageKeys":{}}}}},"version":"v1"}