{"_sessions":{"BZnYWgiSYzvt6POy5Ift62pt/gYGsozmrDPBzeEoJPM6":{"registrationId":362846854,"currentRatchet":{"ephemeralKeyPair":{"pubKey":"BRpEURekMdg0Kw6BASUNKDOTzARb/bcZK1gIIYP/WF9x","privKey":"MDeCY6r/cP9GHqSz367yer1Ja19PX/TrtqD2jts7vFw="},"lastRemoteEphemeralKey":"BeUUvcKqVR8EAZFsrW/rHwjh1Wixhg3T/0b7zE9JV2Jh","previousCounter":0,"rootKey":"p8Sl66iZmZwpASilLm/ChpTrJLiZ4UtlZY27h+OO/Qk="},"indexInfo":{"baseKey":"BZnYWgiSYzvt6POy5Ift62pt/gYGsozmrDPBzeEoJPM6","baseKeyType":1,"closed":-1,"used":1733667577289,"created":1733667577289,"remoteIdentityKey":"BbEWlDOXFLXYjtNaEDgQGS/IaEHg9KisA2kWLvz4YENL"},"_chains":{"BRpEURekMdg0Kw6BASUNKDOTzARb/bcZK1gIIYP/WF9x":{"chainKey":{"counter":11,"key":"OfbmaNlXdL8YULhc/66tBQTcTJTcwt9b76RZqwyQZLo="},"chainType":1,"messageKeys":{}}},"pendingPreKey":{"signedKeyId":0,"baseKey":"BZnYWgiSYzvt6POy5Ift62pt/gYGsozmrDPBzeEoJPM6"}}},"version":"v1"}