{"_sessions":{"BZTCQAJa1xTjJE1MTvJAa97Xwxpx7iZJnWr6r3KEBQxq":{"registrationId":1855199213,"currentRatchet":{"ephemeralKeyPair":{"pubKey":"BRHNt+yXjOmM0Sbj1ZnInfpIU5tmvCDA2AcGGi3ugXdO","privKey":"IHQ9d/0y3jGYspangwOnk52+9QiN0P8jK+oOCJfP5GE="},"lastRemoteEphemeralKey":"BUYiFEYfY0I3Rgdewls2Vy9CnEoW0HPP53Xv3W/CtOJS","previousCounter":0,"rootKey":"KzomsggCse6Lg+s3Nhl3bvVS9LrEb343L6ZIBeb+RaQ="},"indexInfo":{"baseKey":"BZTCQAJa1xTjJE1MTvJAa97Xwxpx7iZJnWr6r3KEBQxq","baseKeyType":1,"closed":-1,"used":1733667577579,"created":1733667577579,"remoteIdentityKey":"BYPNVTv+WdxgwT7ZVa5LeMa+iMaJxbQTtr8LxAnc3bBP"},"_chains":{"BRHNt+yXjOmM0Sbj1ZnInfpIU5tmvCDA2AcGGi3ugXdO":{"chainKey":{"counter":3,"key":"2icloAW++up4oz3gaDBtemUz8fuHdbOW4FWzI1iv2dU="},"chainType":1,"messageKeys":{}}},"pendingPreKey":{"signedKeyId":3,"baseKey":"BZTCQAJa1xTjJE1MTvJAa97Xwxpx7iZJnWr6r3KEBQxq","preKeyId":14351708}}},"version":"v1"}