{"_sessions":{"BXwUmIBb5/UmMMMIGX474XDmtuX/lq74YB74GG1Q5f4F":{"registrationId":216,"currentRatchet":{"ephemeralKeyPair":{"pubKey":"BYox1qHegmOWihkV9S9zZIlz+irzv+sB/k/rs+v1tCxK","privKey":"+Be6WGvdGaYI0+bsr7R2VGKSkKHmgFXAvyzRlXmeCm4="},"lastRemoteEphemeralKey":"BQyNSMT5KLGi/Ufe7Qewflo2mxBIu0Dys6PI92OJMVEL","previousCounter":0,"rootKey":"9AtK1dn64eDemYaH6j/26M7rgFh+P5IEO2SnpC9bgQM="},"indexInfo":{"baseKey":"BXwUmIBb5/UmMMMIGX474XDmtuX/lq74YB74GG1Q5f4F","baseKeyType":1,"closed":-1,"used":1734094847830,"created":1734094847830,"remoteIdentityKey":"BU2Y08PQwbvA9qHD0N7vQgtl/MdysqX9O04r4kTOETV7"},"_chains":{"BYox1qHegmOWihkV9S9zZIlz+irzv+sB/k/rs+v1tCxK":{"chainKey":{"counter":0,"key":"5WYwKmOd0wjgfMDV226hokNxweGcsiBAD8b5nAMYEOY="},"chainType":1,"messageKeys":{}}},"pendingPreKey":{"signedKeyId":1,"baseKey":"BXwUmIBb5/UmMMMIGX474XDmtuX/lq74YB74GG1Q5f4F"}}},"version":"v1"}