{"_sessions":{"BTBOWxwCSltsASaNWLrxdXAZAMCtEWspI45tRqqpT3QN":{"registrationId":1526295990,"currentRatchet":{"ephemeralKeyPair":{"pubKey":"BaisI8qZ0ZksXdwCILPW0e3GpewiqNBQx7fPe/dOoy8L","privKey":"uDMC09c5Gkb+BXL8p4BEg18VX0e7rC7dnNfZOrscpnQ="},"lastRemoteEphemeralKey":"BXuzBEnfUH/NtD6kZc6/DClubluo0Z+eDJd4y2B51VFo","previousCounter":0,"rootKey":"5VctNA6ZD8xDRmdoFUq/bd6fW8LknL3VCuq4vdWX9Gc="},"indexInfo":{"baseKey":"BTBOWxwCSltsASaNWLrxdXAZAMCtEWspI45tRqqpT3QN","baseKeyType":1,"closed":-1,"used":1733667577763,"created":1733667577763,"remoteIdentityKey":"BVi/PDCOQNw9ZBJPKhid7QILANfGblqL5Ks5i0QBQPUJ"},"_chains":{"BaisI8qZ0ZksXdwCILPW0e3GpewiqNBQx7fPe/dOoy8L":{"chainKey":{"counter":26,"key":"xqsQi/p6OQkwhv1KBS09Qhvkbs3DFJRjfsfcOkRyZ6M="},"chainType":1,"messageKeys":{}}},"pendingPreKey":{"signedKeyId":1,"baseKey":"BTBOWxwCSltsASaNWLrxdXAZAMCtEWspI45tRqqpT3QN","preKeyId":15013096}}},"version":"v1"}