{"_sessions":{"BZ+NwXT8mRXGIr81eooNS2FxNi9Z2lL7SrVuIbzNQVE0":{"registrationId":12,"currentRatchet":{"ephemeralKeyPair":{"pubKey":"BXcn4mMYpTA1HHw0x84b2415fC4SxvL30oFWCrpW1Ap+","privKey":"gBch7dtj0sy/uhaBGAiDQ+MGQPb2PXK690qUeWzK02Y="},"lastRemoteEphemeralKey":"BQK+H8MMHbKgPtMyCdvVL7bXBCVIsD038DzgPgsnShtf","previousCounter":0,"rootKey":"C2jQvscLomUQQMUwPzuX/68GVw9y+DtDzJXc8bFK1b4="},"indexInfo":{"baseKey":"BZ+NwXT8mRXGIr81eooNS2FxNi9Z2lL7SrVuIbzNQVE0","baseKeyType":1,"closed":-1,"used":1733772952657,"created":1733772952657,"remoteIdentityKey":"BTPykSOr9+pLAqMc8+/4CGDoAnDly7UqPQU+wUl+DJsm"},"_chains":{"BXcn4mMYpTA1HHw0x84b2415fC4SxvL30oFWCrpW1Ap+":{"chainKey":{"counter":19,"key":"bQMdweh/s8Il0g+657UOMbVN62xTWaZKwhG8ZHerzPo="},"chainType":1,"messageKeys":{}}},"pendingPreKey":{"signedKeyId":1,"baseKey":"BZ+NwXT8mRXGIr81eooNS2FxNi9Z2lL7SrVuIbzNQVE0","preKeyId":91}}},"version":"v1"}