{"_sessions":{"Bfh1gkYeLpjueTUse8FSF8fdRhy4BX4qV3wQL7CjfuZ8":{"registrationId":144993987,"currentRatchet":{"ephemeralKeyPair":{"pubKey":"BY5jG8smj1qOVH1/C9GasDAyIGJsDbXjA7nYeeCe4vsy","privKey":"kC9cGzUTY5Fw6r6y3K+WVtkpQIBvcmbe/eynhEvp8no="},"lastRemoteEphemeralKey":"BTcfBwZ9uSTbbujQEnr9Na/srGC9EuEqt9Xwxs/Sj2FG","previousCounter":0,"rootKey":"z/HzmW7P6Mf2M3bJD8qX0q3N2WAZD9AAhfjNjA5X9hQ="},"indexInfo":{"baseKey":"Bfh1gkYeLpjueTUse8FSF8fdRhy4BX4qV3wQL7CjfuZ8","baseKeyType":1,"closed":-1,"used":1734011798355,"created":1734011798355,"remoteIdentityKey":"Bdps4XfQBE0PmIx8EKXQXISgh56PeV4r2RhLc75TjgoV"},"_chains":{"BY5jG8smj1qOVH1/C9GasDAyIGJsDbXjA7nYeeCe4vsy":{"chainKey":{"counter":0,"key":"VgAYsLZRtVp+RvxtVkCL1/a2yATNZJWy0AAGLsMYW0s="},"chainType":1,"messageKeys":{}}},"pendingPreKey":{"signedKeyId":3,"baseKey":"Bfh1gkYeLpjueTUse8FSF8fdRhy4BX4qV3wQL7CjfuZ8","preKeyId":10577560}}},"version":"v1"}