{"_sessions":{"BVSAF/OsbAHOqiCbm8vQUKu2A4eZxH6ZmxMZ75qVxg16":{"registrationId":118,"currentRatchet":{"ephemeralKeyPair":{"pubKey":"BcptHvLneznRMS0B5Ha5Zgw1fFFyhUA5ehNw5Q+pN907","privKey":"MJRzGF+aCyHZq7QztKJXne32hFVX6vy2Dbj8r06U1WI="},"lastRemoteEphemeralKey":"BWtmMyR7MdJsXYLoomCGQMSXG/Dfyb0FIfFEkv3tpiFn","previousCounter":0,"rootKey":"EELW25zFJaooUHn5zyl1Qy9NPfFd58Ch4RM4yEAu68I="},"indexInfo":{"baseKey":"BVSAF/OsbAHOqiCbm8vQUKu2A4eZxH6ZmxMZ75qVxg16","baseKeyType":1,"closed":-1,"used":1733772952664,"created":1733772952664,"remoteIdentityKey":"BRMNjMMRbHelU8q8LFI2XFIZKHhClpJxuV4tsSAoGBsz"},"_chains":{"BcptHvLneznRMS0B5Ha5Zgw1fFFyhUA5ehNw5Q+pN907":{"chainKey":{"counter":7,"key":"N1uBBlLwsZOC75JpXHlli+FljS0C7gbao9+9Qr+vn+Y="},"chainType":1,"messageKeys":{}}},"pendingPreKey":{"signedKeyId":1,"baseKey":"BVSAF/OsbAHOqiCbm8vQUKu2A4eZxH6ZmxMZ75qVxg16"}}},"version":"v1"}