{"_sessions":{"BTVP451bfzeRmlkvCMWy+kufLykoLu2anpK2w385D2FH":{"registrationId":250,"currentRatchet":{"ephemeralKeyPair":{"pubKey":"BfTtdCQgZBX0N9v1zeMVTWEYBc1OHpb6Vkn6oUpzGXkF","privKey":"4IhwU9MURK9MaE7SeaAcfsLU2wvuQ+nRRDVEhXGAjW4="},"lastRemoteEphemeralKey":"BRTigCwi4uFg2qgkkTIENZLPPqL0fu0+E3lF9dqUUAIV","previousCounter":0,"rootKey":"Ip8r715zUJxwSWa4McEOcCyHGahccxjN/CjF3olgXkc="},"indexInfo":{"baseKey":"BTVP451bfzeRmlkvCMWy+kufLykoLu2anpK2w385D2FH","baseKeyType":1,"closed":-1,"used":1733667576991,"created":1733667576991,"remoteIdentityKey":"BV514GyldJUBuXVrorGlS2VWsk48mAP5YPhlCYaGj9VG"},"_chains":{"BfTtdCQgZBX0N9v1zeMVTWEYBc1OHpb6Vkn6oUpzGXkF":{"chainKey":{"counter":11,"key":"IFBAhjO1RLTjXCjsz6WO2CNSlrtQZFp0uPsTK4Ib4/c="},"chainType":1,"messageKeys":{}}},"pendingPreKey":{"signedKeyId":1,"baseKey":"BTVP451bfzeRmlkvCMWy+kufLykoLu2anpK2w385D2FH"}}},"version":"v1"}