{"_sessions":{"BdxAjmYA5x9e5wTqqCu/5fhFnc8KF59+hUTdalUAuAAp":{"registrationId":38,"currentRatchet":{"ephemeralKeyPair":{"pubKey":"BUoL2WjT9wdOApsRB6Qo2NRDF2Q3qYI1sJHlU8SgREoi","privKey":"CO/4+6BsH8CK/5d2jOzikXbQ+DZ2tBbv+az6b6kfUmg="},"lastRemoteEphemeralKey":"BRNSMNO0H52J8Lfh7btQ9JbK7UFEJ95N+GcqTK+qOyxO","previousCounter":0,"rootKey":"bkj9EsTw6OtWzOgUcbwu1hctV/iifQQXIcgsaRVYLbA="},"indexInfo":{"baseKey":"BdxAjmYA5x9e5wTqqCu/5fhFnc8KF59+hUTdalUAuAAp","baseKeyType":1,"closed":-1,"used":1733667714851,"created":1733667714851,"remoteIdentityKey":"BQByw1LbnmpVrMXXFmwQOtM93Gwv2vP8EjwgWXIZYi18"},"_chains":{"BUoL2WjT9wdOApsRB6Qo2NRDF2Q3qYI1sJHlU8SgREoi":{"chainKey":{"counter":2,"key":"mrwAU1XAWaKn+rqMNY0Y/eHMUIuKQwR3kzYEc5oQxxg="},"chainType":1,"messageKeys":{}}},"pendingPreKey":{"signedKeyId":1,"baseKey":"BdxAjmYA5x9e5wTqqCu/5fhFnc8KF59+hUTdalUAuAAp"}}},"version":"v1"}