{"_sessions":{"BaV3Nw93SBKYPsPNQ7rVmDDBL4bJW28F975mlSZvBCA4":{"registrationId":221,"currentRatchet":{"ephemeralKeyPair":{"pubKey":"BYHxDaTDGRgjtOz4mUWqbiR98HbmnRumzTkavNYlRWc7","privKey":"YOw0iLfBugnOB0SwByH012qSvZ4c03x0FgEzlOjVfkI="},"lastRemoteEphemeralKey":"BSXTkJZJkXe4bXkolgtkelQA6NqbwANFWZKTvQdBp70x","previousCounter":0,"rootKey":"KoXgL3f299Ae3p4rNErLWTOqRz3TRehc6eFAjJQAVE4="},"indexInfo":{"baseKey":"BaV3Nw93SBKYPsPNQ7rVmDDBL4bJW28F975mlSZvBCA4","baseKeyType":1,"closed":-1,"used":1734066036239,"created":1734065959070,"remoteIdentityKey":"BYknOiDecWbzWNQaZXBCcXcnwYMz5LPEN5kWXx/wF6Af"},"_chains":{"BSXTkJZJkXe4bXkolgtkelQA6NqbwANFWZKTvQdBp70x":{"chainKey":{"counter":1,"key":"ynY7yfINC1MZF+NS9GPraNZH45tcDIU0TksHb66qWnk="},"chainType":2,"messageKeys":{}},"BYHxDaTDGRgjtOz4mUWqbiR98HbmnRumzTkavNYlRWc7":{"chainKey":{"counter":2,"key":"2jdnlna/wbJKI6fn7QmHqW4PqJLum4SiYIrDOUuk1ko="},"chainType":1,"messageKeys":{}}}}},"version":"v1"}