{"_sessions":{"BTU0Pvm0iZSsq2pvD4jPrhrlVhOyNcMSlCbfYUqs849t":{"registrationId":598229261,"currentRatchet":{"ephemeralKeyPair":{"pubKey":"BaUs5hRPphbdN2v2vd5PONwN25q6UpLLJ3V2wuo4L2Qk","privKey":"gJGHXg8HhnrCcSOSSyL1UuQBmY/UHcsKPpr2YvkW8UA="},"lastRemoteEphemeralKey":"BbrEEMdzUtPB62Dwv9bQtuzyumYAweYZW6UaDz2PIyAh","previousCounter":0,"rootKey":"1xv/bhHZoZdz/YXXX4YwYAGcb4LmuFThXpKqjeShS4Y="},"indexInfo":{"baseKey":"BTU0Pvm0iZSsq2pvD4jPrhrlVhOyNcMSlCbfYUqs849t","baseKeyType":1,"closed":-1,"used":1733667715201,"created":1733667715201,"remoteIdentityKey":"BWO9tfI/YfNnGK1RmAIKWClqo5qnkPIKeDqzKkJQozll"},"_chains":{"BaUs5hRPphbdN2v2vd5PONwN25q6UpLLJ3V2wuo4L2Qk":{"chainKey":{"counter":21,"key":"bFF9bC3LyjF43Knv1bhJ1T9QhrXQDv2SrzF2CYQHKLs="},"chainType":1,"messageKeys":{}}},"pendingPreKey":{"signedKeyId":0,"baseKey":"BTU0Pvm0iZSsq2pvD4jPrhrlVhOyNcMSlCbfYUqs849t"}}},"version":"v1"}