{"_sessions":{"BYVjUod60f4aMfJ8iA7bf3Jza1+2UCU6wITese2GQ7l3":{"registrationId":640300167,"currentRatchet":{"ephemeralKeyPair":{"pubKey":"BSe8gF1+1CJrAYqU3fmo2dhvfEoIkY0dVxlXG8gO9Ed8","privKey":"uGKFeE5oqWtmqiINCCVVpNfS3AQ6qkFRHXtGvEE+pX0="},"lastRemoteEphemeralKey":"BSBnCgeQtnvghrZtt1Yw+dm0HuVSDUv2j/27UQcm5IMM","previousCounter":0,"rootKey":"YzdZ0ZKEF91nFobbPxMda8Hm3IYowI4sqlayfE3b77Y="},"indexInfo":{"baseKey":"BYVjUod60f4aMfJ8iA7bf3Jza1+2UCU6wITese2GQ7l3","baseKeyType":1,"closed":-1,"used":1733667714960,"created":1733667714960,"remoteIdentityKey":"BSzRkRCCf9EFagEduAh5zAbSUPnmlTDfx4zq2pZl4FtU"},"_chains":{"BSe8gF1+1CJrAYqU3fmo2dhvfEoIkY0dVxlXG8gO9Ed8":{"chainKey":{"counter":21,"key":"i29Cqedkp6/I9jpwoaAAcbFsU5jCAyack82JG6uC1Tg="},"chainType":1,"messageKeys":{}}},"pendingPreKey":{"signedKeyId":9,"baseKey":"BYVjUod60f4aMfJ8iA7bf3Jza1+2UCU6wITese2GQ7l3","preKeyId":6518603}}},"version":"v1"}