{"_sessions":{"BTGNal0ebuPG1oUY7xI5UlEGtC1fj8qR7JkYxMZwmpEp":{"registrationId":136,"currentRatchet":{"ephemeralKeyPair":{"pubKey":"BQCka1zbE9ZoZSsQMG0RIGcXasG+Xw2S7y5JU4CHH3gE","privKey":"UD8DXtL5qaCFAwwvIqsa15twgJXxkY/jUYE6uZxpSGc="},"lastRemoteEphemeralKey":"BaBq9RGjmYiDogb1nYJCKtSZH6kOYDth95BHKPkHKwYc","previousCounter":0,"rootKey":"+Px3emF28SQlt6R6HZsiLde64xY8wROQ2Gq4Rxiv1xc="},"indexInfo":{"baseKey":"BTGNal0ebuPG1oUY7xI5UlEGtC1fj8qR7JkYxMZwmpEp","baseKeyType":1,"closed":-1,"used":1734061073748,"created":1734061073748,"remoteIdentityKey":"Bd054HqR3D8h6GXpfTj5WNofeiz6cJKYwMBFKUJWw70X"},"_chains":{"BQCka1zbE9ZoZSsQMG0RIGcXasG+Xw2S7y5JU4CHH3gE":{"chainKey":{"counter":1,"key":"a7t2s+uinxyT4CE8r8JeGC+J6pqqGL13S/P5tV07kG4="},"chainType":1,"messageKeys":{}}},"pendingPreKey":{"signedKeyId":1,"baseKey":"BTGNal0ebuPG1oUY7xI5UlEGtC1fj8qR7JkYxMZwmpEp"}}},"version":"v1"}