{"_sessions":{"BThczva5h4W4YOv/kwe0n+CYt6qQ6cBgvJ0wn3LXyml2":{"registrationId":1152271806,"currentRatchet":{"ephemeralKeyPair":{"pubKey":"BdlgBvPZrtfU/VOzWXjW+Iq6seOgonCkV7fMR81ucpY6","privKey":"+BncvjhPRNnXR3Gp/3um8vmELKjETBBz22jWfzf5nFI="},"lastRemoteEphemeralKey":"BXaTPmzzTh+omHQ69bNQK5/q9Fg0ZeKgOZzitN7KpJA7","previousCounter":0,"rootKey":"4ZLTx9PQxHCDt20TEvF5v2+0RBDGdB+ZlVaFPIzY3xg="},"indexInfo":{"baseKey":"BThczva5h4W4YOv/kwe0n+CYt6qQ6cBgvJ0wn3LXyml2","baseKeyType":1,"closed":-1,"used":1734045928348,"created":1734011798369,"remoteIdentityKey":"Ba99cPrw27xoeKlYTqULWWPz4Pi2I7WyM4/OaDqmhCQ3"},"_chains":{"BXaTPmzzTh+omHQ69bNQK5/q9Fg0ZeKgOZzitN7KpJA7":{"chainKey":{"counter":0,"key":"1IkEd3v5+ZI48LGy/Wsmc7CFxTp/T6gUvxJv/dbaS/U="},"chainType":2,"messageKeys":{}},"BdlgBvPZrtfU/VOzWXjW+Iq6seOgonCkV7fMR81ucpY6":{"chainKey":{"counter":-1,"key":"ExHIU1e9VvWQpr3HhFVKkAprq633M+DQo5yPkVzkHe4="},"chainType":1,"messageKeys":{}}}}},"version":"v1"}