{"_sessions":{"BTCWxl5q/U9bU9iGUqzFkaZGSPRuqk2tfkYsjzYwMoBK":{"registrationId":108,"currentRatchet":{"ephemeralKeyPair":{"pubKey":"BZZh0Hh3LoaAQfDbu8AEVLQm+377yJhrxoNEYFijWWcO","privKey":"SCtd3Vi0VY9DlD+a9Ze+qFOY9LeIN+XpM4V+KiylYFI="},"lastRemoteEphemeralKey":"BXE4iDJdtejofjRTLFUkLZqFv4sp6JKj9l6m0qCtXeIB","previousCounter":0,"rootKey":"DdYV95zGaXzohnXA+i/8waT/l+hAA+gkmmQCRSnr3M0="},"indexInfo":{"baseKey":"BTCWxl5q/U9bU9iGUqzFkaZGSPRuqk2tfkYsjzYwMoBK","baseKeyType":1,"closed":-1,"used":1734011791784,"created":1734011791784,"remoteIdentityKey":"Bb/V2kgXA3IRbcdEBmVPMkGt/cCg5irtaOjOTy3oUhBW"},"_chains":{"BZZh0Hh3LoaAQfDbu8AEVLQm+377yJhrxoNEYFijWWcO":{"chainKey":{"counter":2,"key":"1lvCe+iXPUYhKV9h2li0zvJwf/qnji45t024ezVX8cY="},"chainType":1,"messageKeys":{}}},"pendingPreKey":{"signedKeyId":1,"baseKey":"BTCWxl5q/U9bU9iGUqzFkaZGSPRuqk2tfkYsjzYwMoBK"}}},"version":"v1"}