{"_sessions":{"BdjDacElr7E+4y5xW037J1eP9Fpcw/Kk8Bqr3GUUAWhS":{"registrationId":230134806,"currentRatchet":{"ephemeralKeyPair":{"pubKey":"BXtbL6AlPrJiTbjs+7z9TphZaUAdGicjqlJzMfkdrB0v","privKey":"mC7Y7I96XFgAl/aaEOqzHHS7CAW+4C7vcs3F6TRp8n0="},"lastRemoteEphemeralKey":"BT1I2KEpG8UUoCb0wMJGhaHpSWTnLbIlnYq6UInWFkx/","previousCounter":0,"rootKey":"4k8nt/xiGnytZhz80tiixKcmBQEw0yDfXYxu8+oZaaU="},"indexInfo":{"baseKey":"BdjDacElr7E+4y5xW037J1eP9Fpcw/Kk8Bqr3GUUAWhS","baseKeyType":1,"closed":-1,"used":1734011798590,"created":1734011798590,"remoteIdentityKey":"BdRjYbXWhX7L2300Ow1EHf3MPeHWS2i0PYUXfPycLykq"},"_chains":{"BXtbL6AlPrJiTbjs+7z9TphZaUAdGicjqlJzMfkdrB0v":{"chainKey":{"counter":0,"key":"Z0TcOEZLW7mrto8xoac07CN4CrSSTYKLUYeH6oyNrso="},"chainType":1,"messageKeys":{}}},"pendingPreKey":{"signedKeyId":17,"baseKey":"BdjDacElr7E+4y5xW037J1eP9Fpcw/Kk8Bqr3GUUAWhS","preKeyId":11685732}}},"version":"v1"}