{"_sessions":{"BZ0TfjNnjBnYoTw64hhNysQzj1xHbykL6ONtEfsw1WoB":{"registrationId":201214318,"currentRatchet":{"ephemeralKeyPair":{"pubKey":"Bb/I+A63OjP3Zde5JPOyrBZvsZHx89AUI+Od5DKmVTtR","privKey":"eOsR0+46Go21sM1zIIeEogSitNnp9Pfbi/pugPxEJGw="},"lastRemoteEphemeralKey":"BcRp7uRMVODTy9VgvwIjFJGPTF7tUpFS1WbUbQQxJm9J","previousCounter":0,"rootKey":"1jN8LWyEGGz4x4cZREAfBFh6YlpBxSCNrc+SpTUbV4U="},"indexInfo":{"baseKey":"BZ0TfjNnjBnYoTw64hhNysQzj1xHbykL6ONtEfsw1WoB","baseKeyType":1,"closed":-1,"used":1734011797973,"created":1734011797973,"remoteIdentityKey":"BQwpDqAp4lKVzjj4X1qQgWij3pb1RHFom+ktTQGTzZ0E"},"_chains":{"Bb/I+A63OjP3Zde5JPOyrBZvsZHx89AUI+Od5DKmVTtR":{"chainKey":{"counter":0,"key":"1mv0fJrwa3Fn3hzcU51Ye4yU/4W9iiX//NsWrpx2Cs8="},"chainType":1,"messageKeys":{}}},"pendingPreKey":{"signedKeyId":1,"baseKey":"BZ0TfjNnjBnYoTw64hhNysQzj1xHbykL6ONtEfsw1WoB"}}},"version":"v1"}