{"_sessions":{"BbkhmenoII21dvOsrjUNNadHcMcoafiVae+GuE9b7rUM":{"registrationId":1276559494,"currentRatchet":{"ephemeralKeyPair":{"pubKey":"BajnRVZNabXoA9xwJ+kDhhFMpgqkx7nrdN7h275Dd1ZJ","privKey":"GMnqweW5Wsc5TMo3hqiKgit1YlGZ5bG887XYn/dDZkM="},"lastRemoteEphemeralKey":"BR3XjBu4d7JrT0wVBN8bvpDAqwjN0QM3O32LrcH7Azsl","previousCounter":0,"rootKey":"BNHsglcn1ilGH92Dq8oFftcPLe9gt1/eVBB4r4HN6yE="},"indexInfo":{"baseKey":"BbkhmenoII21dvOsrjUNNadHcMcoafiVae+GuE9b7rUM","baseKeyType":1,"closed":-1,"used":1734011798545,"created":1734011798545,"remoteIdentityKey":"BUt3JTclXiIenKoH+PKzLEzGtpmioD3QBIsTpzwysa1O"},"_chains":{"BajnRVZNabXoA9xwJ+kDhhFMpgqkx7nrdN7h275Dd1ZJ":{"chainKey":{"counter":0,"key":"c20jJdi9tDnPQ5ePtK2xTwaspihIa23kU8pUxLwpf5o="},"chainType":1,"messageKeys":{}}},"pendingPreKey":{"signedKeyId":3,"baseKey":"BbkhmenoII21dvOsrjUNNadHcMcoafiVae+GuE9b7rUM","preKeyId":7505000}}},"version":"v1"}