{"_sessions":{"BUy9ZTuE7qBxSwnBYlncgWp4TJDUPAwbpGelAljgmv5Q":{"registrationId":165,"currentRatchet":{"ephemeralKeyPair":{"pubKey":"Bd3Su+4lY5I8Dqi1ih2JW0X68MbgNT2ESfabtpy0idAx","privKey":"6Gs8/sJTpxJDGWx2Vun0J32x+shFzHUPj5fNAeCNE3Y="},"lastRemoteEphemeralKey":"BSOj0OkeiIfnQPXNyZYjt2X6k0SKIjUTGIIek5PoV/Im","previousCounter":0,"rootKey":"2b+JcGm7L2BuaNpWaZtuhJ21+yX8ZjQrrsyBgC2YABA="},"indexInfo":{"baseKey":"BUy9ZTuE7qBxSwnBYlncgWp4TJDUPAwbpGelAljgmv5Q","baseKeyType":2,"closed":-1,"used":1734073569045,"created":1734073569045,"remoteIdentityKey":"BXymBlkPlz/dsiHXQeBHCaFkb5/+y6/CgP5dcy+EjWtX"},"_chains":{"BSOj0OkeiIfnQPXNyZYjt2X6k0SKIjUTGIIek5PoV/Im":{"chainKey":{"counter":2,"key":"ZwYzZAq/zMnt4t5T5GWFOmeq+hwnDbcZozIYl57QCnQ="},"chainType":2,"messageKeys":{}},"Bd3Su+4lY5I8Dqi1ih2JW0X68MbgNT2ESfabtpy0idAx":{"chainKey":{"counter":0,"key":"AnvzPV74I4d+hThFoluxzW8r08hYXHWbEQlF7jzKWn8="},"chainType":1,"messageKeys":{}}}}},"version":"v1"}