{"_sessions":{"BR5Wql0PyryJeRiqwuJfGxzFNlOizL4tBlZIrIb1zrQ2":{"registrationId":84,"currentRatchet":{"ephemeralKeyPair":{"pubKey":"BWvOkaOmihTbXvji9fN87LBdHBDZT75dvvLtZJVMI6FJ","privKey":"mNL0m0Q4BjfuAHYOKxc8MrnzfpeFE6qA6I45t4gi/2Q="},"lastRemoteEphemeralKey":"BdMwtbrACpzVbKD+YvSc6sls4VciwPQj2J2vtIfV/MBk","previousCounter":0,"rootKey":"bGjBqH1h9Dfe431VSkPRGrqMy0ZUcubCE2KmzSzj/ps="},"indexInfo":{"baseKey":"BR5Wql0PyryJeRiqwuJfGxzFNlOizL4tBlZIrIb1zrQ2","baseKeyType":1,"closed":-1,"used":1734054240843,"created":1734048288568,"remoteIdentityKey":"BY3ovD7/wB2yaLmyzk9qOB7o1rJCp/f/YhrosFGKVnMz"},"_chains":{"BZIXf4k2V5cx2uOFEoMZD9TKnDvtGA/l2ZT4nNGbtLwR":{"chainKey":{"counter":5},"chainType":2,"messageKeys":{"1":"1ZKo8vSfZ+C3nyd1h9Y4XdyoGR9YhRnHrd2MHPADo2k=","2":"FrEJlM7+oAvgIgOqcf6ZBQdEVTwpqQO7Dv0DtGo/UTA=","3":"GuoMmxRM5mKHBzwazxj1mpo//W9FgSxnCjXDOaJi+tA=","4":"nWRq7Q4wLOfx8VG/28MxNHmfqbi0laHinjy4UCr77rM=","5":"c4dstZxApnqTKeeBjiKGPGX0H9ghJgsnyyAuzmkQvDw="}},"BdMwtbrACpzVbKD+YvSc6sls4VciwPQj2J2vtIfV/MBk":{"chainKey":{"counter":6,"key":"TiJbKJN6GxVS7mldZUMayIwCHA5vT968NHMs51qXMkU="},"chainType":2,"messageKeys":{"0":"CMwekBxmX3g7L53w+fpljb9UPyBPywRxfWMllsITHaA=","2":"+W/b7kiJrMkcokCHIhzCDgB6Sp/3j1O1wDGXNGm/dh4=","3":"aZIjSijayI+TYIq7Ue1k678T7sYi2Bpbqw5RUluQ1LA=","4":"Y7GfCsjrxmlZO+if7gJdOctt+vQ9+UmdC/3rGktYouw="}},"BWvOkaOmihTbXvji9fN87LBdHBDZT75dvvLtZJVMI6FJ":{"chainKey":{"counter":3,"key":"S7HMW4OJO4BgnNvXh7d7CQf75/9vwg6MTUtL1v6zRJc="},"chainType":1,"messageKeys":{}}}}},"version":"v1"}