{"_sessions":{"BQxX1xyM8uEV21y7yF73P0owrVzPPajd0vr4HlMLlyt3":{"registrationId":47,"currentRatchet":{"ephemeralKeyPair":{"pubKey":"BXSn4UPAKJgWYKUxJ79IQTqmhGHRk1YGRcVB+H4MW0cM","privKey":"cJngHnyaTy+n+yfjVBuj47Tgm+X/Cux8i/niJVAdmH8="},"lastRemoteEphemeralKey":"BYp5sUrwT/SPCBN/Dq2xfNKyxU00bOYTHsKqh/ixvWVr","previousCounter":0,"rootKey":"r7SajprSiuc7lLfPpxBw39pC0UODMYdkhnIWeLiamhk="},"indexInfo":{"baseKey":"BQxX1xyM8uEV21y7yF73P0owrVzPPajd0vr4HlMLlyt3","baseKeyType":1,"closed":-1,"used":1733667714768,"created":1733667714768,"remoteIdentityKey":"BTjUHh1DyytIsCHQUZmiZ4kJMRvUF+McSM8DxC2WGrdK"},"_chains":{"BXSn4UPAKJgWYKUxJ79IQTqmhGHRk1YGRcVB+H4MW0cM":{"chainKey":{"counter":9,"key":"OVmCbI5QAlWeTYGvqd4VSSwa9L0EK2ny2Uy5eEegN90="},"chainType":1,"messageKeys":{}}},"pendingPreKey":{"signedKeyId":1,"baseKey":"BQxX1xyM8uEV21y7yF73P0owrVzPPajd0vr4HlMLlyt3"}}},"version":"v1"}