{"_sessions":{"BXt0rpS6nFJZAmrRg3uQZgywstc2aS4hZySpPC7FGeIx":{"registrationId":382616585,"currentRatchet":{"ephemeralKeyPair":{"pubKey":"Bd0zlTfiSn/+DUmY4mufbgSHFuLtyVL/rsxMvyv2mxsX","privKey":"YOTCRljyNaY3eo62HrwAwBDxodfDZkkZH2LQQsJOGXY="},"lastRemoteEphemeralKey":"BSts0fKS3Iy82/YU4R2nzYHccnJVTbhDR+5XfjGuZt0c","previousCounter":0,"rootKey":"sM7MbXeZEeglNZh09tJb8P/cy9RODW2Z5wm1vi4Ahi8="},"indexInfo":{"baseKey":"BXt0rpS6nFJZAmrRg3uQZgywstc2aS4hZySpPC7FGeIx","baseKeyType":1,"closed":1734012915765,"used":1733670855499,"created":1733667577463,"remoteIdentityKey":"BZruomSZGQ5H+SwhhkLup/cgYOl6jqP9jgNDaIioXPtl"},"_chains":{"BSts0fKS3Iy82/YU4R2nzYHccnJVTbhDR+5XfjGuZt0c":{"chainKey":{"counter":0,"key":"bFUKKJfFmHVhkEAmuxhhOrRhYuKMCSt4ARIMJLxpCrY="},"chainType":2,"messageKeys":{}},"Bd0zlTfiSn/+DUmY4mufbgSHFuLtyVL/rsxMvyv2mxsX":{"chainKey":{"counter":1,"key":"FV0ttcRB+2rZufYBR1wtVJVgKUfI6CLkGaLmP/TWZrc="},"chainType":1,"messageKeys":{}}}},"BQmB13yAEUyFDlfG2TJEUkdCJJ16XjIshwR4Uosd7KkA":{"registrationId":828001054,"currentRatchet":{"ephemeralKeyPair":{"pubKey":"BamrGvcwY+K2rM0qT0wKF8c2VPrPrXr2M8yegkYaqdAo","privKey":"cDHDW31Ol0n6rtj88GxuvlQVFlJPQc9JKZq01BisGEU="},"lastRemoteEphemeralKey":"BekVrG4He4KDJu3WCWEgpRr4kCSE8Xn98Wv/1OX01XJw","previousCounter":0,"rootKey":"GQnOZdutao0C9Ib+RSw2udnSKhY764659cbWZtPPLBM="},"indexInfo":{"baseKey":"BQmB13yAEUyFDlfG2TJEUkdCJJ16XjIshwR4Uosd7KkA","baseKeyType":1,"closed":1734012917438,"used":1734012915654,"created":1734012915654,"remoteIdentityKey":"BdllSsNnZUExTj2pW7oGP86k+CNJoJtofiSChf1d1XJF"},"_chains":{"BamrGvcwY+K2rM0qT0wKF8c2VPrPrXr2M8yegkYaqdAo":{"chainKey":{"counter":-1,"key":"oWtkZO4oAysM3tFloIM0oyWge78frOR/2W71llnKr78="},"chainType":1,"messageKeys":{}}},"pendingPreKey":{"signedKeyId":0,"baseKey":"BQmB13yAEUyFDlfG2TJEUkdCJJ16XjIshwR4Uosd7KkA"}},"Ba69vmJFe+zlpb2niuEUUHCrstimSQgcivHDD1NZHcNL":{"registrationId":828001054,"currentRatchet":{"ephemeralKeyPair":{"pubKey":"BdhxkyDb5cMwDBYhJeVBYPRQn9tvbAIm6HCOZ7VnoNNE","privKey":"ICTFt+sLi779oKwKjZbogTauvsOhN99kccquKO5SqUU="},"lastRemoteEphemeralKey":"BekVrG4He4KDJu3WCWEgpRr4kCSE8Xn98Wv/1OX01XJw","previousCounter":0,"rootKey":"ukRkSh6tNhucFjKgbCenGxkUEHYXnGUmcPkzetaGvPM="},"indexInfo":{"baseKey":"Ba69vmJFe+zlpb2niuEUUHCrstimSQgcivHDD1NZHcNL","baseKeyType":1,"closed":1734013017978,"used":1734012917257,"created":1734012917257,"remoteIdentityKey":"BdllSsNnZUExTj2pW7oGP86k+CNJoJtofiSChf1d1XJF"},"_chains":{"BdhxkyDb5cMwDBYhJeVBYPRQn9tvbAIm6HCOZ7VnoNNE":{"chainKey":{"counter":-1,"key":"Kn18gcEK3y63KSn/RPN9PFFd6/QZ7OBNU/b2WZc6KWw="},"chainType":1,"messageKeys":{}}},"pendingPreKey":{"signedKeyId":0,"baseKey":"Ba69vmJFe+zlpb2niuEUUHCrstimSQgcivHDD1NZHcNL"}},"BV7kTqdPOcOctoE//CcebtttElJGtPj3W1+J1JRwHe1i":{"registrationId":828001054,"currentRatchet":{"ephemeralKeyPair":{"pubKey":"BQY8LiWRAN6UoWcaQ6Jf6YDJJKd/SupmwWRs8AAzlSBR","privKey":"WLOHPgaHRonEPTYD+o61KhwKzD4UHQwA45sLnIjlx0c="},"lastRemoteEphemeralKey":"BekVrG4He4KDJu3WCWEgpRr4kCSE8Xn98Wv/1OX01XJw","previousCounter":0,"rootKey":"oV7vz369ffIGhpH0hd7saufAO1kFpHQkeQR+JVQJ+3c="},"indexInfo":{"baseKey":"BV7kTqdPOcOctoE//CcebtttElJGtPj3W1+J1JRwHe1i","baseKeyType":1,"closed":1734013018573,"used":1734013017938,"created":1734013017938,"remoteIdentityKey":"BdllSsNnZUExTj2pW7oGP86k+CNJoJtofiSChf1d1XJF"},"_chains":{"BQY8LiWRAN6UoWcaQ6Jf6YDJJKd/SupmwWRs8AAzlSBR":{"chainKey":{"counter":-1,"key":"cCA5Wxjmpa4OD2PrOdifvyl7bPExOHBlGfieJgPMAAM="},"chainType":1,"messageKeys":{}}},"pendingPreKey":{"signedKeyId":0,"baseKey":"BV7kTqdPOcOctoE//CcebtttElJGtPj3W1+J1JRwHe1i","preKeyId":14746000}},"BSXyF1sF0to1QJxSTOZwKtc+wV/nsD2gTFXgccQiXBso":{"registrationId":828001054,"currentRatchet":{"ephemeralKeyPair":{"pubKey":"BWcEx5BGyD7v1PpRRGjkW96siUUv8RJczAcHoChe6jIH","privKey":"mGEr8hHli+YIVlews/Ap4OsoOjTOCfyIIRkAYU0r4H0="},"lastRemoteEphemeralKey":"BekVrG4He4KDJu3WCWEgpRr4kCSE8Xn98Wv/1OX01XJw","previousCounter":0,"rootKey":"S2Im+PqY/xChCqE/tEwNwzYU9EyOEBDPZjjSyUCgqvc="},"indexInfo":{"baseKey":"BSXyF1sF0to1QJxSTOZwKtc+wV/nsD2gTFXgccQiXBso","baseKeyType":1,"closed":-1,"used":1734013018568,"created":1734013018568,"remoteIdentityKey":"BdllSsNnZUExTj2pW7oGP86k+CNJoJtofiSChf1d1XJF"},"_chains":{"BWcEx5BGyD7v1PpRRGjkW96siUUv8RJczAcHoChe6jIH":{"chainKey":{"counter":1,"key":"yldfQh0nA2PMpL4twbdDwJzEeDBwVOIUfrBpPpHla3k="},"chainType":1,"messageKeys":{}}},"pendingPreKey":{"signedKeyId":0,"baseKey":"BSXyF1sF0to1QJxSTOZwKtc+wV/nsD2gTFXgccQiXBso","preKeyId":14746721}}},"version":"v1"}