{"_sessions":{"BUvI5Bx+hCJt2xH0IMZHaj7IlgCUAFwqEsmlucP8jzVK":{"registrationId":185058431,"currentRatchet":{"ephemeralKeyPair":{"pubKey":"BYTaYxLoIf+Tv7ZG5rcKdNJmiH1B74lfCtEsi4r4BFkA","privKey":"2ETPc+A+L9pltA86f8WryqLManfZMoZ7KGI0OlijXn4="},"lastRemoteEphemeralKey":"BSX4Gqvp42vRErJR+IN5gu5a5V3bMQjpS07cj735yTBI","previousCounter":0,"rootKey":"d2RkT2Olwsdj0Pcc3MTyWEVfC/leeRVGSojtLUVdCVM="},"indexInfo":{"baseKey":"BUvI5Bx+hCJt2xH0IMZHaj7IlgCUAFwqEsmlucP8jzVK","baseKeyType":1,"closed":-1,"used":1733667714998,"created":1733667714998,"remoteIdentityKey":"BWMTfVi7abtzDM9PsvGoZE8f2b9cODn+0JpO4BMqmPop"},"_chains":{"BYTaYxLoIf+Tv7ZG5rcKdNJmiH1B74lfCtEsi4r4BFkA":{"chainKey":{"counter":21,"key":"fjNYXL4zER97MVf4YrYAsk718ZFlLVGhohrnDxQqi84="},"chainType":1,"messageKeys":{}}},"pendingPreKey":{"signedKeyId":7,"baseKey":"BUvI5Bx+hCJt2xH0IMZHaj7IlgCUAFwqEsmlucP8jzVK","preKeyId":12109075}}},"version":"v1"}