{"_sessions":{"BRAay6O0aNOe90Jf8j7wtNAIVvI73ScNo7H4OmkBfkcn":{"registrationId":571253249,"currentRatchet":{"ephemeralKeyPair":{"pubKey":"BTpafUxSHncGso7QG8Env6ybR1uBCcSxe6TGJaf034wR","privKey":"eIzKexR5oBJDRa9Jg/PGDwWkbQWNdVRI1YRHBkZyNHA="},"lastRemoteEphemeralKey":"BathTDcqzD0dvdZN50g1D9n1Vb7NeJB8A2kO3/hMib0G","previousCounter":0,"rootKey":"jfM1afDLCtOMoq4m2kxbPMoy2QEp9u0CgmLph4R7wps="},"indexInfo":{"baseKey":"BRAay6O0aNOe90Jf8j7wtNAIVvI73ScNo7H4OmkBfkcn","baseKeyType":1,"closed":-1,"used":1733667714984,"created":1733667714984,"remoteIdentityKey":"BQvpxYd3VYPk27vdUb1CAHCD8Snekb2xytzt/eOKz7Qx"},"_chains":{"BTpafUxSHncGso7QG8Env6ybR1uBCcSxe6TGJaf034wR":{"chainKey":{"counter":21,"key":"16RfJpDkItsVJvrp4QLAOvYTc/CEKIrpOv76cD/qSCA="},"chainType":1,"messageKeys":{}}},"pendingPreKey":{"signedKeyId":10,"baseKey":"BRAay6O0aNOe90Jf8j7wtNAIVvI73ScNo7H4OmkBfkcn","preKeyId":8698307}}},"version":"v1"}