{"_sessions":{"BaP9nfHuaMH9GLHP8tM6BSgodb6FEsbYrFxE3DUKtk5Z":{"registrationId":1164060700,"currentRatchet":{"ephemeralKeyPair":{"pubKey":"BbONXzuxVxblfUWtbenukWRTFo68S9OlarqDqdg462ty","privKey":"IKL/rN1C1Z+71C8kcZzTnnh5Hpm1LaiKiiq9AP1I3Xs="},"lastRemoteEphemeralKey":"BSr9vAn1FbedXkr+R6NRGJOD7SGBxsBq9N4QsL/o9GlT","previousCounter":0,"rootKey":"HiuQMjPm5DQ62/Eg9GUx2IqqMtW40D8i9HpcwbpoWXA="},"indexInfo":{"baseKey":"BaP9nfHuaMH9GLHP8tM6BSgodb6FEsbYrFxE3DUKtk5Z","baseKeyType":1,"closed":1733667579455,"used":1733667577452,"created":1733667577452,"remoteIdentityKey":"BTOvmQBmj6xxqEI7+tJ+HSFMQswGO3oOYG1+qsdOcZoT"},"_chains":{"BbONXzuxVxblfUWtbenukWRTFo68S9OlarqDqdg462ty":{"chainKey":{"counter":0,"key":"vZiLv1saJYnwoS6v13U63FUxV9iq19MGQelTnY5DIuU="},"chainType":1,"messageKeys":{}}},"pendingPreKey":{"signedKeyId":1,"baseKey":"BaP9nfHuaMH9GLHP8tM6BSgodb6FEsbYrFxE3DUKtk5Z","preKeyId":1027839}},"Bf7HZrngSWWsJUYBvDOo+vp4iS/HyOXFm3H7syC31pAJ":{"registrationId":1164060700,"currentRatchet":{"ephemeralKeyPair":{"pubKey":"BbxZdqhLcxJz/qIXMGru9Zx3g8Ms2oNJtKgrOHqq20sd","privKey":"2Lk/4O74lMAchypeYVvlaXY5Vf70H5cXgu9NXmo/wWU="},"lastRemoteEphemeralKey":"BSr9vAn1FbedXkr+R6NRGJOD7SGBxsBq9N4QsL/o9GlT","previousCounter":0,"rootKey":"GhCgjATFUELSiYq6pnvvQ5xIdXvb/HfmMAx6BxH5feA="},"indexInfo":{"baseKey":"Bf7HZrngSWWsJUYBvDOo+vp4iS/HyOXFm3H7syC31pAJ","baseKeyType":1,"closed":-1,"used":1733667579451,"created":1733667579451,"remoteIdentityKey":"BTOvmQBmj6xxqEI7+tJ+HSFMQswGO3oOYG1+qsdOcZoT"},"_chains":{"BbxZdqhLcxJz/qIXMGru9Zx3g8Ms2oNJtKgrOHqq20sd":{"chainKey":{"counter":0,"key":"uUlr0KVwlBNiKdyeyVGJkrDAwIP+zPndRPtIde6E1ZI="},"chainType":1,"messageKeys":{}}},"pendingPreKey":{"signedKeyId":1,"baseKey":"Bf7HZrngSWWsJUYBvDOo+vp4iS/HyOXFm3H7syC31pAJ","preKeyId":1027489}}},"version":"v1"}