{"_sessions":{"BQ77azhHN7VVPGxrWKhgNUcEETnS3ydRgPj7VaUbv1tU":{"registrationId":1372412512,"currentRatchet":{"ephemeralKeyPair":{"pubKey":"BVOdIJvpxR4X0yKWi0R/MYULAznCSPSwN/lUAxzBRXgN","privKey":"sIKbmpKj1cuGUFZL5nw7VoMG4Wz3+0u/If+K3CNtwXM="},"lastRemoteEphemeralKey":"BfHUK/HDraq0JgOA1yzITJSQ7af6KANtOBnAL0MBvAoM","previousCounter":0,"rootKey":"aLVFWHZ6qZ7ZA/pX9FnIxdyTl63f7z+WNerdmDdLhyA="},"indexInfo":{"baseKey":"BQ77azhHN7VVPGxrWKhgNUcEETnS3ydRgPj7VaUbv1tU","baseKeyType":1,"closed":-1,"used":1733667715159,"created":1733667715159,"remoteIdentityKey":"BRcGqiXF93pRDEiPVuxbjpyGrsHrZ1G2/iV5QiDqZ4ZH"},"_chains":{"BVOdIJvpxR4X0yKWi0R/MYULAznCSPSwN/lUAxzBRXgN":{"chainKey":{"counter":21,"key":"GMsMV6l1MlHa5Gl8fUqOi7SdpPoC/tsaSNdZ5lP59wE="},"chainType":1,"messageKeys":{}}},"pendingPreKey":{"signedKeyId":1,"baseKey":"BQ77azhHN7VVPGxrWKhgNUcEETnS3ydRgPj7VaUbv1tU","preKeyId":9657332}}},"version":"v1"}