{"_sessions":{"BYL0ufGfXzVciW1gFkgk+Z9cRKLNBB9VeIIgSjoi+LUO":{"registrationId":695634857,"currentRatchet":{"ephemeralKeyPair":{"pubKey":"BczRF59YT0IYHiqZXyURb3WNs1/FvYJag4YvnLc6knpI","privKey":"mGT86LD0O5JwbNoyqPjus1HxXJQS3lY1RWJenp4Vc1A="},"lastRemoteEphemeralKey":"BRkfh4B9dUpTWULRrKl8PP7C+Wq1lhGGXRHtgjvEZohz","previousCounter":0,"rootKey":"oaliQeUiXwA5wtIAkx/Ajg5ksCqGRb7zS7Ioshp6OtI="},"indexInfo":{"baseKey":"BYL0ufGfXzVciW1gFkgk+Z9cRKLNBB9VeIIgSjoi+LUO","baseKeyType":1,"closed":-1,"used":1734011798649,"created":1734011798649,"remoteIdentityKey":"Bc6FwEpSZgmCWOZexiTU1IcKJSXzMdX9vFaqnwjWXTFo"},"_chains":{"BczRF59YT0IYHiqZXyURb3WNs1/FvYJag4YvnLc6knpI":{"chainKey":{"counter":0,"key":"Ixis+7wjaP5+qwzZ53hlpT8PKHO1GVasV/odHhsN9zk="},"chainType":1,"messageKeys":{}}},"pendingPreKey":{"signedKeyId":0,"baseKey":"BYL0ufGfXzVciW1gFkgk+Z9cRKLNBB9VeIIgSjoi+LUO","preKeyId":8045943}}},"version":"v1"}