{"_sessions":{"BclfyTnZV1RBIK87IVTdGJ8aG9/5OgCWU6Pjp5PSD8l+":{"registrationId":1657684485,"currentRatchet":{"ephemeralKeyPair":{"pubKey":"BdSu8isstqorNJYDRdxoIM00dXiKbP7nzbwUORSclU8b","privKey":"eBhpsQg9NhsXGvcXCjhKE5kc3ojscKAQIWkkKe961G4="},"lastRemoteEphemeralKey":"BdEo4PUjdTOmbwAh+PWTtoa+zyIMICVBardpEyiN/2Ip","previousCounter":0,"rootKey":"qxZuT4ku78hFuzRG69eUUiEpTZEXNDzCVi6iGEdYTxY="},"indexInfo":{"baseKey":"BclfyTnZV1RBIK87IVTdGJ8aG9/5OgCWU6Pjp5PSD8l+","baseKeyType":1,"closed":1734093398868,"used":1733667715085,"created":1733667715085,"remoteIdentityKey":"BTVKs2UnbeXCxmyfe7h1fNW13KqCZOE+3/0RS/V+It9X"},"_chains":{"BdSu8isstqorNJYDRdxoIM00dXiKbP7nzbwUORSclU8b":{"chainKey":{"counter":21,"key":"Evwjwt/fyXtyb3gqhtaFIHZ2sRpm08xshMpHNt2XQ/o="},"chainType":1,"messageKeys":{}}},"pendingPreKey":{"signedKeyId":1,"baseKey":"BclfyTnZV1RBIK87IVTdGJ8aG9/5OgCWU6Pjp5PSD8l+","preKeyId":13729742}},"BTUUkt7Pw9JyhsKovRyNvjqKm7HGCM7qT9aPegVgWdoA":{"registrationId":1657684485,"currentRatchet":{"ephemeralKeyPair":{"pubKey":"BcF+5gbhjke84Ti6tQsnr3e203kroOKSiku7IKOPhMET","privKey":"ID29kwpZUJYqCF+QcHAgo7wgzCO8ElgH8/n3xSMackc="},"lastRemoteEphemeralKey":"BVMixyZ07PIoYqgEjdcV6nD22JPywdrdUvOgwSt9iK0s","previousCounter":0,"rootKey":"r2w53pJfhCs27TxIZNoTqF2uwWgnV4LbIru4KXA+Mb8="},"indexInfo":{"baseKey":"BTUUkt7Pw9JyhsKovRyNvjqKm7HGCM7qT9aPegVgWdoA","baseKeyType":2,"closed":-1,"used":1734093398885,"created":1734093398885,"remoteIdentityKey":"BTVKs2UnbeXCxmyfe7h1fNW13KqCZOE+3/0RS/V+It9X"},"_chains":{"BVMixyZ07PIoYqgEjdcV6nD22JPywdrdUvOgwSt9iK0s":{"chainKey":{"counter":0,"key":"XelwkxLk9MVQb6Lzk0MVg+tdKRmkDibBer9PWm1FULw="},"chainType":2,"messageKeys":{}},"BcF+5gbhjke84Ti6tQsnr3e203kroOKSiku7IKOPhMET":{"chainKey":{"counter":-1,"key":"bFeYd8+2c2adzTzuitY5ErEddabLj3lHZ4+NxPcPEDk="},"chainType":1,"messageKeys":{}}}}},"version":"v1"}