{"_sessions":{"Bfkb0jlDZpakfT51GHpDTyRYhx9nlSrZH1Dqyq/8Crcf":{"registrationId":739432332,"currentRatchet":{"ephemeralKeyPair":{"pubKey":"BWEkqHQKoYtQNvSI+BNqKa8icb0AKobx0dUfcN/do4xA","privKey":"WOXT+xznATtZNu9FeR3nGstkAuETIQd7JzCgOj6El3I="},"lastRemoteEphemeralKey":"BQoCnzDZhTpkYhxwBJI5v+gSdUz8oOBPa7sBnxLb2rBi","previousCounter":0,"rootKey":"Ok6bBikKYkMeF1PPMFy0BSARrxbcczCmmtUPuhMpiLs="},"indexInfo":{"baseKey":"Bfkb0jlDZpakfT51GHpDTyRYhx9nlSrZH1Dqyq/8Crcf","baseKeyType":1,"closed":-1,"used":1733667577583,"created":1733667577583,"remoteIdentityKey":"BXl1FY2QFGW93eSmyVgqUjxJwhr8BKt9n2hXSb4NkPEB"},"_chains":{"BWEkqHQKoYtQNvSI+BNqKa8icb0AKobx0dUfcN/do4xA":{"chainKey":{"counter":4,"key":"tvT8dbBBbr9RQO7BKuOath5Mm1FZ7P88L/e8v3narHg="},"chainType":1,"messageKeys":{}}},"pendingPreKey":{"signedKeyId":0,"baseKey":"Bfkb0jlDZpakfT51GHpDTyRYhx9nlSrZH1Dqyq/8Crcf","preKeyId":11318455}}},"version":"v1"}