{"_sessions":{"BSuLABgCdEHKTBOW5l+Okcml2IMWXgjFjptCOtfyQIMW":{"registrationId":789100824,"currentRatchet":{"ephemeralKeyPair":{"pubKey":"BV3aQH84KRbKWb9NbxwLBQX8vQGStEDrkwBfUFptDDpC","privKey":"0DHlnD89BQYqBog9vi128zWazsCt2BACOtbISHzMxkQ="},"lastRemoteEphemeralKey":"BbCfFghOfMQ6WSNWHHx5TtPlEv5bTzNUiNSiT12CxRIX","previousCounter":0,"rootKey":"YbO+rVfL5hvRqlSp7mx9gDLxyjqkQdm4WJXjF3QdRkc="},"indexInfo":{"baseKey":"BSuLABgCdEHKTBOW5l+Okcml2IMWXgjFjptCOtfyQIMW","baseKeyType":1,"closed":-1,"used":1733667577686,"created":1733667577686,"remoteIdentityKey":"BQZKmrPlWXUzY7pCORFEACteH64cOiOYw793VOrba2BX"},"_chains":{"BV3aQH84KRbKWb9NbxwLBQX8vQGStEDrkwBfUFptDDpC":{"chainKey":{"counter":4,"key":"7gEOjmpLaII3Z6Bd/+eMn4crHMJKlr5WT3HOy6rLOBw="},"chainType":1,"messageKeys":{}}},"pendingPreKey":{"signedKeyId":4,"baseKey":"BSuLABgCdEHKTBOW5l+Okcml2IMWXgjFjptCOtfyQIMW"}}},"version":"v1"}