{"_sessions":{"BZW7tGIupRz8o1GrrugjYePUNJ9cV7JrIolwH2HbhmoN":{"registrationId":109,"currentRatchet":{"ephemeralKeyPair":{"pubKey":"BTw40S7JrYLrQSuCZqmUZcbwcl9a4jRmXcW8rJX2Wz1o","privKey":"+Mw7ZaN4RYzAxwP7G1SaDZe3zWt5XvAXnKb9WxT/zFk="},"lastRemoteEphemeralKey":"BUm3TbGzf3tA2YzRsQzNZADpZs+efT+x5QZiBH6oyb9A","previousCounter":0,"rootKey":"l+fQAjxPG/o3ptq9Mje29P4p9bBQ5/1ioFlslxa9uRI="},"indexInfo":{"baseKey":"BZW7tGIupRz8o1GrrugjYePUNJ9cV7JrIolwH2HbhmoN","baseKeyType":1,"closed":-1,"used":1733667714876,"created":1733667714876,"remoteIdentityKey":"BTYv1erYHeMcWmgqHWJE1y6mHmVH5VY/3THhpQ1s7m0r"},"_chains":{"BTw40S7JrYLrQSuCZqmUZcbwcl9a4jRmXcW8rJX2Wz1o":{"chainKey":{"counter":2,"key":"B7xWE+F4JKxH8vMR0vouqvP+glC91o2O+WsydKD4GzA="},"chainType":1,"messageKeys":{}}},"pendingPreKey":{"signedKeyId":1,"baseKey":"BZW7tGIupRz8o1GrrugjYePUNJ9cV7JrIolwH2HbhmoN"}}},"version":"v1"}