{"_sessions":{"BVdSfxQ9fkhg7aTVwnMbe+lDtiQX+Mi53CPYAqEORX9z":{"registrationId":551475177,"currentRatchet":{"ephemeralKeyPair":{"pubKey":"BdaIocR78L7xusGhIvldA9YXujUlu1v4CDoOrzJpMaAQ","privKey":"MLkVR+VzjqyZbktckVw3ZDu/iC68El2mQ3FYzeEDgn8="},"lastRemoteEphemeralKey":"BXOge5adwGhcPzIwy3Akv7hkXm0M2uuierwjY1syttM0","previousCounter":0,"rootKey":"D14bQUMCb+gVDNtxL+HazuOZp0y7xGCAxpS87tUie/Y="},"indexInfo":{"baseKey":"BVdSfxQ9fkhg7aTVwnMbe+lDtiQX+Mi53CPYAqEORX9z","baseKeyType":1,"closed":-1,"used":1734011798474,"created":1734011798474,"remoteIdentityKey":"BfbrJTjgUhFLmfCVxSI92j3yd8n8VF+ig+lxcQoCDBlV"},"_chains":{"BdaIocR78L7xusGhIvldA9YXujUlu1v4CDoOrzJpMaAQ":{"chainKey":{"counter":0,"key":"mOZ/EO+EqhLCNvBO7mM2JQ/jQmE7sewaX1AQi8jQPhQ="},"chainType":1,"messageKeys":{}}},"pendingPreKey":{"signedKeyId":2,"baseKey":"BVdSfxQ9fkhg7aTVwnMbe+lDtiQX+Mi53CPYAqEORX9z","preKeyId":4417090}}},"version":"v1"}