{"_sessions":{"BTYRifMQtRyFv+2uNN2QR5Ks0cuuRab3LnCyvUc36kRY":{"registrationId":20,"currentRatchet":{"ephemeralKeyPair":{"pubKey":"Ba1Kv/pLzcw6E3CZ1rfrW/88/BQWJAVlt2wpVnqs7jco","privKey":"aMVWqcqAe6qIsxHfEOGggUfpAkbThn8EP2Os3On5X30="},"lastRemoteEphemeralKey":"BTM4Zuf5yu0xbqYRxo/cajjEYRWeabSXq6rRmioJ1spp","previousCounter":0,"rootKey":"CgCKLcWzIH5sMlbnAvpAwPBESARML5GH/AdPYD7FMlI="},"indexInfo":{"baseKey":"BTYRifMQtRyFv+2uNN2QR5Ks0cuuRab3LnCyvUc36kRY","baseKeyType":1,"closed":-1,"used":1733667577086,"created":1733667577086,"remoteIdentityKey":"BRiUee0vNOaFG9HCBZSDn01K0Mqp7/9o0Hm4ArfdzyhQ"},"_chains":{"Ba1Kv/pLzcw6E3CZ1rfrW/88/BQWJAVlt2wpVnqs7jco":{"chainKey":{"counter":2,"key":"s/PbJJsbo2VFVpAuj546h5p3xsE770D5B31a4XB3LEg="},"chainType":1,"messageKeys":{}}},"pendingPreKey":{"signedKeyId":1,"baseKey":"BTYRifMQtRyFv+2uNN2QR5Ks0cuuRab3LnCyvUc36kRY"}}},"version":"v1"}