{"_sessions":{"BS0d2d4ltsWxEfi6+CqU0l+TQrc5aN4G/cmximNAMtFN":{"registrationId":1088182445,"currentRatchet":{"ephemeralKeyPair":{"pubKey":"BVPKG9HRYkUbBNHQBLJJhx1WB0+wAZWSbw0NiBqwQ7AY","privKey":"wB2OWsM8266YncppyGXz/Qr2cuKzNDkcMTndmHDGK3k="},"lastRemoteEphemeralKey":"BbgVvYUT0w+86iDsk7T+Adis0pVS6rTHQ/EyWcvQGrAe","previousCounter":0,"rootKey":"1ae8owmMLs5yyGNI/f/xON7GdsZb4XU1DRYtkY9JQfQ="},"indexInfo":{"baseKey":"BS0d2d4ltsWxEfi6+CqU0l+TQrc5aN4G/cmximNAMtFN","baseKeyType":1,"closed":-1,"used":1733667715353,"created":1733667715353,"remoteIdentityKey":"BQgYFBAPA4NpIW5CiHUIs4wYj4nloEZOBDgIFUUUjSky"},"_chains":{"BVPKG9HRYkUbBNHQBLJJhx1WB0+wAZWSbw0NiBqwQ7AY":{"chainKey":{"counter":21,"key":"ML0jC5YxNpnkO+y5yCe0ClCj2OjiOtKeHrKFKrbSWv4="},"chainType":1,"messageKeys":{}}},"pendingPreKey":{"signedKeyId":1,"baseKey":"BS0d2d4ltsWxEfi6+CqU0l+TQrc5aN4G/cmximNAMtFN"}}},"version":"v1"}