{"_sessions":{"BTTcRoN1wf/PQFu6HDnIOvZn6XmdjiyuaNdS+aAkohI0":{"registrationId":44,"currentRatchet":{"ephemeralKeyPair":{"pubKey":"BTrw6sbpr0zVT5ReO6CSv7HTfITknvD7yHF8q+Pvpxdl","privKey":"WAduzkYt+aGWztNdYysGwg0ECCU79zp1QXH9CseebGg="},"lastRemoteEphemeralKey":"BUjmzHeAp/ZWiH+FmNaDUhQM8hxCDoYf4kmbv9qZBCxU","previousCounter":0,"rootKey":"rUUEYLH5WoVdSJfcrh7xb71jwj6liA2ngi+vEltOZf4="},"indexInfo":{"baseKey":"BTTcRoN1wf/PQFu6HDnIOvZn6XmdjiyuaNdS+aAkohI0","baseKeyType":1,"closed":-1,"used":1734066040143,"created":1734066040143,"remoteIdentityKey":"Ba6LhleIgMtZFE6xsgvFODUt+GOTFUH7j5KujUdryoRn"},"_chains":{"BTrw6sbpr0zVT5ReO6CSv7HTfITknvD7yHF8q+Pvpxdl":{"chainKey":{"counter":0,"key":"6sIo3Fwy43wg8RzMSJcTC5o5PDdXY/t95CJWGKtiN20="},"chainType":1,"messageKeys":{}}},"pendingPreKey":{"signedKeyId":1,"baseKey":"BTTcRoN1wf/PQFu6HDnIOvZn6XmdjiyuaNdS+aAkohI0"}}},"version":"v1"}