{"_sessions":{"BZtKcilsQEHaY+pObML0XR4xIX4C/DWz5Nnw93TIKCcn":{"registrationId":68660032,"currentRatchet":{"ephemeralKeyPair":{"pubKey":"BQ2LY4peCKFIG0XnfZ+P5AIBbrcR0xhjKfyAGgGcm3Jc","privKey":"uN9VEJY+GUa6gzS3AHs0WhNELNDkZJwIrY/vtd1hU2s="},"lastRemoteEphemeralKey":"BYNBrVnVYzHJ8WRGHPrraC4JFU2LvvuQcscaMP62X6Vt","previousCounter":0,"rootKey":"ZVnAVF9e15gR1Ld16f2StmU2WU3/zr5TatrFKw3Y1+I="},"indexInfo":{"baseKey":"BZtKcilsQEHaY+pObML0XR4xIX4C/DWz5Nnw93TIKCcn","baseKeyType":2,"closed":1733774541980,"used":1733773818788,"created":1733667523405,"remoteIdentityKey":"Ba6PesLY01lNoMyJaCiH4g9lvDwL3NJB9KxkZMBYXMxb"},"_chains":{"BTDD56AtGkZ6esJXvvlZ7dnGECmmy75XGiTtH4OVujYO":{"chainKey":{"counter":6},"chainType":2,"messageKeys":{}},"BbhLwI5JtgCwwAa5Iex21E1j1l8r1pOr+1NPMprnvBh3":{"chainKey":{"counter":4},"chainType":2,"messageKeys":{}},"BWRXb9vEQypX0zAwVpTPPjXG29Ekkir/HjELQQ7w4wMr":{"chainKey":{"counter":0},"chainType":2,"messageKeys":{}},"BebWCK5ZWFRzj6oR1CJXqwwobmJp2h/6fp39x1xcUe1q":{"chainKey":{"counter":0},"chainType":2,"messageKeys":{}},"BWV/VJ16da7tnXN0ELQZMtU/mezABJGR4XBuk8whRXhY":{"chainKey":{"counter":0},"chainType":2,"messageKeys":{}},"BR7UC8C8gkrxeeiRB8GEAOp2X7XYpzi+Mnh+96GaWDQf":{"chainKey":{"counter":0},"chainType":2,"messageKeys":{}},"BV0ZAB5Bgb2pRX4ikeSXIFkAsBXr9b5yCEnvIOj/fH92":{"chainKey":{"counter":0},"chainType":2,"messageKeys":{}},"BbmZ+TDZ/0rxFSzNVXSmWtP5+xtgZzMN6n4V1Ywp6ikg":{"chainKey":{"counter":0},"chainType":2,"messageKeys":{}},"BR4S7Sq8Yo9pr8kRx+9vZ/Qr0IFXZBFMKQKLwYhuSZUz":{"chainKey":{"counter":0},"chainType":2,"messageKeys":{}},"BUubcZ5qlMCc6mk/Yb2xHGdkncskej7IGpoNv+GqJ7sS":{"chainKey":{"counter":0},"chainType":2,"messageKeys":{}},"BS+H7tooKjfPX7kAopQtQCBA8v8hnDoNDHyqoceBAj1h":{"chainKey":{"counter":0},"chainType":2,"messageKeys":{}},"BSwWN5NsTIn0KofjDaCQHDBWDJfUmk9+ar9joWMYxOwW":{"chainKey":{"counter":0},"chainType":2,"messageKeys":{}},"BeXTnwom9U+zB90EaMsYg5gzsljGj3O47HkYDmvSo8lr":{"chainKey":{"counter":0},"chainType":2,"messageKeys":{}},"BZ5fBabiEWeqYHBn4qkBZnbVz8D8QCdFHN71W9q4sc1z":{"chainKey":{"counter":0},"chainType":2,"messageKeys":{}},"Ba6g3ycm8PL8vCX/TSI3f7fCF557RbKkss4EUQlK2xN+":{"chainKey":{"counter":0},"chainType":2,"messageKeys":{}},"BeyMLDcAR+sHFPmkxWB7SjqDx13izKeOM85bnzCV0KIW":{"chainKey":{"counter":0},"chainType":2,"messageKeys":{}},"BY5W0pV+spZJMF3wgWQpwg3JeuSfAG3AWJL6yD7LEpRz":{"chainKey":{"counter":0},"chainType":2,"messageKeys":{}},"BRKp1o37GhgFfELEuAUzW2T+4Fnxc68+b7vMN+cqSpAS":{"chainKey":{"counter":0},"chainType":2,"messageKeys":{}},"BYGrrL9pBkzMR/Lgy8z7TyirYvWx4uE3pcvuVpqsegEQ":{"chainKey":{"counter":0},"chainType":2,"messageKeys":{}},"BSjXv6erptLuJrkjEuapqoT9lWHrnthBINFy4Dnyh8c2":{"chainKey":{"counter":0},"chainType":2,"messageKeys":{}},"BUK+9gL2ZuIXE7az4TVixTqvGYwz9hNStwvwoLwRv0gx":{"chainKey":{"counter":0},"chainType":2,"messageKeys":{}},"BYNBrVnVYzHJ8WRGHPrraC4JFU2LvvuQcscaMP62X6Vt":{"chainKey":{"counter":0,"key":"1QZGY+WFabOtBbU41D9Mz35X52bb+0I5XLM6KHHQxnY="},"chainType":2,"messageKeys":{}},"BQ2LY4peCKFIG0XnfZ+P5AIBbrcR0xhjKfyAGgGcm3Jc":{"chainKey":{"counter":3,"key":"941n+tN47FF5CQ/HecigbgiqGrky/Ne1sTjtjaMO2cI="},"chainType":1,"messageKeys":{}}}},"BVrBIwuBdSyUElj+0FaJ5sWghABX4vpmScc5/67nZthF":{"registrationId":68660032,"currentRatchet":{"ephemeralKeyPair":{"pubKey":"BUzZDpo6ZDH7RYBTgZ5I0gUKz8kuDL+zBTRbRkJB1okH","privKey":"uDtGkmY6yF6QhGkFzgVs2711y+yg6wWMuwhiwcy211U="},"lastRemoteEphemeralKey":"BVv5GC8Ko5yieNLfL8HYWTgclt+lXGJHYEwS7bp+5aNt","previousCounter":0,"rootKey":"+NIZzU1g1+eBVeel5wzFlvHnAzQYhmE4DyfIh+Wo2Vc="},"indexInfo":{"baseKey":"BVrBIwuBdSyUElj+0FaJ5sWghABX4vpmScc5/67nZthF","baseKeyType":1,"closed":1734007351602,"used":1733775581577,"created":1733774541977,"remoteIdentityKey":"Ba6PesLY01lNoMyJaCiH4g9lvDwL3NJB9KxkZMBYXMxb"},"_chains":{"BZgaug4IJ/ynN3LBvH5tYkLcnPQ3bOeoBVm6q39PXGM3":{"chainKey":{"counter":0},"chainType":2,"messageKeys":{}},"BTNlh4U65RaGppxGc0eqBTqqoArXRYMBjPif1f/WKk5t":{"chainKey":{"counter":0},"chainType":2,"messageKeys":{}},"BVv5GC8Ko5yieNLfL8HYWTgclt+lXGJHYEwS7bp+5aNt":{"chainKey":{"counter":0,"key":"diHgbg3/qZ6QAIyY4YHPfyBO2A6VGnMsYxHKpo53anA="},"chainType":2,"messageKeys":{}},"BUzZDpo6ZDH7RYBTgZ5I0gUKz8kuDL+zBTRbRkJB1okH":{"chainKey":{"counter":0,"key":"2/Es+V/1Ao9NlvtKhvi4gvAtMdzxLahzBKLIqOkH2SE="},"chainType":1,"messageKeys":{}}}},"BXh+oa9ycAsjiWGyUeNDJeDG8+lghm21+NRE37+HLLhH":{"registrationId":68660032,"currentRatchet":{"ephemeralKeyPair":{"pubKey":"BXHNNeYWR2kdumIi3X9eG9TMf/uWcb6qfot/EM+m70Uy","privKey":"yJT6EGGGUhNYl7Mhtq1bVAuRG1DLSAkR1hvigQ5dykI="},"lastRemoteEphemeralKey":"BW3oLYHme2oYGczP8AhNc2W4YhrfhD+arxDint8yTUVP","previousCounter":0,"rootKey":"ByJQr3LMz6CpWKZl6UvYLc0X79no2kisOO2GxPgSCfQ="},"indexInfo":{"baseKey":"BXh+oa9ycAsjiWGyUeNDJeDG8+lghm21+NRE37+HLLhH","baseKeyType":1,"closed":1734049857856,"used":1734049857865,"created":1734007351593,"remoteIdentityKey":"Ba6PesLY01lNoMyJaCiH4g9lvDwL3NJB9KxkZMBYXMxb"},"_chains":{"BanBcgDkgOds7SII9kV9uqGdUbAyONTikcRdRlYUtT9B":{"chainKey":{"counter":0},"chainType":2,"messageKeys":{}},"BfvO0xM+rrNfUOO465v0XJD4SsiNEIB/ZvFakhedB/AQ":{"chainKey":{"counter":0},"chainType":2,"messageKeys":{}},"Bdua1zIDksenRY9FNmJjMg+OJKkvHl3TlQli2L+prqFj":{"chainKey":{"counter":0},"chainType":2,"messageKeys":{}},"BTl0LNsQxJN5j8eSczVEhJgQVUyBHTBdJFZDHIzo9SZt":{"chainKey":{"counter":0},"chainType":2,"messageKeys":{}},"BagafxWg0pAU2OccOSwGePb+MKwqjrhK3lrxuEah6UEP":{"chainKey":{"counter":0},"chainType":2,"messageKeys":{}},"BQ4UwXhCi1t34iurNcZNzLYk3+9QjQ59hPmRIgYXQRMD":{"chainKey":{"counter":0},"chainType":2,"messageKeys":{}},"BflxP0ijvZXoyBfLAg+kqStRlisxyP5TiDQwXtspDgwN":{"chainKey":{"counter":0},"chainType":2,"messageKeys":{}},"Bfthlm+CVD5ADFzhsy/zUIUiUmvcKd6JlYodbu4mgasM":{"chainKey":{"counter":0},"chainType":2,"messageKeys":{}},"BWMBPwFD4U8hKyxh8dTk556zKGxbTWwggn9ckcYpXDsD":{"chainKey":{"counter":0},"chainType":2,"messageKeys":{}},"BaSSd7nbTXFeb4/09iNdfNZ9AdvLU0C8CwUndQYwioIm":{"chainKey":{"counter":0},"chainType":2,"messageKeys":{}},"BV1TUeDDik4lQpwjfWuTdeTkoWOwM/hZ1TyCW5der4MR":{"chainKey":{"counter":0},"chainType":2,"messageKeys":{}},"BTibqRqIoPelf+N3lAN2E9i5IJdbaYDyg0VSnEsl/aII":{"chainKey":{"counter":0},"chainType":2,"messageKeys":{}},"BWuXO1uxyt8aE690COEC0Gyvx5UJ7OyZh27zDZ5gpfAz":{"chainKey":{"counter":0},"chainType":2,"messageKeys":{}},"BSGqpXaDOyFcXdaFIg3y/jdJxMbBKHIsbkXJEZfxRwJs":{"chainKey":{"counter":0},"chainType":2,"messageKeys":{}},"Bcc0Xs17thCHU7+X7SbAzSMn0w6pX+s9UJQHppPAwPxO":{"chainKey":{"counter":0},"chainType":2,"messageKeys":{}},"BWuvrB9catZmon53pEQyQB5R7DKgxrMkuUvk/31/3O1P":{"chainKey":{"counter":0},"chainType":2,"messageKeys":{}},"Ba5BW5SUFSnVillpggK8qy5zll6nCI2amsr4vRxeE+lT":{"chainKey":{"counter":0},"chainType":2,"messageKeys":{}},"BZLq6NVxL3n+Lbs1UwNpV+aZaJtme73qSBFt46FmXK9Y":{"chainKey":{"counter":0},"chainType":2,"messageKeys":{}},"BbqMo4Q+XHjl1VPiqqGhayRoo4rRNvTS3UCQOZp8LEdH":{"chainKey":{"counter":0},"chainType":2,"messageKeys":{}},"BR4wkaxkCv2qbd9cpAD2sM1qsMenGTirOV3GpHCUUbMQ":{"chainKey":{"counter":0},"chainType":2,"messageKeys":{}},"BSqFgWpAmGGJy4MXq/pj0ymrO5CDIRM8dX09fvLk7EIG":{"chainKey":{"counter":0},"chainType":2,"messageKeys":{}},"BWpFAh44WlW6ax+2kwY4wloxbiP30xo/MbLeW5Y1Cq5N":{"chainKey":{"counter":0},"chainType":2,"messageKeys":{}},"BX2i5bgC438Ss5xqUf2rJ7AdXpJAyuMIoIL7HCHxQqJF":{"chainKey":{"counter":0},"chainType":2,"messageKeys":{}},"BWsqu+Z0JKcEkB2fcTocZrjbEsfUWB5FIeaVPeoNJjt7":{"chainKey":{"counter":0},"chainType":2,"messageKeys":{}},"BbIVPfrX4JX9AYdSQLDnr4/l6Guo8/AZVxpNl9/aeykq":{"chainKey":{"counter":0},"chainType":2,"messageKeys":{}},"BbdCNVi35kuhBWbp/2XaaZ0rTwA0Hr7bgAZvnicy6egQ":{"chainKey":{"counter":0},"chainType":2,"messageKeys":{}},"BeCYJOqrSNBYwfVgsQA2sRM+lf9jkeD8gF048wW/Hn0X":{"chainKey":{"counter":0},"chainType":2,"messageKeys":{}},"BUnMGWAMyMyCWg43Nt4XdvEDg4UUnY6Ms8P5AGjyGIwD":{"chainKey":{"counter":0},"chainType":2,"messageKeys":{}},"BW3oLYHme2oYGczP8AhNc2W4YhrfhD+arxDint8yTUVP":{"chainKey":{"counter":0,"key":"YiGTBfaF9NWmsk1gspwzEDj7LLCHTjFaMG9hDngryVw="},"chainType":2,"messageKeys":{}},"BXHNNeYWR2kdumIi3X9eG9TMf/uWcb6qfot/EM+m70Uy":{"chainKey":{"counter":-1,"key":"rLAVPeGe2PgIHErBn3m8FBm1I9QPNPOydSna9xMtqCE="},"chainType":1,"messageKeys":{}}}},"BbnRpEyj6GDFvDupI6mhZAxaE8Q92qg1ny4+LIxsO4Vh":{"registrationId":68660032,"currentRatchet":{"ephemeralKeyPair":{"pubKey":"BWyBUS2PmugrVtJI+9bCBQ1ZzeGEcquuAAj5P/CsDjkX","privKey":"QCG2PTQQLXgJ69Jmk2n1u7AOWZHz1lhGbTtYWJbGOnQ="},"lastRemoteEphemeralKey":"BW3oLYHme2oYGczP8AhNc2W4YhrfhD+arxDint8yTUVP","previousCounter":-1,"rootKey":"Admch8PUYOx1M+iSQc9wizVgvQfC/OlLlIAUj8AESSM="},"indexInfo":{"baseKey":"BbnRpEyj6GDFvDupI6mhZAxaE8Q92qg1ny4+LIxsO4Vh","baseKeyType":1,"closed":1734050339373,"used":1734049857758,"created":1734049857758,"remoteIdentityKey":"Ba6PesLY01lNoMyJaCiH4g9lvDwL3NJB9KxkZMBYXMxb"},"_chains":{"BW3oLYHme2oYGczP8AhNc2W4YhrfhD+arxDint8yTUVP":{"chainKey":{"counter":0,"key":"Etp5gu+9SqpqLakWGBReDmIKYNN6wXWCj5tXBpnCPNM="},"chainType":2,"messageKeys":{}},"BWyBUS2PmugrVtJI+9bCBQ1ZzeGEcquuAAj5P/CsDjkX":{"chainKey":{"counter":-1,"key":"88zyF+jHA1yJhAAMHICkfUsIY8UE3j3Vg2d2yLS40Y4="},"chainType":1,"messageKeys":{}}},"pendingPreKey":{"signedKeyId":0,"baseKey":"BbnRpEyj6GDFvDupI6mhZAxaE8Q92qg1ny4+LIxsO4Vh","preKeyId":15173041}},"BdwLWuhOH14gkJ5XWyfJ6nJtXmKZ2Mm4V5q+AX7N8/4T":{"registrationId":68660032,"currentRatchet":{"ephemeralKeyPair":{"pubKey":"BfIugrhNweZTFcqLZBMuTwwn7vsLKnCDZebOyY4Gtz1h","privKey":"uLFITowV4g91b/s7Np83XyVcOx4rjThkGJvSHw/KKGs="},"lastRemoteEphemeralKey":"BWO5gNKx+D2pwqQ6vgPAgeH8pPmx2kdkkX+RPIv4qXx0","previousCounter":0,"rootKey":"t0oUyyq2SQ+Ezti3lGJeD8VKiIu3y4ZVlwQqfhKAe6Q="},"indexInfo":{"baseKey":"BdwLWuhOH14gkJ5XWyfJ6nJtXmKZ2Mm4V5q+AX7N8/4T","baseKeyType":1,"closed":1734050339735,"used":1734050339349,"created":1734050339349,"remoteIdentityKey":"Ba6PesLY01lNoMyJaCiH4g9lvDwL3NJB9KxkZMBYXMxb"},"_chains":{"BfIugrhNweZTFcqLZBMuTwwn7vsLKnCDZebOyY4Gtz1h":{"chainKey":{"counter":-1,"key":"qjCwzGDQP7eB54aiU8DTt7qQqkaLRCBFQmN/Wh35fK0="},"chainType":1,"messageKeys":{}}},"pendingPreKey":{"signedKeyId":0,"baseKey":"BdwLWuhOH14gkJ5XWyfJ6nJtXmKZ2Mm4V5q+AX7N8/4T","preKeyId":15173075}},"BXRooVBuUo3hjTEnRPAmM3C8xgIW3EjtXVk0cqgfDq9d":{"registrationId":68660032,"currentRatchet":{"ephemeralKeyPair":{"pubKey":"Bc11Mk6U2/LqJyaC201LlIU2qpsQGoFQx4qQcwqKpEx4","privKey":"iFPlZUos3secER0iemy7wLmPb4xQEoxTonHaPJ1VhW8="},"lastRemoteEphemeralKey":"BWO5gNKx+D2pwqQ6vgPAgeH8pPmx2kdkkX+RPIv4qXx0","previousCounter":0,"rootKey":"9p8Y3U4V0KTDb1aGznB6RBFmuHtMY3beM/J+jiqpWWo="},"indexInfo":{"baseKey":"BXRooVBuUo3hjTEnRPAmM3C8xgIW3EjtXVk0cqgfDq9d","baseKeyType":1,"closed":1734050786590,"used":1734050339669,"created":1734050339669,"remoteIdentityKey":"Ba6PesLY01lNoMyJaCiH4g9lvDwL3NJB9KxkZMBYXMxb"},"_chains":{"Bc11Mk6U2/LqJyaC201LlIU2qpsQGoFQx4qQcwqKpEx4":{"chainKey":{"counter":0,"key":"IpO4EW0mUpq3WGUmz2FMgWdYGOh8uvmTla9DdHhpwNI="},"chainType":1,"messageKeys":{}}},"pendingPreKey":{"signedKeyId":0,"baseKey":"BXRooVBuUo3hjTEnRPAmM3C8xgIW3EjtXVk0cqgfDq9d","preKeyId":15173587}},"BYeIGXqOw89x/3x1kvu4quywTzm8Voh8t3ERPIcXIRFx":{"registrationId":68660032,"currentRatchet":{"ephemeralKeyPair":{"pubKey":"BVqVgqP0NfP/hVkdT/SfCRDiCBIH/3nqPtx9Nsy3Vbxb","privKey":"YADzFT5hw5oQNRmXedN6AO6PT3b6X/maq4vziiA2e28="},"lastRemoteEphemeralKey":"BbfC2Un0RcFqmEcnkX7eTU0DS1D5DKa+ERMvoy7ILfIL","previousCounter":12,"rootKey":"CxK2JdxqeEc50bNsM4KA8Pcu/jv0rx6v0PgGTBmwHIY="},"indexInfo":{"baseKey":"BYeIGXqOw89x/3x1kvu4quywTzm8Voh8t3ERPIcXIRFx","baseKeyType":1,"closed":1734069101657,"used":1734066078640,"created":1734050786576,"remoteIdentityKey":"Ba6PesLY01lNoMyJaCiH4g9lvDwL3NJB9KxkZMBYXMxb"},"_chains":{"BSnT6ISY0O8sR8DzwT5LKfjGaTcyyk2bW/IO2xisZrQZ":{"chainKey":{"counter":0},"chainType":2,"messageKeys":{}},"BbFMUvWXLq1zpjrL8ukKvy8ZWVU9QQqH5jpGTqG4+GRK":{"chainKey":{"counter":0},"chainType":2,"messageKeys":{}},"BYtIPkm74CR54EcwhVNC9aIDoRFvpKbOiVeKHThlGPN/":{"chainKey":{"counter":0},"chainType":2,"messageKeys":{}},"BQaZIVRo+qCVJemCj+pbOhi1uDRYrhgtDM5owCoju25m":{"chainKey":{"counter":0},"chainType":2,"messageKeys":{}},"BZ4CGbBPPMcfdNrd10Cxfn4TAHkIMGtLnyQBK6NyYgsZ":{"chainKey":{"counter":0},"chainType":2,"messageKeys":{}},"BSGM/oczYu4JjkXwwX/ICfR/Y3Mh0EPSIK1V72Kg5REh":{"chainKey":{"counter":0},"chainType":2,"messageKeys":{}},"BbfC2Un0RcFqmEcnkX7eTU0DS1D5DKa+ERMvoy7ILfIL":{"chainKey":{"counter":1,"key":"+zYZQ95ck0xUARAe5D5ZyVbCKnH31GF6WJn9VxC6szo="},"chainType":2,"messageKeys":{"0":"jIcQTe25D7+m99JZ9O+prBe9Z4EtemE8fevCsmN1XEo="}},"BVqVgqP0NfP/hVkdT/SfCRDiCBIH/3nqPtx9Nsy3Vbxb":{"chainKey":{"counter":1,"key":"FWcxoDeabxaJH1AzDPQ3PwR/BYJISg3oviUV8qdNQh8="},"chainType":1,"messageKeys":{}}}},"BRFn1k6D4MFGien7eeGl3KeaYWNwR11DNAIDa/M2I3YW":{"registrationId":68660032,"currentRatchet":{"ephemeralKeyPair":{"pubKey":"BXFFSWWuS9dEPyuXQ0+qC1nRLDMnkmuxRNPW8+oal8JY","privKey":"SDH8bgT2qScG+/2y3D9Kl+UGsJ0fQ4kRH0uAvCljm3s="},"lastRemoteEphemeralKey":"BWO5gNKx+D2pwqQ6vgPAgeH8pPmx2kdkkX+RPIv4qXx0","previousCounter":0,"rootKey":"u36vVOXH17QyupnRT9sJH0l9DmlNiNm7USpbsjPBa6Y="},"indexInfo":{"baseKey":"BRFn1k6D4MFGien7eeGl3KeaYWNwR11DNAIDa/M2I3YW","baseKeyType":1,"closed":1734069872782,"used":1734069101651,"created":1734069101651,"remoteIdentityKey":"Ba6PesLY01lNoMyJaCiH4g9lvDwL3NJB9KxkZMBYXMxb"},"_chains":{"BXFFSWWuS9dEPyuXQ0+qC1nRLDMnkmuxRNPW8+oal8JY":{"chainKey":{"counter":-1,"key":"hfrOJp2sCn3ymGNFJb7TRb5sFZSGMPWmzTRLgXQLMIw="},"chainType":1,"messageKeys":{}}},"pendingPreKey":{"signedKeyId":0,"baseKey":"BRFn1k6D4MFGien7eeGl3KeaYWNwR11DNAIDa/M2I3YW","preKeyId":15172933}},"BRxMumF99TgWksGg/p120hQ24jWdQps7cKJibliLgCof":{"registrationId":68660032,"currentRatchet":{"ephemeralKeyPair":{"pubKey":"BQ+C1rn8uxGmOyvLlXnYkBa3z1XGWLLTNrv6Kee0vE1T","privKey":"MP8vTQqBauXYOyx2cNb6ejipzTSFOYWXv6cKAhxAvnA="},"lastRemoteEphemeralKey":"BfaT1aRAF94yRqsKKqWNlClbqK2kw7RmazA8HCEYTH59","previousCounter":0,"rootKey":"M4uIcGPQVM3Jw6p4pqa8oPlB+C5mGyGckSPXP1Pac7o="},"indexInfo":{"baseKey":"BRxMumF99TgWksGg/p120hQ24jWdQps7cKJibliLgCof","baseKeyType":1,"closed":-1,"used":1734093398071,"created":1734069872771,"remoteIdentityKey":"Ba6PesLY01lNoMyJaCiH4g9lvDwL3NJB9KxkZMBYXMxb"},"_chains":{"BWUxI0MgQT6r5ZfbQuMpCHe4D2vTgI97kCsapS5bCAZK":{"chainKey":{"counter":0},"chainType":2,"messageKeys":{}},"BWMmMAxU0EpUJkBF8h2AG1kcXCVUq16aLDLyzKhRUYpY":{"chainKey":{"counter":0},"chainType":2,"messageKeys":{}},"BYsEEgkr+PNg9G78vwFpQAluPXWW3gS4LO07WD3j9R9D":{"chainKey":{"counter":0},"chainType":2,"messageKeys":{}},"BRW+fSFcxhkRztA5/lhg0nP9o7KbrDto0yDqSu5m6QFK":{"chainKey":{"counter":0},"chainType":2,"messageKeys":{}},"BfaT1aRAF94yRqsKKqWNlClbqK2kw7RmazA8HCEYTH59":{"chainKey":{"counter":0,"key":"29gP1s0ObMk0jELFbBAPZr7+LSJC+dEcIsaflh0y1qQ="},"chainType":2,"messageKeys":{}},"BQ+C1rn8uxGmOyvLlXnYkBa3z1XGWLLTNrv6Kee0vE1T":{"chainKey":{"counter":12,"key":"g3BjyPzFXPO79d5y1ZjCIZdRxF+jwllvqAtfHQtYdvQ="},"chainType":1,"messageKeys":{}}}}},"version":"v1"}