{"_sessions":{"Bapt/VojkjGJPOrdCfyO4osiDkWsXl5SZaOx1BNMIYRu":{"registrationId":155097960,"currentRatchet":{"ephemeralKeyPair":{"pubKey":"BYYHzkJmymoU9UyENvgI4o0ZE4DZUp5V/72oafqHkhws","privKey":"6Ip4rIgT5DoErsiVVXP8PVTMEtgDKtL0CcJUi0lQ3F8="},"lastRemoteEphemeralKey":"BXRoSxSyAM2Wn8eFj8lB7GTPQADXbUNcYN8Zt+xHr/1F","previousCounter":0,"rootKey":"CPyjyxtHT/FVriOjpmyG+Waa0Gq5hK5rEots1w4BfXA="},"indexInfo":{"baseKey":"Bapt/VojkjGJPOrdCfyO4osiDkWsXl5SZaOx1BNMIYRu","baseKeyType":1,"closed":1734011805721,"used":1733667577561,"created":1733667577561,"remoteIdentityKey":"BbqgAZm6GnJ3ZfDTa/9Bbzv9pDUVznuf9FKzH7+CSqQj"},"_chains":{"BYYHzkJmymoU9UyENvgI4o0ZE4DZUp5V/72oafqHkhws":{"chainKey":{"counter":12,"key":"mOcSdKwmR9thZbiigFl8v1JjygOaPpM3/doB8/74y9A="},"chainType":1,"messageKeys":{}}},"pendingPreKey":{"signedKeyId":1,"baseKey":"Bapt/VojkjGJPOrdCfyO4osiDkWsXl5SZaOx1BNMIYRu","preKeyId":1207415}},"BQbrTVvban7dQGUjULAqXKvFBkwRFGd9y4KPxJbIBrhI":{"registrationId":1860424432,"currentRatchet":{"ephemeralKeyPair":{"pubKey":"BRYg7+ajQ4zYowNiai9IPGFJIxX5oylKJJtjewXzzCln","privKey":"sJc5ec6y7isem6O2b5GykfPcLDVUr4ISwqCYSk5Tilk="},"lastRemoteEphemeralKey":"BYI4pqeA8cQS+nSi0+F1YUyLAklE/syU00TLi47TBSpF","previousCounter":1,"rootKey":"pGjiq2CcAdJr4JN3GfJZBWVHoGmVFmpfFOlDPMI2gqU="},"indexInfo":{"baseKey":"BQbrTVvban7dQGUjULAqXKvFBkwRFGd9y4KPxJbIBrhI","baseKeyType":1,"closed":-1,"used":1734023780410,"created":1734011805697,"remoteIdentityKey":"BcQuDQx7mf66+hfS/eY6heEz3r2E5gHhPq+QdXkcN75O"},"_chains":{"BYI4pqeA8cQS+nSi0+F1YUyLAklE/syU00TLi47TBSpF":{"chainKey":{"counter":1,"key":"MDeNlFx2zYSaA11D73pob6yLhW2WsVrH8XQ/okd+CHI="},"chainType":2,"messageKeys":{}},"BRYg7+ajQ4zYowNiai9IPGFJIxX5oylKJJtjewXzzCln":{"chainKey":{"counter":11,"key":"Ghsj9YBePyfnxXVjrfLoQkIhCqk/JVyCxIKbWBl3w/k="},"chainType":1,"messageKeys":{}}}}},"version":"v1"}