{"_sessions":{"BTvjU9sAVNTbFJJQfeIw/+JtOGA99GKXRtmrMIauJSwA":{"registrationId":171,"currentRatchet":{"ephemeralKeyPair":{"pubKey":"BfIAJlNsmaqDCg3yuxv6Aaxa9Grg4T45TsHdnyfaxuh4","privKey":"eGeKbQLKn9NBoLKdB0xJfR042yuqBZo1zjtZZnZA8Gg="},"lastRemoteEphemeralKey":"BSZBsjsHE1tR+Fl+oea0WVk/pz9pCgfDKQ8+2QRfRjw7","previousCounter":0,"rootKey":"IGjPi1sX/bF/iHbjXhKd9HfAPdya3JkY3+sbsTXbSf8="},"indexInfo":{"baseKey":"BTvjU9sAVNTbFJJQfeIw/+JtOGA99GKXRtmrMIauJSwA","baseKeyType":1,"closed":-1,"used":1733667714866,"created":1733667714866,"remoteIdentityKey":"Bb4qOs+s9jLesB+6uUESUQ/K1D4f2jcPUDV/0D3n4nZu"},"_chains":{"BfIAJlNsmaqDCg3yuxv6Aaxa9Grg4T45TsHdnyfaxuh4":{"chainKey":{"counter":9,"key":"PTEZvnQdKFdqz7IdYzVb3k5shVjCurj3e9qAeRnZNfA="},"chainType":1,"messageKeys":{}}},"pendingPreKey":{"signedKeyId":1,"baseKey":"BTvjU9sAVNTbFJJQfeIw/+JtOGA99GKXRtmrMIauJSwA"}}},"version":"v1"}