{"_sessions":{"BUqaQ0kUg3jm0MtCNKi431kWPdZl0NZro9Jt3/l2y7ER":{"registrationId":56,"currentRatchet":{"ephemeralKeyPair":{"pubKey":"BRm8/yRK4Pzg8oOCy7S1ww7xBrJvaznrT/IHqBA9TV1f","privKey":"GBYVRTSopXuNOHwKq9v7OCD/QfiwmdjSqKsRDuPkCnY="},"lastRemoteEphemeralKey":"BQorHi9LBzfp2vrjAv415/0/GhxI6Njg424uJKVPl7Bt","previousCounter":0,"rootKey":"Vnmw0eAAJsEec/pnn+lznegFAoBP9BQxSBKI12b+kPc="},"indexInfo":{"baseKey":"BUqaQ0kUg3jm0MtCNKi431kWPdZl0NZro9Jt3/l2y7ER","baseKeyType":1,"closed":-1,"used":1734011791775,"created":1734011791775,"remoteIdentityKey":"BXYlPG85UsNR5ymR+7AMHsG+c2CuS6VqDBaRJ19eb08L"},"_chains":{"BRm8/yRK4Pzg8oOCy7S1ww7xBrJvaznrT/IHqBA9TV1f":{"chainKey":{"counter":14,"key":"4LXjVrC/CbI8/0lpifqfqgevQ8A4DGP7COh9m7uwJhA="},"chainType":1,"messageKeys":{}}},"pendingPreKey":{"signedKeyId":1,"baseKey":"BUqaQ0kUg3jm0MtCNKi431kWPdZl0NZro9Jt3/l2y7ER"}}},"version":"v1"}