{"_sessions":{"BSdEE1R/yjfyN1+xFL+xTVG+1uS7byU2ZVxy/hKv8qBt":{"registrationId":224340028,"currentRatchet":{"ephemeralKeyPair":{"pubKey":"BRSA5uB3BtltECZ7oEaX1F1doZdMcLnncyhY8H4vNWsh","privKey":"aD/2f5tTSfVlQm6GsnungUSS6mp0VtZJexrpNpYYXUg="},"lastRemoteEphemeralKey":"Bapez0zb6J4HvcyjBjdDQZHQ3X+1nqqcNhTmLTJ0fk0a","previousCounter":0,"rootKey":"IMCw/zX6KtnVFl+dnpvRorNKg3KsNqtv+zGi+C/ld/k="},"indexInfo":{"baseKey":"BSdEE1R/yjfyN1+xFL+xTVG+1uS7byU2ZVxy/hKv8qBt","baseKeyType":1,"closed":-1,"used":1734011797958,"created":1734011797958,"remoteIdentityKey":"BZgdvRf4cDCKd25iIXpNuPqZp8c2nTuw10SL2oodkGwu"},"_chains":{"BRSA5uB3BtltECZ7oEaX1F1doZdMcLnncyhY8H4vNWsh":{"chainKey":{"counter":0,"key":"B5EylBqBD+S7EvPVxsExw9/GipmXhaR8AyJlrlC6WO4="},"chainType":1,"messageKeys":{}}},"pendingPreKey":{"signedKeyId":46,"baseKey":"BSdEE1R/yjfyN1+xFL+xTVG+1uS7byU2ZVxy/hKv8qBt","preKeyId":5466283}}},"version":"v1"}