{"_sessions":{"BXF7sVGc40GJkSzmFXnhzsSX96lKUTH0Y81AHfDDl6QE":{"registrationId":1450004961,"currentRatchet":{"ephemeralKeyPair":{"pubKey":"Bc4wahDU7pCcxRGj8G3Sks6PkW3LMTVcZU9bZoCXU1tJ","privKey":"YI12X54YBwW3SrtJLr8mzjHkTN4o+K4tCJGShAg9Ilc="},"lastRemoteEphemeralKey":"BZ7P6PIhJ+kNF91sUdEl3Ek5cDcjvofdRU1p6qVhHNZX","previousCounter":0,"rootKey":"mfoZ3XM36/pu+5g21RS6vdEv2KqiWkQcAUKuPGJLQh8="},"indexInfo":{"baseKey":"BXF7sVGc40GJkSzmFXnhzsSX96lKUTH0Y81AHfDDl6QE","baseKeyType":1,"closed":-1,"used":1734011798091,"created":1734011798091,"remoteIdentityKey":"BbwaKPILqZJusjEfqraTQTqcjESlkO/syUbS9zkEc1d7"},"_chains":{"Bc4wahDU7pCcxRGj8G3Sks6PkW3LMTVcZU9bZoCXU1tJ":{"chainKey":{"counter":0,"key":"0JVZwAXxz6XOS7Fj/6vIM+wMLiJzdEPESDNMUtHXv8s="},"chainType":1,"messageKeys":{}}},"pendingPreKey":{"signedKeyId":5,"baseKey":"BXF7sVGc40GJkSzmFXnhzsSX96lKUTH0Y81AHfDDl6QE","preKeyId":93932}}},"version":"v1"}