{"_sessions":{"BXDDBqBp3bAQ8jkCDPcEHVchfR8Wd0ihWJKdwAGwwSVd":{"registrationId":224,"currentRatchet":{"ephemeralKeyPair":{"pubKey":"BTa90IJTQkAiYGb8QxfmN0oBfb7Gr2J8T3aGz4sx5Bcz","privKey":"sEzlP8tLIUBfbyMyvsOQOJ52UymikkNsjQWCmGEB0Hc="},"lastRemoteEphemeralKey":"BQTsBdWnwoXTyuEgpdfTwvee1vnK4ONOeySF1ufwtqpR","previousCounter":0,"rootKey":"uZkgbQO4b5tb2SYhT7/P4ImGsCpk3OzEYYL79ZCTZ3M="},"indexInfo":{"baseKey":"BXDDBqBp3bAQ8jkCDPcEHVchfR8Wd0ihWJKdwAGwwSVd","baseKeyType":1,"closed":-1,"used":1733667577181,"created":1733667577181,"remoteIdentityKey":"BTfLkgkKvNvPQmesq5alkNeI5ZzV2BbECuFmgf8+OJsS"},"_chains":{"BTa90IJTQkAiYGb8QxfmN0oBfb7Gr2J8T3aGz4sx5Bcz":{"chainKey":{"counter":3,"key":"P0xgUEFEmFOsxx6rLNIJ2Z9VRleTvmTBYbOBQa/x9Ww="},"chainType":1,"messageKeys":{}}},"pendingPreKey":{"signedKeyId":1,"baseKey":"BXDDBqBp3bAQ8jkCDPcEHVchfR8Wd0ihWJKdwAGwwSVd"}}},"version":"v1"}